student_id,cohort,age,admission_grade,international,first_gen,su_scholarship,fees_owed,moved_from_home,married,evening_programme,programme,gender,logins_total,logins_last3,logins_trend,submitted_share,missed_last3,quiz_mean,weeks_since_login,ects_passed_sem1,deregistration_form_opened,last_login_week,left
S230000,2023,19,9.1,0,1,0,0,1,0,0,Communication & Digital Media,female,57,23.0,-3.67,1.0,0.0,70.83,0.0,6,0,12,0
S230001,2023,35,5.2,0,0,0,0,0,0,0,Health Science,female,29,16.0,1.0,0.83,0.0,55.2,0.0,5,0,12,0
S230002,2023,18,6.9,0,1,0,0,0,0,0,Health Science,female,35,15.0,-1.67,1.0,0.0,67.33,0.0,8,0,12,0
S230003,2023,21,7.2,0,1,0,0,0,0,0,Communication & Digital Media,male,19,7.0,-1.67,0.33,2.0,70.0,0.0,5,0,12,0
S230004,2023,21,7.1,0,1,0,0,1,0,0,Tourism,female,34,15.0,-1.33,0.67,0.0,66.75,0.0,3,0,12,0
S230005,2023,18,7.7,0,1,0,0,1,0,0,Health Science,female,18,7.0,-1.33,0.5,2.0,65.33,0.0,3,0,12,0
S230006,2023,23,7.4,1,0,0,0,0,0,0,Learning & Innovation,female,38,20.0,0.67,1.0,0.0,64.33,0.0,16,0,12,0
S230007,2023,21,3.8,0,1,0,0,1,0,0,Tourism,female,23,10.0,-1.0,0.67,0.0,46.5,0.0,5,0,12,0
S230008,2023,28,5.6,1,1,0,0,1,0,0,Health Science,male,24,11.0,-0.67,0.67,2.0,51.0,0.0,18,0,12,0
S230009,2023,18,4.4,0,1,1,0,1,0,0,Tourism,female,61,32.0,1.0,1.0,0.0,55.67,0.0,6,0,12,0
S230010,2023,25,8.8,0,1,0,0,1,0,0,Communication & Digital Media,male,64,28.0,-2.67,0.83,0.0,68.4,0.0,17,0,12,0
S230013,2023,21,6.6,0,1,1,0,0,0,0,Health Science,male,16,6.0,-1.33,0.17,3.0,34.0,0.0,0,1,8,1
S230014,2023,19,3.9,0,0,0,0,0,0,0,Health Science,female,66,30.0,-2.0,1.0,0.0,72.67,0.0,7,0,12,0
S230015,2023,19,7.6,1,1,1,0,1,0,0,Communication & Digital Media,female,18,7.0,-1.33,0.83,0.0,53.4,0.0,6,0,12,0
S230016,2023,19,8.9,0,1,1,0,1,0,0,Health Science,female,43,25.0,2.33,0.83,0.0,72.0,0.0,8,0,12,0
S230017,2023,20,9.0,1,0,1,0,1,0,0,Health Science,female,29,13.0,-1.0,1.0,0.0,67.17,0.0,5,0,12,0
S230018,2023,25,8.3,0,0,0,0,1,0,0,Health Science,male,37,21.0,1.67,0.5,1.0,62.0,0.0,8,0,12,0
S230019,2023,19,5.2,0,1,0,0,0,0,0,Business Administration,male,35,15.0,-1.67,1.0,0.0,64.5,0.0,5,0,12,0
S230021,2023,20,9.1,0,1,0,0,0,0,0,Sustainable Biotechnology,male,26,14.0,0.67,0.83,0.0,67.0,0.0,3,0,12,0
S230022,2023,20,2.5,1,0,0,0,0,0,0,Sustainable Biotechnology,male,22,11.0,0.0,0.5,1.0,58.0,0.0,7,0,12,0
S230023,2023,44,11.2,0,1,0,0,0,1,1,Social Work,female,50,19.0,-4.0,0.83,1.0,70.8,0.0,8,0,12,0
S230024,2023,22,10.5,1,1,0,0,1,0,0,Communication & Digital Media,female,20,9.0,-0.67,0.5,1.0,82.67,0.0,6,0,12,0
S230025,2023,18,6.8,0,1,1,0,0,0,0,Tourism,male,38,21.0,1.33,1.0,0.0,57.0,0.0,3,0,12,0
S230026,2023,20,6.0,0,1,1,0,0,0,0,Business Administration,female,46,27.0,2.67,1.0,0.0,57.0,0.0,9,0,12,0
S230027,2023,33,2.2,1,1,0,0,0,1,0,Learning & Innovation,female,20,12.0,1.33,0.67,1.0,61.75,0.0,6,0,12,0
S230028,2023,37,9.9,0,1,0,0,0,0,1,Social Work,female,38,13.0,-4.0,1.0,0.0,72.83,0.0,11,0,12,0
S230029,2023,19,8.4,0,0,0,0,0,0,1,Business Administration,male,34,14.0,-2.0,0.83,1.0,66.8,0.0,4,0,12,0
S230030,2023,18,7.6,0,1,0,0,1,0,0,Health Science,female,40,23.0,2.0,0.67,0.0,58.75,0.0,7,0,12,0
S230031,2023,19,6.4,0,0,0,0,1,0,0,Software,male,15,7.0,-0.33,0.17,3.0,47.0,0.0,3,0,12,0
S230032,2023,18,9.2,0,1,1,0,1,0,0,Health Science,female,61,28.0,-1.67,1.0,0.0,73.5,0.0,8,0,12,0
S230033,2023,20,9.5,0,1,0,0,1,0,0,Communication & Digital Media,female,54,29.0,1.33,0.83,1.0,77.4,0.0,6,0,12,0
S230034,2023,22,6.9,1,1,0,0,1,0,0,Tourism,female,18,10.0,0.67,0.67,2.0,64.0,0.0,6,0,12,0
S230035,2023,60,3.7,1,1,0,0,0,1,0,Communication & Digital Media,female,25,10.0,-1.67,0.67,1.0,58.25,0.0,6,0,12,0
S230036,2023,19,2.2,0,0,0,0,0,0,1,Social Work,female,55,24.0,-2.33,0.67,0.0,46.75,0.0,5,0,12,0
S230037,2023,20,4.5,0,1,1,0,0,0,0,Social Work,female,33,17.0,0.33,0.67,1.0,51.5,0.0,5,0,12,0
S230040,2023,23,9.5,1,0,0,1,1,0,0,Health Science,female,22,12.0,0.67,0.83,1.0,69.2,0.0,7,0,12,0
S230041,2023,19,5.8,0,1,1,1,1,0,0,Business Administration,female,34,13.0,-2.67,0.83,1.0,60.2,0.0,5,0,12,0
S230043,2023,18,4.5,1,1,0,0,0,0,0,Health Science,female,21,5.0,-3.67,1.0,0.0,62.33,0.0,4,0,12,0
S230044,2023,24,3.6,0,1,1,0,0,0,0,Communication & Digital Media,female,63,34.0,1.67,1.0,0.0,53.33,0.0,4,0,12,0
S230045,2023,20,10.2,0,1,1,0,0,0,1,Social Work,female,38,19.0,0.0,1.0,0.0,73.83,0.0,6,0,12,0
S230046,2023,46,2.2,0,1,0,0,0,1,0,Learning & Innovation,female,20,9.0,-0.67,0.83,1.0,46.8,0.0,2,0,9,1
S230047,2023,21,3.9,0,0,0,0,1,0,0,Health Science,male,20,11.0,0.67,0.83,1.0,43.0,0.0,3,0,12,0
S230048,2023,27,6.4,0,1,0,0,1,0,0,Sustainable Biotechnology,male,60,40.0,6.67,0.83,0.0,60.4,0.0,18,0,12,0
S230049,2023,41,5.7,0,1,0,0,0,0,1,Business Administration,female,37,22.0,2.33,0.83,1.0,59.6,0.0,5,0,12,0
S230050,2023,19,6.7,0,1,0,0,1,0,0,Business Administration,male,73,27.0,-6.33,0.83,0.0,68.0,0.0,5,0,12,0
S230051,2023,33,6.4,0,1,0,0,1,0,0,Business Administration,female,22,8.0,-2.0,0.67,1.0,50.5,0.0,0,1,11,1
S230052,2023,18,9.8,0,0,0,0,1,0,0,Communication & Digital Media,male,19,9.0,-0.33,0.83,1.0,62.6,0.0,3,0,12,0
S230053,2023,21,8.3,0,1,1,0,0,0,0,Health Science,male,24,14.0,1.33,0.67,1.0,69.5,0.0,5,0,12,0
S230055,2023,21,5.6,0,1,0,0,0,0,0,Health Science,female,15,9.0,1.0,0.0,3.0,,0.0,3,0,11,0
S230056,2023,33,7.6,0,1,0,0,1,0,0,Software,male,34,21.0,2.67,0.83,0.0,58.8,0.0,4,0,12,0
S230057,2023,19,7.0,0,1,0,0,0,0,0,Health Science,female,44,25.0,2.0,0.83,1.0,69.2,0.0,1,1,8,1
S230058,2023,20,6.0,0,1,0,0,1,0,0,Business Administration,female,36,22.0,2.67,0.83,1.0,64.6,0.0,5,0,12,0
S230059,2023,20,6.7,0,0,0,0,1,0,0,Health Science,female,12,5.0,-0.67,0.5,2.0,52.33,0.0,3,0,12,0
S230060,2023,21,8.9,0,0,0,0,0,0,0,Sustainable Biotechnology,male,14,8.0,0.67,0.83,1.0,65.6,0.0,3,0,12,0
S230061,2023,20,4.5,0,1,0,0,1,0,0,Tourism,female,37,17.0,-1.0,0.5,2.0,54.67,0.0,6,0,12,0
S230062,2023,18,8.4,0,1,0,0,1,0,0,Health Science,female,28,10.0,-2.67,0.83,0.0,70.4,0.0,6,0,12,0
S230063,2023,25,7.6,1,1,0,0,0,0,0,Sustainable Biotechnology,male,22,13.0,1.33,0.83,1.0,73.2,0.0,7,0,12,0
S230064,2023,25,7.6,0,1,0,0,1,0,0,Business Administration,female,23,7.0,-3.0,0.5,1.0,59.67,0.0,3,0,11,0
S230065,2023,18,9.7,0,0,0,0,1,0,0,Health Science,female,66,38.0,3.33,0.5,2.0,86.67,0.0,6,0,12,0
S230066,2023,20,6.5,0,1,0,0,0,0,0,Communication & Digital Media,male,22,11.0,0.0,0.67,0.0,51.75,0.0,3,0,12,0
S230067,2023,21,6.8,1,1,0,0,1,0,0,Sustainable Biotechnology,female,21,13.0,1.67,1.0,0.0,66.33,0.0,5,1,12,0
S230068,2023,19,8.3,0,1,1,0,1,0,0,Health Science,female,44,17.0,-3.33,1.0,0.0,65.33,0.0,5,0,12,0
S230069,2023,21,8.4,1,1,0,0,1,0,0,Health Science,female,25,10.0,-1.67,0.83,0.0,64.0,0.0,5,0,12,0
S230070,2023,18,6.5,1,1,0,1,1,0,0,Communication & Digital Media,female,24,16.0,2.67,0.83,1.0,57.0,0.0,5,0,12,0
S230071,2023,20,7.5,1,0,0,1,1,0,0,Tourism,female,17,9.0,0.33,0.83,1.0,57.2,0.0,3,0,12,0
S230072,2023,19,7.4,0,1,0,0,1,0,0,Business Administration,female,32,10.0,-4.0,0.83,0.0,67.6,0.0,4,0,8,1
S230073,2023,19,7.7,0,1,1,0,1,0,0,Health Science,female,26,11.0,-1.33,0.83,1.0,62.6,0.0,1,1,11,1
S230074,2023,18,11.6,1,0,1,0,1,0,0,Communication & Digital Media,female,19,10.0,0.33,1.0,0.0,76.83,0.0,3,0,12,0
S230075,2023,19,8.2,0,1,0,0,0,0,0,Health Science,female,56,29.0,0.67,0.83,1.0,69.0,0.0,7,0,12,0
S230077,2023,23,10.6,0,1,0,0,1,0,0,Sustainable Biotechnology,male,57,28.0,-0.33,1.0,0.0,75.5,0.0,4,0,12,0
S230078,2023,19,7.8,0,1,0,0,0,0,0,Health Science,male,54,25.0,-1.33,0.83,1.0,68.4,0.0,7,0,12,0
S230079,2023,18,8.3,0,1,1,0,1,0,0,Business Administration,female,29,17.0,1.67,1.0,0.0,70.0,0.0,4,1,12,0
S230080,2023,21,4.1,0,1,1,0,1,0,0,Tourism,male,34,18.0,0.67,0.67,1.0,51.25,0.0,4,0,12,0
S230081,2023,19,5.0,0,1,0,0,1,0,1,Social Work,female,30,11.0,-2.67,1.0,0.0,52.83,0.0,4,0,12,0
S230082,2023,18,5.8,0,0,0,0,1,0,0,Learning & Innovation,female,40,26.0,4.0,1.0,0.0,67.33,0.0,6,0,12,0
S230083,2023,29,4.4,0,1,0,0,0,0,1,Business Administration,female,26,15.0,1.33,0.5,1.0,50.67,0.0,3,0,11,0
S230084,2023,19,11.1,0,0,0,0,1,0,0,Communication & Digital Media,male,16,4.0,-2.67,0.33,2.0,70.0,0.0,3,0,12,0
S230086,2023,33,2.2,1,1,0,0,0,1,0,Learning & Innovation,female,21,10.0,-0.33,0.83,0.0,60.4,0.0,6,0,12,0
S230087,2023,23,7.8,1,0,0,0,0,0,0,Learning & Innovation,female,33,13.0,-2.33,1.0,0.0,73.5,0.0,16,0,12,0
S230090,2023,19,10.5,1,1,0,0,1,0,0,Communication & Digital Media,female,10,3.0,-1.33,0.67,1.0,68.5,0.0,3,0,12,0
S230091,2023,20,8.7,1,1,0,1,0,0,0,Business Administration,male,31,14.0,-1.0,1.0,0.0,60.0,0.0,3,0,12,0
S230092,2023,23,5.0,0,1,1,0,0,0,0,Communication & Digital Media,female,32,15.0,-0.67,0.67,1.0,58.5,0.0,6,0,12,0
S230094,2023,18,6.4,0,1,1,0,1,0,0,Tourism,female,33,12.0,-3.0,0.83,0.0,63.4,0.0,4,0,12,0
S230095,2023,18,8.3,0,0,0,0,0,0,0,Communication & Digital Media,male,35,20.0,1.67,0.83,1.0,66.2,0.0,12,0,12,0
S230097,2023,22,7.2,0,1,0,1,0,0,0,Social Work,female,25,11.0,-1.0,0.83,0.0,60.4,0.0,8,0,12,0
S230098,2023,22,8.5,1,1,0,1,0,0,0,Communication & Digital Media,female,2,0.0,-0.67,0.17,2.0,39.0,3.0,1,1,3,1
S230099,2023,20,8.3,1,0,0,1,1,0,0,Tourism,female,25,7.0,-3.67,0.67,0.0,62.25,0.0,3,0,12,0
S230100,2023,35,10.2,0,1,0,0,1,1,0,Sustainable Biotechnology,male,15,5.0,-1.67,0.5,2.0,77.33,0.0,0,0,9,1
S230101,2023,39,9.8,0,1,0,0,0,0,0,Software,male,38,22.0,2.0,0.83,1.0,69.6,0.0,3,0,12,0
S230102,2023,21,7.5,0,1,0,0,0,0,0,Social Work,female,18,5.0,-2.67,1.0,0.0,59.0,0.0,3,0,12,0
S230103,2023,43,8.8,0,1,1,0,0,1,0,Communication & Digital Media,female,37,22.0,2.33,1.0,0.0,69.83,0.0,5,0,12,0
S230104,2023,25,5.8,1,1,0,1,0,0,1,Social Work,female,57,26.0,-1.67,1.0,0.0,64.0,0.0,6,0,12,0
S230105,2023,29,4.9,0,1,0,0,1,0,1,Social Work,female,41,21.0,0.33,1.0,0.0,53.5,0.0,9,0,12,0
S230106,2023,19,7.3,0,1,1,1,1,0,0,Communication & Digital Media,male,49,18.0,-4.33,1.0,0.0,69.5,0.0,6,0,12,0
S230107,2023,21,5.6,1,1,0,0,1,0,0,Health Science,female,26,11.0,-1.33,0.83,1.0,63.4,0.0,4,0,12,0
S230108,2023,21,4.5,0,1,0,0,1,0,0,Communication & Digital Media,male,28,16.0,1.33,0.5,1.0,54.67,0.0,3,0,12,0
S230109,2023,32,9.7,0,1,1,0,0,0,1,Business Administration,male,58,29.0,0.0,1.0,0.0,72.33,0.0,10,0,12,0
S230110,2023,18,7.0,0,1,0,0,1,0,0,Health Science,female,49,29.0,3.0,1.0,0.0,64.17,0.0,7,0,12,0
S230111,2023,50,10.5,0,1,0,0,0,1,0,Health Science,female,45,17.0,-3.67,1.0,0.0,76.5,0.0,6,0,12,0
S230112,2023,19,9.2,0,1,0,0,1,0,0,Communication & Digital Media,female,38,19.0,0.0,0.67,1.0,61.0,0.0,3,0,12,0
S230113,2023,18,7.4,0,0,0,0,0,0,0,Health Science,male,44,21.0,-0.67,0.83,0.0,71.0,0.0,7,1,10,1
S230114,2023,18,7.1,0,0,1,0,1,0,0,Communication & Digital Media,female,36,20.0,1.33,0.83,1.0,57.4,0.0,6,0,12,0
S230115,2023,21,9.0,0,0,0,0,1,0,0,Communication & Digital Media,male,38,18.0,-0.67,0.83,1.0,63.2,0.0,6,0,12,0
S230116,2023,20,7.2,0,1,1,0,1,0,0,Health Science,female,56,39.0,7.33,0.83,1.0,68.2,0.0,7,0,12,0
S230117,2023,18,5.9,0,1,1,0,1,0,0,Social Work,female,49,22.0,-1.67,0.5,2.0,55.33,0.0,6,0,12,0
S230118,2023,39,8.5,0,1,0,0,1,1,1,Business Administration,male,52,27.0,0.67,0.67,1.0,77.5,0.0,4,0,12,0
S230120,2023,19,7.3,0,1,1,0,1,0,0,Communication & Digital Media,male,65,32.0,-0.33,1.0,0.0,67.17,0.0,6,0,12,0
S230122,2023,18,6.7,0,1,1,0,1,0,0,Business Administration,male,58,27.0,-1.33,1.0,0.0,65.33,0.0,5,0,12,0
S230123,2023,18,7.1,0,1,1,0,1,0,0,Communication & Digital Media,male,31,17.0,1.0,0.83,0.0,58.4,0.0,3,0,12,0
S230124,2023,33,5.9,0,1,0,0,1,1,1,Social Work,female,42,25.0,2.67,0.83,0.0,57.0,0.0,6,0,12,0
S230126,2023,19,8.3,0,1,1,0,1,0,0,Communication & Digital Media,male,8,6.0,1.33,0.5,2.0,58.0,0.0,3,0,12,0
S230127,2023,19,6.7,0,1,0,0,1,0,0,Health Science,female,36,22.0,2.67,0.83,1.0,66.2,0.0,5,0,11,0
S230128,2023,18,8.6,0,0,0,0,1,0,0,Communication & Digital Media,male,36,20.0,1.33,0.67,1.0,64.5,0.0,4,0,12,0
S230129,2023,19,7.2,1,1,0,0,0,0,0,Business Administration,female,35,14.0,-2.33,0.83,0.0,59.6,0.0,4,0,12,0
S230130,2023,18,9.2,1,1,0,1,0,0,0,Health Science,female,9,6.0,1.0,0.67,0.0,57.25,1.0,3,0,10,0
S230133,2023,19,9.8,0,1,1,0,1,0,0,Learning & Innovation,female,35,18.0,0.33,1.0,0.0,64.0,0.0,5,0,12,0
S230134,2023,22,5.8,0,1,0,0,0,0,0,Tourism,male,34,18.0,0.67,0.83,0.0,62.0,0.0,6,0,12,0
S230135,2023,26,7.2,0,1,0,0,0,0,0,Tourism,male,24,11.0,-0.67,0.83,0.0,58.2,0.0,6,0,12,0
S230136,2023,25,6.6,1,1,0,1,0,0,1,Social Work,female,25,14.0,1.0,0.67,1.0,53.0,0.0,6,0,12,0
S230137,2023,18,10.2,0,1,0,1,0,0,0,Learning & Innovation,female,21,13.0,1.67,0.83,0.0,86.2,0.0,5,0,12,0
S230139,2023,20,7.3,1,1,1,0,1,0,0,Tourism,female,21,10.0,-0.33,1.0,0.0,61.5,0.0,6,0,12,0
S230140,2023,18,6.9,0,0,0,0,1,0,0,Health Science,female,30,15.0,0.0,0.83,1.0,60.4,0.0,6,0,12,0
S230141,2023,23,8.3,1,0,0,0,0,0,0,Learning & Innovation,female,27,9.0,-3.0,0.83,1.0,61.2,0.0,16,0,12,0
S230142,2023,31,11.6,1,1,1,0,0,0,1,Business Administration,female,24,13.0,0.67,0.83,0.0,87.6,0.0,4,0,12,0
S230143,2023,18,8.6,0,1,0,0,0,0,0,Social Work,female,18,7.0,-1.33,0.5,2.0,57.67,0.0,3,0,11,0
S230144,2023,18,7.1,0,1,1,0,1,0,0,Communication & Digital Media,male,64,31.0,-0.67,0.83,0.0,73.4,0.0,6,0,12,0
S230145,2023,19,9.2,0,1,0,0,0,0,0,Health Science,female,58,38.0,6.0,1.0,0.0,74.0,0.0,5,0,12,0
S230146,2023,24,4.5,1,1,1,0,0,0,0,Communication & Digital Media,male,10,4.0,-0.67,0.5,2.0,50.33,0.0,3,0,11,0
S230147,2023,18,6.1,0,0,0,0,1,0,0,Business Administration,female,41,17.0,-2.33,0.83,0.0,59.8,0.0,4,0,12,0
S230148,2023,18,5.7,0,0,1,0,1,0,0,Learning & Innovation,female,34,15.0,-1.33,0.83,1.0,67.0,0.0,7,1,11,1
S230150,2023,20,7.4,1,1,1,0,1,0,0,Health Science,female,15,5.0,-1.67,0.83,0.0,65.4,0.0,8,0,12,0
S230151,2023,19,8.8,0,1,0,0,0,0,0,Health Science,female,18,7.0,-1.33,0.17,2.0,63.0,0.0,3,0,12,0
S230152,2023,18,11.2,0,1,1,1,0,0,0,Communication & Digital Media,female,32,15.0,-0.67,1.0,0.0,77.33,0.0,6,0,12,0
S230153,2023,18,9.9,0,1,1,0,1,0,0,Social Work,female,87,42.0,-1.0,1.0,0.0,78.33,0.0,6,0,12,0
S230154,2023,21,4.8,0,1,1,0,0,0,0,Social Work,female,35,14.0,-2.33,1.0,0.0,56.83,0.0,5,0,12,0
S230155,2023,18,5.2,0,1,0,0,1,0,0,Health Science,female,36,18.0,0.0,1.0,0.0,57.83,0.0,4,0,12,0
S230156,2023,20,4.8,0,0,0,0,0,0,0,Business Administration,female,31,12.0,-2.33,1.0,0.0,49.83,0.0,6,0,12,0
S230157,2023,18,10.5,0,0,0,0,0,0,0,Sustainable Biotechnology,male,39,16.0,-2.33,1.0,0.0,78.17,0.0,0,1,9,1
S230158,2023,20,6.4,1,1,0,0,1,0,0,Software,male,11,4.0,-1.0,0.5,2.0,61.0,0.0,4,0,12,0
S230159,2023,18,7.4,0,1,1,0,0,0,0,Communication & Digital Media,female,34,15.0,-1.33,0.67,1.0,60.25,0.0,3,0,12,0
S230160,2023,26,8.5,0,1,0,0,0,0,1,Business Administration,female,27,12.0,-1.0,0.83,0.0,62.8,0.0,3,0,12,0
S230163,2023,18,7.7,0,1,1,0,1,0,0,Health Science,female,46,23.0,0.0,0.83,0.0,67.2,0.0,6,0,12,0
S230164,2023,33,4.7,0,1,0,0,0,1,1,Social Work,female,29,14.0,-0.33,0.83,1.0,65.0,0.0,5,0,12,0
S230165,2023,19,10.1,0,1,1,0,0,0,0,Health Science,female,37,11.0,-5.0,1.0,0.0,66.67,0.0,5,0,12,0
S230166,2023,36,9.2,0,1,0,0,0,0,0,Health Science,male,16,7.0,-0.67,0.5,2.0,57.0,1.0,3,0,12,0
S230167,2023,19,5.6,0,1,0,0,0,0,0,Communication & Digital Media,female,30,18.0,2.0,1.0,0.0,60.67,0.0,5,0,12,0
S230168,2023,20,6.0,1,0,0,1,0,0,0,Sustainable Biotechnology,female,20,13.0,2.0,0.67,1.0,58.25,0.0,3,0,12,0
S230169,2023,18,4.3,0,0,0,0,1,0,0,Software,male,33,16.0,-0.33,0.67,2.0,59.25,0.0,5,0,11,0
S230170,2023,18,7.3,0,1,0,0,1,0,0,Health Science,female,47,14.0,-6.33,1.0,0.0,72.0,0.0,7,0,12,0
S230171,2023,20,5.2,0,1,0,0,0,0,0,Tourism,male,31,13.0,-1.67,0.83,0.0,51.8,0.0,6,0,12,0
S230172,2023,21,5.8,0,1,0,0,1,0,0,Learning & Innovation,female,14,2.0,-3.33,0.5,2.0,61.67,1.0,3,0,12,0
S230173,2023,23,5.4,0,1,0,0,1,0,0,Business Administration,female,21,9.0,-1.0,0.67,1.0,47.25,0.0,3,0,7,1
S230174,2023,23,8.5,0,1,1,0,1,0,0,Communication & Digital Media,female,40,20.0,0.0,0.83,1.0,66.8,0.0,6,0,12,0
S230175,2023,18,12.0,1,0,0,0,1,0,0,Health Science,female,14,7.0,0.0,1.0,0.0,95.67,0.0,4,0,12,0
S230176,2023,24,7.3,0,0,0,0,1,0,1,Business Administration,male,48,20.0,-2.67,0.67,2.0,71.5,0.0,5,1,9,1
S230177,2023,21,9.6,0,1,0,1,1,0,0,Communication & Digital Media,male,53,22.0,-3.0,1.0,0.0,63.33,0.0,11,0,12,0
S230178,2023,19,8.1,0,1,0,0,0,0,0,Social Work,male,44,15.0,-4.67,1.0,0.0,60.67,0.0,5,0,12,0
S230179,2023,20,10.1,0,1,1,0,1,0,0,Communication & Digital Media,male,40,17.0,-2.0,0.83,0.0,76.8,0.0,12,0,12,0
S230180,2023,20,11.1,0,1,1,0,1,0,0,Communication & Digital Media,male,14,6.0,-0.67,0.5,1.0,73.33,0.0,3,0,11,0
S230181,2023,41,5.4,0,1,1,0,0,1,1,Social Work,female,17,9.0,0.33,0.83,1.0,65.2,0.0,6,0,12,0
S230182,2023,18,4.8,0,0,0,0,1,0,0,Social Work,female,38,16.0,-2.0,0.83,0.0,57.6,0.0,6,0,12,0
S230183,2023,18,7.7,0,1,0,0,1,0,0,Health Science,female,48,30.0,4.0,1.0,0.0,70.83,0.0,4,0,12,0
S230184,2023,21,6.2,0,1,0,0,1,0,0,Health Science,female,24,12.0,0.0,0.83,0.0,64.6,0.0,3,0,12,0
S230185,2023,18,6.6,0,1,0,0,1,0,0,Software,male,71,31.0,-3.0,1.0,0.0,64.67,0.0,5,0,12,0
S230186,2023,20,8.2,0,1,0,0,1,0,0,Business Administration,female,65,40.0,5.0,0.83,1.0,65.0,0.0,4,0,12,0
S230187,2023,26,8.4,1,0,0,1,0,0,0,Business Administration,male,16,6.0,-1.33,0.67,2.0,68.75,0.0,3,0,10,0
S230188,2023,20,6.8,0,0,0,0,1,0,0,Health Science,female,40,18.0,-1.33,1.0,0.0,63.0,0.0,6,0,12,0
S230189,2023,19,9.6,1,1,0,0,1,0,0,Tourism,female,42,18.0,-2.0,1.0,0.0,75.17,0.0,6,0,12,0
S230190,2023,19,11.9,0,1,1,0,1,0,0,Sustainable Biotechnology,male,38,18.0,-0.67,1.0,0.0,85.17,0.0,6,0,12,0
S230191,2023,21,5.3,0,1,1,0,1,0,0,Social Work,female,33,18.0,1.0,0.83,0.0,53.4,0.0,6,0,12,0
S230192,2023,18,7.7,0,1,1,0,1,0,0,Health Science,female,38,24.0,3.33,0.67,1.0,73.75,0.0,7,0,12,0
S230193,2023,18,7.4,0,1,0,0,1,0,0,Learning & Innovation,female,56,26.0,-1.33,1.0,0.0,69.33,0.0,6,0,12,0
S230194,2023,18,8.6,0,1,0,0,0,0,0,Business Administration,male,17,10.0,1.0,1.0,0.0,66.5,0.0,0,1,8,1
S230195,2023,18,5.8,0,0,0,0,1,0,0,Health Science,female,27,15.0,1.0,0.33,3.0,59.5,0.0,6,0,12,0
S230196,2023,18,6.0,0,1,0,0,1,0,0,Software,male,32,22.0,4.0,0.83,0.0,54.2,0.0,3,1,9,1
S230197,2023,18,8.9,0,1,0,0,1,0,0,Communication & Digital Media,female,45,27.0,3.0,1.0,0.0,69.17,0.0,6,0,12,0
S230198,2023,19,7.3,0,0,0,0,1,0,0,Health Science,female,44,14.0,-5.33,0.67,2.0,61.0,0.0,7,0,12,0
S230199,2023,37,2.0,0,1,0,0,0,0,1,Social Work,female,18,9.0,0.0,0.5,2.0,50.33,0.0,3,0,12,0
S230200,2023,32,6.4,0,1,0,0,0,0,0,Health Science,female,8,6.0,1.33,0.0,3.0,,0.0,0,1,11,1
S230201,2023,21,9.0,0,1,0,0,1,0,0,Health Science,female,22,11.0,0.0,0.83,1.0,70.0,0.0,5,0,12,0
S230202,2023,32,4.0,0,1,1,0,0,1,1,Social Work,female,37,17.0,-1.0,1.0,0.0,68.33,0.0,6,0,12,0
S230203,2023,21,10.8,0,0,0,0,1,0,0,Sustainable Biotechnology,male,22,10.0,-0.67,1.0,0.0,65.83,0.0,12,0,12,0
S230204,2023,20,7.4,0,1,0,0,1,0,0,Business Administration,female,29,16.0,1.0,0.5,0.0,65.67,0.0,4,0,12,0
S230205,2023,21,6.1,0,0,0,0,0,0,0,Communication & Digital Media,male,30,12.0,-2.0,0.67,0.0,56.75,0.0,5,1,9,1
S230206,2023,18,8.6,0,1,1,0,1,0,0,Health Science,female,42,19.0,-1.33,0.83,1.0,72.0,0.0,7,0,12,0
S230207,2023,18,8.6,0,1,1,0,1,0,0,Business Administration,female,43,28.0,4.33,1.0,0.0,72.0,0.0,5,0,12,0
S230208,2023,20,7.1,0,1,0,0,1,0,0,Health Science,female,47,28.0,3.0,0.83,1.0,70.2,0.0,6,0,12,0
S230209,2023,19,6.1,1,0,0,0,1,0,0,Software,male,26,15.0,1.33,1.0,0.0,61.83,0.0,5,0,12,0
S230210,2023,21,9.1,0,1,0,0,0,0,0,Communication & Digital Media,male,17,8.0,-0.33,0.33,2.0,42.0,0.0,3,0,12,0
S230211,2023,18,7.0,0,1,1,0,1,0,0,Health Science,female,27,9.0,-3.0,0.5,2.0,73.33,0.0,5,0,12,0
S230212,2023,19,7.8,0,1,1,0,0,0,0,Tourism,female,41,21.0,0.33,0.5,2.0,65.67,0.0,4,0,12,0
S230213,2023,21,9.9,0,1,0,1,1,0,0,Communication & Digital Media,female,27,12.0,-1.0,1.0,0.0,70.33,0.0,5,0,12,0
S230214,2023,22,5.6,1,1,0,0,1,0,0,Communication & Digital Media,female,48,20.0,-2.67,0.83,0.0,68.8,0.0,6,0,12,0
S230215,2023,19,5.5,0,1,0,1,1,0,0,Social Work,female,23,9.0,-1.67,0.33,3.0,47.0,0.0,3,0,12,0
S230216,2023,18,6.0,0,1,1,0,0,0,0,Communication & Digital Media,female,45,28.0,3.67,1.0,0.0,54.5,0.0,6,0,12,0
S230217,2023,34,4.8,1,1,0,0,0,0,1,Business Administration,female,19,9.0,-0.33,1.0,0.0,59.0,0.0,3,0,12,0
S230218,2023,25,6.4,1,1,0,1,0,0,1,Social Work,female,24,11.0,-0.67,1.0,0.0,54.83,0.0,6,0,12,0
S230219,2023,24,9.1,0,1,0,0,0,0,0,Communication & Digital Media,male,23,8.0,-2.33,1.0,0.0,59.5,0.0,4,0,12,0
S230220,2023,19,7.2,1,1,1,0,1,0,0,Communication & Digital Media,female,41,22.0,1.0,1.0,0.0,69.17,0.0,6,0,12,0
S230221,2023,21,5.8,0,1,0,1,1,0,0,Communication & Digital Media,male,58,25.0,-2.67,1.0,0.0,58.17,0.0,4,0,12,0
S230222,2023,26,6.5,1,1,0,1,0,0,1,Social Work,female,29,10.0,-3.0,1.0,0.0,58.83,0.0,6,0,12,0
S230223,2023,18,7.4,0,1,1,0,1,0,0,Learning & Innovation,female,44,23.0,0.67,1.0,0.0,68.83,0.0,7,0,12,0
S230224,2023,26,6.0,0,1,0,0,0,0,0,Sustainable Biotechnology,female,42,16.0,-3.33,0.83,0.0,62.4,0.0,20,0,12,0
S230225,2023,30,9.5,0,1,0,0,0,1,0,Sustainable Biotechnology,female,43,19.0,-1.67,1.0,0.0,72.0,0.0,18,0,12,0
S230226,2023,20,5.1,0,1,1,0,1,0,0,Health Science,female,33,15.0,-1.0,0.83,1.0,57.4,0.0,7,0,12,0
S230227,2023,32,8.4,0,1,0,0,0,0,0,Communication & Digital Media,female,16,9.0,0.67,0.17,3.0,48.0,1.0,0,0,7,1
S230228,2023,23,2.0,1,0,0,1,0,0,0,Software,male,23,12.0,0.33,0.83,0.0,46.0,0.0,7,0,12,0
S230229,2023,20,6.6,0,1,0,0,0,0,0,Health Science,male,30,11.0,-2.67,0.67,1.0,57.75,0.0,7,0,12,0
S230230,2023,19,7.2,1,1,0,0,1,0,0,Sustainable Biotechnology,female,14,10.0,2.0,0.67,1.0,61.0,0.0,5,0,12,0
S230232,2023,22,2.5,0,0,0,1,1,0,0,Business Administration,female,24,10.0,-1.33,0.5,1.0,43.0,0.0,3,0,12,0
S230233,2023,34,11.0,0,1,0,0,0,0,1,Business Administration,male,44,24.0,1.33,0.83,1.0,78.4,0.0,5,0,12,0
S230234,2023,22,6.8,0,0,0,0,0,0,0,Social Work,male,32,16.0,0.0,0.83,1.0,65.8,0.0,5,0,12,0
S230235,2023,18,9.0,0,1,1,0,1,0,0,Communication & Digital Media,female,57,29.0,0.33,1.0,0.0,69.0,0.0,6,0,12,0
S230236,2023,25,5.2,0,1,1,0,0,0,0,Communication & Digital Media,male,48,24.0,0.0,1.0,0.0,69.0,0.0,6,0,12,0
S230237,2023,21,9.6,0,1,0,0,1,0,0,Health Science,male,28,16.0,1.33,1.0,0.0,71.67,0.0,0,1,9,1
S230238,2023,18,9.2,0,1,1,0,0,0,0,Health Science,male,42,25.0,2.67,0.83,0.0,78.4,0.0,8,0,12,0
S230239,2023,18,7.6,0,1,1,0,1,0,0,Health Science,female,44,24.0,1.33,1.0,0.0,74.17,0.0,6,0,12,0
S230240,2023,23,8.3,0,1,0,0,1,0,0,Business Administration,female,37,19.0,0.33,1.0,0.0,70.67,0.0,3,0,12,0
S230241,2023,18,11.3,0,1,0,0,1,0,0,Communication & Digital Media,female,11,4.0,-1.0,0.5,1.0,64.0,1.0,3,0,12,0
S230242,2023,29,10.6,1,0,0,0,1,1,0,Health Science,female,39,14.0,-3.67,0.83,0.0,86.8,0.0,7,0,12,0
S230243,2023,18,9.8,0,0,0,0,1,0,0,Sustainable Biotechnology,female,68,31.0,-2.0,0.83,1.0,79.6,0.0,4,0,12,0
S230244,2023,18,9.7,0,1,1,0,0,0,0,Health Science,male,29,14.0,-0.33,1.0,0.0,82.17,0.0,7,0,12,0
S230246,2023,21,3.8,0,1,1,0,1,0,0,Business Administration,female,58,27.0,-1.33,1.0,0.0,58.83,0.0,5,0,12,0
S230247,2023,19,4.8,0,1,0,0,1,0,0,Communication & Digital Media,female,36,20.0,1.33,0.83,0.0,52.0,0.0,6,0,12,0
S230248,2023,18,10.2,0,1,1,0,0,0,0,Social Work,male,33,17.0,0.33,1.0,0.0,80.0,0.0,6,0,12,0
S230249,2023,18,8.7,0,1,1,0,1,0,0,Health Science,female,27,14.0,0.33,1.0,0.0,61.83,0.0,3,0,12,0
S230251,2023,21,6.0,0,1,0,0,1,0,0,Health Science,female,36,19.0,0.67,1.0,0.0,60.5,0.0,6,0,12,0
S230252,2023,19,5.9,1,0,0,0,1,0,0,Software,male,34,16.0,-0.67,1.0,0.0,56.33,0.0,5,0,12,0
S230253,2023,31,9.0,0,1,0,0,0,0,0,Communication & Digital Media,female,47,25.0,1.0,0.83,0.0,61.8,0.0,5,0,12,0
S230254,2023,19,8.4,1,1,0,0,0,0,0,Business Administration,male,22,12.0,0.67,0.83,0.0,67.8,0.0,5,0,12,0
S230255,2023,24,3.6,1,0,0,1,0,0,0,Software,male,24,18.0,4.0,0.5,1.0,59.67,0.0,7,0,12,0
S230256,2023,20,9.7,1,1,1,0,1,0,0,Communication & Digital Media,female,6,2.0,-0.67,0.67,0.0,59.25,0.0,3,1,12,0
S230257,2023,21,4.0,0,1,1,0,1,0,0,Communication & Digital Media,female,47,24.0,0.33,1.0,0.0,51.67,0.0,4,0,12,0
S230258,2023,58,3.9,1,1,0,0,0,1,0,Communication & Digital Media,female,49,20.0,-3.0,1.0,0.0,62.67,0.0,6,0,12,0
S230259,2023,20,7.7,0,1,0,0,1,0,0,Health Science,female,28,18.0,2.67,0.5,1.0,69.0,0.0,7,0,12,0
S230260,2023,21,6.5,0,1,0,0,1,0,0,Tourism,male,30,20.0,3.33,1.0,0.0,54.0,0.0,6,0,12,0
S230261,2023,21,4.8,0,1,1,0,1,0,0,Health Science,female,31,16.0,0.33,0.5,1.0,56.33,0.0,7,0,12,0
S230262,2023,18,4.2,0,0,0,0,1,0,0,Learning & Innovation,female,35,16.0,-1.0,0.67,2.0,52.0,0.0,5,0,12,0
S230264,2023,26,8.9,0,0,0,0,0,0,1,Social Work,female,45,27.0,3.0,0.5,2.0,75.67,0.0,9,0,12,0
S230265,2023,20,9.0,1,1,1,1,0,0,0,Communication & Digital Media,female,18,8.0,-0.67,0.83,1.0,72.4,0.0,6,0,12,0
S230266,2023,18,8.2,0,1,1,0,0,0,0,Communication & Digital Media,male,34,17.0,0.0,0.83,1.0,61.4,0.0,5,0,12,0
S230267,2023,20,10.1,1,1,0,0,1,0,0,Communication & Digital Media,male,17,10.0,1.0,0.33,3.0,57.5,0.0,3,0,12,0
S230268,2023,18,7.4,0,1,1,0,1,0,0,Social Work,female,35,16.0,-1.0,1.0,0.0,62.67,0.0,6,0,12,0
S230269,2023,18,7.3,0,1,0,0,0,0,0,Business Administration,male,30,16.0,0.67,1.0,0.0,59.83,0.0,3,0,12,0
S230270,2023,19,6.9,0,1,0,0,1,0,0,Health Science,female,17,10.0,1.0,0.83,1.0,52.0,0.0,0,1,7,1
S230271,2023,20,9.6,0,0,1,0,1,0,0,Communication & Digital Media,male,51,31.0,3.67,1.0,0.0,75.83,0.0,6,0,12,0
S230272,2023,22,6.9,0,1,0,0,1,0,0,Sustainable Biotechnology,female,56,29.0,0.67,0.83,0.0,66.4,0.0,18,0,12,0
S230273,2023,19,6.9,0,1,1,0,1,0,0,Health Science,female,41,19.0,-1.0,1.0,0.0,61.5,0.0,6,0,12,0
S230275,2023,19,7.4,0,1,1,0,1,0,0,Health Science,female,37,25.0,4.33,1.0,0.0,66.0,0.0,7,0,12,0
S230276,2023,30,7.9,1,1,0,0,0,1,0,Communication & Digital Media,female,13,3.0,-2.33,0.33,2.0,52.5,0.0,3,0,12,0
S230277,2023,18,6.8,0,1,1,0,1,0,0,Communication & Digital Media,female,54,24.0,-2.0,1.0,0.0,66.17,0.0,6,0,12,0
S230278,2023,22,2.4,1,0,0,1,0,0,0,Software,male,21,9.0,-1.0,0.83,1.0,53.4,0.0,3,0,12,0
S230279,2023,22,7.7,1,1,0,0,1,0,0,Health Science,female,20,9.0,-0.67,0.83,0.0,63.0,0.0,5,0,12,0
S230280,2023,18,5.9,1,1,0,1,1,0,0,Communication & Digital Media,female,18,10.0,0.67,0.67,1.0,61.25,0.0,2,1,9,1
S230281,2023,19,6.4,0,1,0,0,0,0,0,Health Science,female,31,13.0,-1.67,0.83,1.0,58.0,0.0,4,0,12,0
S230282,2023,37,4.8,0,1,0,0,0,1,1,Social Work,female,22,13.0,1.33,0.5,1.0,45.67,0.0,3,0,12,0
S230283,2023,34,6.8,0,0,0,0,1,0,0,Health Science,female,43,23.0,1.0,0.67,0.0,45.5,0.0,7,0,12,0
S230284,2023,18,7.7,0,1,0,0,1,0,0,Health Science,female,43,22.0,0.33,1.0,0.0,74.33,0.0,7,0,12,0
S230285,2023,59,3.8,1,1,0,0,0,1,0,Communication & Digital Media,female,26,12.0,-0.67,1.0,0.0,61.5,0.0,6,0,12,0
S230286,2023,20,6.5,0,1,0,0,0,1,0,Sustainable Biotechnology,female,44,13.0,-6.0,1.0,0.0,64.5,0.0,6,0,12,0
S230287,2023,18,9.0,0,1,1,0,1,0,0,Social Work,female,32,14.0,-1.33,0.83,0.0,67.6,0.0,6,0,12,0
S230288,2023,36,5.6,0,1,0,1,0,1,0,Sustainable Biotechnology,female,45,23.0,0.33,1.0,0.0,67.33,0.0,6,0,12,0
S230289,2023,20,7.1,1,1,0,0,1,0,0,Health Science,female,19,8.0,-1.0,0.83,0.0,67.4,0.0,7,0,12,0
S230290,2023,19,10.2,0,0,1,0,0,0,0,Software,male,12,3.0,-2.0,0.67,1.0,62.75,1.0,0,1,5,1
S230291,2023,22,3.9,0,1,0,0,1,0,0,Health Science,male,41,24.0,2.33,0.33,1.0,41.5,0.0,6,0,12,0
S230292,2023,21,8.9,0,1,0,0,1,0,0,Social Work,female,46,26.0,2.0,0.83,0.0,65.0,0.0,5,0,12,0
S230293,2023,20,8.8,0,1,0,0,1,0,0,Social Work,female,53,26.0,-0.33,0.83,0.0,68.2,0.0,4,0,12,0
S230294,2023,18,3.7,1,0,0,0,0,0,0,Health Science,female,28,12.0,-1.33,1.0,0.0,59.17,0.0,6,0,12,0
S230295,2023,18,8.9,0,1,1,1,0,1,0,Health Science,female,25,8.0,-3.0,0.67,0.0,65.75,0.0,5,1,10,1
S230296,2023,18,7.2,0,1,1,0,1,0,0,Health Science,female,25,16.0,2.33,0.83,1.0,60.0,0.0,6,0,12,0
S230297,2023,42,7.2,0,1,0,0,0,1,1,Business Administration,female,35,12.0,-3.67,0.67,1.0,68.5,0.0,10,0,12,0
S230298,2023,35,10.0,0,0,0,0,0,0,0,Sustainable Biotechnology,female,43,27.0,3.67,1.0,0.0,71.67,0.0,6,0,12,0
S230299,2023,33,5.8,1,1,0,0,0,0,1,Business Administration,female,22,10.0,-0.67,0.67,1.0,55.75,0.0,3,0,12,0
S230300,2023,24,9.2,0,1,0,0,0,0,0,Sustainable Biotechnology,female,56,23.0,-3.33,0.83,1.0,80.8,0.0,6,0,12,0
S230301,2023,31,9.7,0,0,0,0,0,0,0,Software,male,16,10.0,1.33,0.67,1.0,55.75,0.0,0,1,7,1
S230302,2023,18,8.2,0,1,1,0,1,0,0,Health Science,female,62,35.0,2.67,1.0,0.0,70.0,0.0,6,0,12,0
S230303,2023,23,7.4,1,0,0,0,1,0,0,Business Administration,male,25,13.0,0.33,1.0,0.0,59.17,0.0,3,0,12,0
S230304,2023,21,9.2,0,1,0,0,1,0,0,Health Science,female,42,20.0,-0.67,1.0,0.0,65.67,0.0,6,0,12,0
S230305,2023,22,8.5,1,1,0,0,0,0,0,Communication & Digital Media,male,48,28.0,2.67,0.83,1.0,67.6,0.0,12,1,12,0
S230306,2023,21,8.6,0,1,1,0,1,0,0,Communication & Digital Media,female,39,20.0,0.33,1.0,0.0,66.5,0.0,6,0,12,0
S230307,2023,20,6.8,0,0,0,0,0,0,0,Tourism,male,23,9.0,-1.67,0.83,0.0,51.6,0.0,3,0,12,0
S230308,2023,20,7.7,0,1,0,0,0,0,0,Health Science,female,32,17.0,0.67,0.67,0.0,72.5,0.0,3,0,12,0
S230309,2023,53,7.0,0,1,0,0,0,1,0,Sustainable Biotechnology,male,41,20.0,-0.33,1.0,0.0,64.67,0.0,4,0,12,0
S230310,2023,29,2.0,1,1,0,1,0,0,0,Sustainable Biotechnology,female,8,4.0,0.0,0.5,2.0,50.33,0.0,3,1,9,1
S230312,2023,19,6.7,0,1,0,0,1,0,0,Health Science,female,16,10.0,1.33,0.67,1.0,54.0,0.0,7,0,12,0
S230313,2023,26,10.0,0,1,0,0,0,0,1,Business Administration,male,26,14.0,0.67,1.0,0.0,73.67,0.0,5,0,12,0
S230314,2023,25,10.7,0,0,0,1,1,0,0,Business Administration,female,55,28.0,0.33,0.67,1.0,80.0,0.0,5,0,12,0
S230315,2023,18,5.3,0,1,0,0,1,0,0,Health Science,male,45,29.0,4.33,0.83,1.0,57.8,0.0,6,0,12,0
S230316,2023,45,8.2,0,1,0,0,0,1,1,Social Work,female,27,15.0,1.0,0.67,0.0,54.5,0.0,9,0,12,0
S230317,2023,18,9.0,0,1,1,0,1,0,0,Health Science,female,82,37.0,-2.67,1.0,0.0,77.5,0.0,8,0,12,0
S230318,2023,19,8.7,0,1,0,0,1,0,0,Social Work,female,54,31.0,2.67,1.0,0.0,72.5,0.0,5,0,12,0
S230319,2023,18,8.6,0,1,0,0,1,0,0,Sustainable Biotechnology,male,43,24.0,1.67,1.0,0.0,70.67,0.0,11,0,12,0
S230320,2023,19,7.4,1,0,0,0,1,0,0,Health Science,female,26,9.0,-2.67,0.83,1.0,66.4,0.0,5,0,12,0
S230321,2023,19,5.1,1,1,0,0,1,0,0,Tourism,female,25,13.0,0.33,0.83,1.0,56.4,0.0,5,0,12,0
S230322,2023,18,7.3,0,0,1,0,1,0,0,Health Science,female,57,24.0,-3.0,0.83,0.0,61.8,0.0,6,0,12,0
S230323,2023,18,12.0,1,0,0,0,0,0,0,Health Science,female,27,13.0,-0.33,1.0,0.0,94.33,0.0,6,0,12,0
S230324,2023,36,8.7,0,1,0,0,0,1,0,Business Administration,female,44,23.0,0.67,0.83,0.0,69.8,0.0,4,0,12,0
S230325,2023,20,7.0,0,1,1,0,0,0,0,Social Work,female,48,25.0,0.67,1.0,0.0,76.83,0.0,6,0,12,0
S230326,2023,18,8.5,0,1,1,0,1,0,0,Health Science,female,37,17.0,-1.0,1.0,0.0,65.17,0.0,7,0,12,0
S230327,2023,18,4.8,1,1,0,0,0,0,0,Health Science,female,28,11.0,-2.0,1.0,0.0,55.33,0.0,4,0,12,0
S230328,2023,19,3.7,0,1,0,0,1,0,0,Tourism,female,23,12.0,0.33,0.5,1.0,39.33,0.0,3,0,12,0
S230329,2023,19,9.0,0,1,0,0,1,0,0,Social Work,female,12,6.0,0.0,0.83,1.0,64.0,0.0,3,0,12,0
S230330,2023,19,11.8,1,0,0,1,0,0,0,Software,female,9,4.0,-0.33,0.67,0.0,74.5,0.0,3,0,12,0
S230331,2023,18,6.5,0,0,1,0,1,0,0,Sustainable Biotechnology,female,39,15.0,-3.0,1.0,0.0,64.83,0.0,4,1,9,1
S230332,2023,18,5.2,0,1,1,0,1,0,0,Learning & Innovation,female,51,27.0,1.0,1.0,0.0,55.17,0.0,7,0,12,0
S230333,2023,31,11.7,1,1,1,0,0,0,1,Business Administration,female,44,15.0,-4.67,1.0,0.0,86.83,0.0,4,0,12,0
S230334,2023,18,8.9,0,1,0,0,1,0,0,Social Work,female,43,22.0,0.33,1.0,0.0,67.5,0.0,6,0,12,0
S230335,2023,21,4.3,0,1,0,0,1,0,0,Health Science,female,36,19.0,0.67,0.67,1.0,48.5,0.0,4,0,12,0
S230336,2023,18,4.5,0,1,0,0,0,0,0,Business Administration,female,13,4.0,-1.67,0.83,1.0,49.6,0.0,3,0,11,0
S230337,2023,28,4.8,0,1,0,0,0,0,1,Business Administration,male,24,10.0,-1.33,0.5,1.0,53.0,0.0,3,0,12,0
S230338,2023,19,7.1,0,0,0,0,0,0,0,Sustainable Biotechnology,male,37,21.0,1.67,0.83,1.0,70.8,0.0,3,0,12,0
S230339,2023,18,5.5,0,0,0,0,1,0,0,Communication & Digital Media,female,53,37.0,7.0,0.67,1.0,62.25,0.0,6,0,12,0
S230340,2023,19,8.8,0,1,1,0,0,0,0,Business Administration,female,38,15.0,-2.67,0.83,0.0,69.0,0.0,5,0,12,0
S230341,2023,20,8.1,1,1,1,0,0,0,0,Communication & Digital Media,female,31,12.0,-2.33,0.83,1.0,70.4,0.0,5,0,12,0
S230342,2023,34,5.6,1,1,0,0,0,0,1,Business Administration,female,25,13.0,0.33,0.83,1.0,65.8,0.0,3,0,12,0
S230343,2023,18,7.3,1,1,1,0,1,0,0,Communication & Digital Media,female,24,9.0,-2.0,0.67,1.0,65.25,0.0,6,0,12,0
S230344,2023,24,8.6,1,1,0,0,1,0,1,Social Work,male,15,7.0,-0.33,0.83,0.0,63.0,0.0,11,0,12,0
S230345,2023,20,6.2,0,1,0,0,0,0,0,Business Administration,female,31,15.0,-0.33,0.83,1.0,64.8,0.0,4,0,12,0
S230346,2023,31,8.8,0,1,0,0,0,0,0,Learning & Innovation,female,21,7.0,-2.33,1.0,0.0,67.17,0.0,0,0,8,1
S230347,2023,21,8.3,0,1,0,0,0,0,0,Health Science,female,18,2.0,-4.67,0.67,2.0,56.75,0.0,3,0,12,0
S230348,2023,27,10.0,0,1,0,0,0,0,1,Social Work,female,46,12.0,-7.33,0.67,2.0,65.5,0.0,6,0,7,1
S230349,2023,21,6.5,0,1,1,0,0,0,0,Communication & Digital Media,male,25,8.0,-3.0,0.67,2.0,63.5,0.0,4,0,12,0
S230350,2023,22,8.4,0,1,0,0,1,0,0,Communication & Digital Media,female,22,13.0,1.33,0.67,2.0,58.25,0.0,3,0,12,0
S230351,2023,21,6.9,0,1,1,0,1,0,0,Sustainable Biotechnology,female,30,17.0,1.33,0.67,1.0,58.5,0.0,3,0,12,0
S230352,2023,22,6.8,0,1,0,0,1,0,0,Health Science,female,16,8.0,0.0,0.5,1.0,50.0,0.0,3,0,12,0
S230353,2023,19,7.4,0,1,1,0,1,0,0,Sustainable Biotechnology,female,52,24.0,-1.33,0.83,0.0,68.0,0.0,6,0,12,0
S230354,2023,18,4.0,0,1,0,0,1,0,0,Tourism,male,33,16.0,-0.33,0.17,2.0,44.0,0.0,3,0,12,0
S230355,2023,26,3.8,1,1,0,0,0,0,0,Sustainable Biotechnology,female,18,7.0,-1.33,0.67,1.0,56.25,0.0,3,0,12,0
S230356,2023,19,9.7,1,1,1,0,0,0,0,Communication & Digital Media,female,42,22.0,0.67,1.0,0.0,84.0,0.0,6,0,12,0
S230357,2023,19,7.6,1,1,1,0,1,0,0,Communication & Digital Media,female,18,9.0,0.0,1.0,0.0,59.5,0.0,6,0,12,0
S230359,2023,18,8.9,0,1,0,0,1,0,0,Communication & Digital Media,female,33,17.0,0.33,0.5,2.0,56.33,0.0,3,0,12,0
S230360,2023,18,8.9,0,1,1,0,1,0,0,Health Science,female,31,14.0,-1.0,0.83,0.0,66.6,0.0,7,0,12,0
S230361,2023,18,6.0,0,1,1,0,1,0,0,Health Science,female,28,14.0,0.0,1.0,0.0,55.83,0.0,7,0,12,0
S230362,2023,22,5.8,0,1,0,0,1,0,0,Sustainable Biotechnology,male,23,13.0,1.0,0.83,0.0,53.6,0.0,3,0,12,0
S230363,2023,20,7.2,1,1,0,0,1,0,0,Health Science,female,51,20.0,-3.67,0.83,1.0,70.0,0.0,7,0,12,0
S230364,2023,18,7.5,0,1,1,0,1,0,0,Health Science,female,53,25.0,-1.0,0.83,0.0,67.8,0.0,7,0,12,0
S230365,2023,28,10.6,1,0,0,0,1,1,0,Health Science,female,51,25.0,-0.33,1.0,0.0,73.5,0.0,7,0,12,0
S230366,2023,19,7.6,0,1,0,0,1,0,0,Health Science,male,50,27.0,1.33,0.83,1.0,68.0,0.0,7,0,12,0
S230367,2023,19,11.1,1,0,1,0,1,0,0,Communication & Digital Media,female,13,6.0,-0.33,0.83,0.0,70.2,0.0,3,0,12,0
S230368,2023,33,5.0,0,1,0,0,0,1,1,Social Work,female,56,29.0,0.67,0.33,2.0,61.5,0.0,5,0,12,0
S230369,2023,21,6.0,0,1,1,0,1,0,0,Health Science,female,37,18.0,-0.33,1.0,0.0,62.17,0.0,7,0,12,0
S230370,2023,20,6.1,0,1,0,0,1,0,0,Social Work,female,43,25.0,2.33,1.0,0.0,56.0,0.0,5,0,12,0
S230371,2023,19,8.1,0,1,0,0,0,0,0,Health Science,female,14,5.0,-1.33,0.83,0.0,52.8,0.0,3,0,12,0
S230372,2023,19,8.3,0,1,1,0,1,0,0,Health Science,female,25,13.0,0.33,0.83,0.0,58.0,0.0,7,0,12,0
S230373,2023,20,5.4,0,1,0,0,1,0,0,Communication & Digital Media,female,22,13.0,1.33,0.67,1.0,47.75,0.0,3,0,12,0
S230374,2023,18,7.2,0,1,0,0,0,1,0,Health Science,female,45,20.0,-1.67,0.83,1.0,75.2,0.0,6,0,12,0
S230375,2023,18,9.1,0,1,0,0,0,0,0,Business Administration,female,15,5.0,-1.67,0.83,0.0,68.4,0.0,4,0,12,0
S230376,2023,35,3.8,0,1,0,0,0,0,1,Business Administration,female,21,9.0,-1.0,0.67,2.0,46.5,1.0,3,0,12,0
S230377,2023,19,6.9,0,1,0,0,1,0,0,Health Science,female,35,21.0,2.33,1.0,0.0,61.0,0.0,6,0,12,0
S230378,2023,39,7.9,1,1,0,0,0,0,0,Health Science,female,10,8.0,2.0,0.67,1.0,64.0,0.0,3,0,12,0
S230379,2023,20,7.7,0,1,1,1,0,0,0,Tourism,female,65,33.0,0.33,0.83,1.0,71.4,0.0,6,0,12,0
S230380,2023,19,8.6,0,1,0,0,1,0,0,Learning & Innovation,female,51,21.0,-3.0,1.0,0.0,64.33,0.0,6,0,12,0
S230381,2023,20,2.0,1,0,0,0,0,0,0,Sustainable Biotechnology,female,19,9.0,-0.33,0.67,1.0,38.75,1.0,5,0,12,0
S230382,2023,20,7.6,0,1,0,0,0,0,0,Tourism,male,29,14.0,-0.33,0.83,0.0,56.6,0.0,4,0,12,0
S230386,2023,19,6.2,1,1,1,1,1,0,0,Social Work,female,21,10.0,-0.33,0.67,1.0,57.0,0.0,6,0,12,0
S230387,2023,38,5.5,0,1,0,0,0,0,0,Tourism,male,58,23.0,-4.0,0.83,0.0,73.8,0.0,5,1,10,1
S230388,2023,18,8.9,0,0,0,0,1,0,0,Health Science,female,37,18.0,-0.33,0.83,1.0,73.8,0.0,7,0,12,0
S230389,2023,20,11.1,0,1,0,0,0,0,0,Health Science,female,36,19.0,0.67,0.67,1.0,79.25,0.0,7,0,12,0
S230390,2023,19,9.6,0,1,0,0,1,0,0,Health Science,female,54,29.0,1.33,1.0,0.0,73.33,0.0,7,0,12,0
S230391,2023,19,7.2,0,0,0,0,1,0,0,Communication & Digital Media,male,35,15.0,-1.67,0.83,1.0,61.4,0.0,6,0,12,0
S230392,2023,22,8.3,0,1,0,0,1,0,0,Business Administration,female,29,11.0,-2.33,1.0,0.0,58.0,0.0,3,0,12,0
S230393,2023,35,4.5,0,1,0,0,1,1,0,Communication & Digital Media,male,24,12.0,0.0,0.5,2.0,47.67,0.0,3,0,12,0
S230394,2023,19,12.0,1,0,0,0,1,0,0,Health Science,female,17,8.0,-0.33,1.0,0.0,98.0,0.0,4,0,12,0
S230395,2023,18,4.5,0,1,0,0,1,0,0,Tourism,female,37,21.0,1.67,1.0,0.0,61.33,0.0,3,1,9,1
S230396,2023,20,6.8,0,1,1,0,1,0,0,Health Science,female,26,10.0,-2.0,0.67,1.0,59.75,0.0,6,0,12,0
S230397,2023,24,8.3,0,1,0,0,0,0,0,Health Science,male,20,8.0,-1.33,0.67,1.0,60.0,0.0,6,0,12,0
S230398,2023,18,6.9,0,1,0,0,1,0,0,Communication & Digital Media,female,35,24.0,4.33,1.0,0.0,63.17,0.0,4,1,9,1
S230399,2023,20,10.7,1,1,1,0,1,0,0,Tourism,female,29,11.0,-2.33,1.0,0.0,87.0,0.0,6,0,12,0
S230400,2023,29,8.3,0,1,0,0,0,0,0,Sustainable Biotechnology,male,39,19.0,-0.33,0.83,1.0,62.4,0.0,0,0,8,1
S230401,2023,18,6.6,0,0,0,0,1,0,0,Health Science,male,57,32.0,2.33,1.0,0.0,60.33,0.0,6,0,12,0
S230402,2023,25,9.2,0,1,0,0,1,0,0,Social Work,female,30,17.0,1.33,0.83,0.0,71.8,0.0,4,0,12,0
S230403,2023,19,11.7,1,1,0,0,0,0,0,Health Science,female,25,10.0,-1.67,1.0,0.0,79.67,0.0,6,0,12,0
S230405,2023,20,7.1,0,1,0,0,1,0,0,Health Science,male,21,12.0,1.0,0.83,1.0,57.6,0.0,7,0,12,0
S230406,2023,37,2.5,1,1,0,0,0,1,1,Business Administration,female,26,10.0,-2.0,0.33,2.0,49.0,0.0,7,0,12,0
S230407,2023,18,12.0,1,0,0,0,0,0,0,Health Science,female,49,26.0,1.0,1.0,0.0,96.0,0.0,6,0,12,0
S230408,2023,20,8.2,0,1,1,0,1,0,0,Business Administration,female,16,12.0,2.67,0.67,1.0,62.5,0.0,3,0,12,0
S230409,2023,19,7.1,0,1,0,0,1,0,0,Social Work,female,10,6.0,0.67,0.67,0.0,59.75,0.0,3,0,12,0
S230410,2023,18,7.8,0,1,0,0,1,0,0,Health Science,female,50,26.0,0.67,1.0,0.0,61.0,0.0,7,0,12,0
S230412,2023,41,10.2,0,1,0,0,0,1,1,Social Work,male,46,24.0,0.67,1.0,0.0,75.33,0.0,10,0,12,0
S230413,2023,18,7.6,0,1,1,0,0,0,0,Communication & Digital Media,female,45,24.0,1.0,0.83,1.0,68.4,0.0,6,0,12,0
S230414,2023,18,6.0,0,1,1,0,1,0,0,Business Administration,female,35,15.0,-1.67,0.83,0.0,62.2,0.0,5,0,12,0
S230415,2023,20,5.5,0,1,0,0,0,0,0,Health Science,male,28,8.0,-4.0,0.83,0.0,54.4,1.0,5,0,12,0
S230416,2023,18,4.5,0,1,0,0,1,0,0,Tourism,female,40,23.0,2.0,1.0,0.0,61.67,0.0,4,0,12,0
S230417,2023,19,5.8,0,0,1,0,1,0,0,Business Administration,female,36,20.0,1.33,0.83,1.0,57.8,0.0,5,0,12,0
S230418,2023,20,8.3,0,1,1,0,1,0,0,Communication & Digital Media,male,20,10.0,0.0,0.33,2.0,62.0,0.0,3,0,12,0
S230419,2023,38,4.0,0,1,0,0,1,1,0,Sustainable Biotechnology,male,29,16.0,1.0,0.83,0.0,47.6,0.0,3,0,12,0
S230420,2023,24,5.5,0,0,0,0,0,0,0,Communication & Digital Media,male,40,24.0,2.67,0.83,0.0,48.4,0.0,5,0,12,0
S230421,2023,23,7.2,0,0,0,0,1,0,1,Social Work,female,36,17.0,-0.67,0.67,0.0,60.0,0.0,4,0,12,0
S230422,2023,31,7.3,0,1,0,0,1,1,0,Business Administration,male,15,5.0,-1.67,0.17,3.0,62.0,1.0,0,1,5,1
S230423,2023,20,10.5,1,1,0,0,0,0,0,Communication & Digital Media,female,28,12.0,-1.33,0.83,0.0,80.2,0.0,5,0,12,0
S230424,2023,18,12.0,0,1,1,0,1,0,0,Communication & Digital Media,male,13,6.0,-0.33,0.67,1.0,77.0,0.0,3,0,12,0
S230425,2023,19,8.6,0,1,1,0,1,0,0,Communication & Digital Media,female,31,9.0,-4.33,0.67,1.0,63.5,0.0,6,0,12,0
S230426,2023,18,5.7,1,1,0,1,1,0,0,Communication & Digital Media,female,28,15.0,0.67,0.67,1.0,61.25,0.0,6,0,12,0
S230427,2023,19,11.2,1,0,1,0,1,0,0,Communication & Digital Media,female,15,4.0,-2.33,0.67,2.0,77.25,0.0,3,0,12,0
S230428,2023,19,6.5,0,1,0,0,1,0,0,Learning & Innovation,female,21,13.0,1.67,1.0,0.0,56.67,0.0,0,1,7,1
S230429,2023,18,4.3,1,1,0,0,1,0,0,Tourism,female,24,8.0,-2.67,0.67,1.0,59.0,0.0,5,0,12,0
S230430,2023,19,12.0,1,0,0,0,1,0,0,Health Science,female,37,17.0,-1.0,1.0,0.0,94.5,0.0,4,0,12,0
S230431,2023,19,5.5,0,1,0,0,0,0,0,Business Administration,female,13,6.0,-0.33,0.33,2.0,47.5,0.0,5,0,12,0
S230432,2023,21,8.4,0,0,0,0,1,0,0,Communication & Digital Media,male,41,17.0,-2.33,1.0,0.0,72.5,0.0,12,0,12,0
S230433,2023,19,9.5,0,1,0,0,0,0,0,Communication & Digital Media,male,27,16.0,1.67,0.33,1.0,71.0,0.0,3,0,12,0
S230434,2023,19,5.8,0,1,0,0,1,0,0,Social Work,female,41,20.0,-0.33,1.0,0.0,57.83,0.0,5,0,12,0
S230435,2023,21,9.9,1,1,0,1,1,0,0,Social Work,male,24,14.0,1.33,0.83,0.0,76.0,0.0,5,0,12,0
S230436,2023,35,4.1,0,0,0,0,0,0,0,Health Science,female,39,17.0,-1.67,0.83,1.0,48.8,0.0,3,0,12,0
S230438,2023,18,6.9,0,1,1,0,1,0,0,Social Work,female,22,14.0,2.0,0.33,2.0,63.5,0.0,3,0,12,0
S230439,2023,19,7.7,0,1,1,0,1,0,0,Business Administration,female,38,21.0,1.33,0.83,1.0,68.0,0.0,5,0,12,0
S230441,2023,19,5.7,0,1,1,0,1,0,0,Health Science,female,71,34.0,-1.0,0.83,0.0,70.2,0.0,7,0,12,0
S230442,2023,20,8.5,1,1,1,0,0,0,0,Social Work,female,24,10.0,-1.33,1.0,0.0,67.17,0.0,6,0,12,0
S230443,2023,18,3.8,0,1,0,0,1,0,0,Health Science,female,47,25.0,1.0,1.0,0.0,52.5,0.0,7,0,12,0
S230444,2023,20,10.5,0,1,0,1,0,0,0,Communication & Digital Media,female,64,40.0,5.33,1.0,0.0,74.33,0.0,5,0,12,0
S230445,2023,22,7.6,1,0,0,0,1,0,0,Business Administration,male,10,7.0,1.33,1.0,0.0,61.33,0.0,3,0,12,0
S230447,2023,22,9.9,0,1,0,0,0,0,0,Sustainable Biotechnology,male,14,7.0,0.0,0.83,0.0,70.8,0.0,3,0,12,0
S230448,2023,18,9.8,0,1,0,0,0,0,0,Business Administration,female,78,33.0,-4.0,1.0,0.0,87.83,0.0,5,0,12,0
S230449,2023,18,11.7,0,1,0,0,1,0,0,Communication & Digital Media,female,54,22.0,-3.33,1.0,0.0,85.83,0.0,6,0,12,0
S230451,2023,21,6.0,0,1,0,0,1,0,0,Business Administration,female,34,15.0,-1.33,1.0,0.0,59.5,0.0,4,0,12,0
S230452,2023,18,10.5,1,1,0,0,1,0,0,Communication & Digital Media,female,8,3.0,-0.67,0.83,0.0,69.6,0.0,3,0,12,0
S230453,2023,20,9.8,1,1,1,1,0,0,0,Communication & Digital Media,female,15,8.0,0.33,0.5,2.0,77.0,0.0,6,0,11,0
S230454,2023,22,5.0,0,1,0,0,0,1,0,Business Administration,female,61,28.0,-1.67,1.0,0.0,59.5,0.0,13,0,12,0
S230455,2023,19,5.4,0,1,1,0,1,0,0,Business Administration,female,43,20.0,-1.0,0.67,1.0,55.75,0.0,5,0,12,0
S230456,2023,28,5.6,0,1,0,0,0,0,0,Communication & Digital Media,female,23,12.0,0.33,0.83,1.0,54.2,0.0,3,0,12,0
S230457,2023,18,8.8,1,1,0,0,1,0,0,Health Science,female,23,13.0,1.0,0.83,0.0,69.8,0.0,6,0,12,0
S230458,2023,20,8.2,0,1,0,0,1,1,0,Health Science,female,13,5.0,-1.0,0.67,0.0,59.0,1.0,3,0,12,0
S230459,2023,18,6.9,0,1,0,0,0,0,0,Software,male,18,8.0,-0.67,0.33,2.0,47.0,0.0,3,0,12,0
S230460,2023,21,4.0,1,1,0,0,1,0,0,Communication & Digital Media,female,28,15.0,0.67,1.0,0.0,53.0,0.0,6,0,12,0
S230462,2023,18,7.8,0,1,1,0,0,0,0,Social Work,female,31,15.0,-0.33,0.67,1.0,63.25,0.0,4,0,12,0
S230463,2023,18,6.8,0,1,1,0,0,0,0,Social Work,female,25,14.0,1.0,0.83,0.0,61.2,0.0,6,0,12,0
S230465,2023,18,5.2,0,0,0,0,1,0,0,Social Work,female,30,18.0,2.0,0.83,0.0,54.0,0.0,6,0,12,0
S230466,2023,20,7.9,0,1,1,0,0,0,0,Social Work,female,49,28.0,2.33,0.83,0.0,72.0,0.0,6,0,12,0
S230467,2023,21,7.2,1,1,0,0,1,0,0,Health Science,female,20,8.0,-1.33,0.5,2.0,66.0,0.0,5,0,12,0
S230468,2023,23,9.1,0,0,0,0,1,0,0,Health Science,female,36,20.0,1.33,0.83,0.0,67.6,0.0,8,0,12,0
S230469,2023,21,2.5,0,1,0,0,1,0,0,Health Science,female,74,36.0,-0.67,1.0,0.0,49.17,0.0,7,0,12,0
S230470,2023,19,8.3,0,1,0,0,1,0,0,Communication & Digital Media,male,52,28.0,1.33,1.0,0.0,71.83,0.0,6,0,12,0
S230472,2023,20,7.0,0,1,1,0,0,0,0,Health Science,female,10,2.0,-2.0,0.17,3.0,38.0,0.0,3,0,12,0
S230473,2023,18,7.2,0,1,1,0,1,0,0,Communication & Digital Media,female,35,15.0,-1.67,0.67,1.0,66.25,0.0,3,0,12,0
S230474,2023,19,7.2,1,0,0,1,0,0,0,Sustainable Biotechnology,female,25,14.0,1.0,0.83,0.0,64.2,0.0,3,0,12,0
S230475,2023,24,3.7,0,1,0,0,0,1,0,Communication & Digital Media,female,52,27.0,0.67,0.67,1.0,57.0,0.0,6,0,12,0
S230476,2023,19,7.2,0,1,1,0,0,0,0,Communication & Digital Media,female,70,34.0,-0.67,1.0,0.0,65.5,0.0,6,0,12,0
S230477,2023,39,6.0,0,0,0,0,0,0,1,Social Work,male,67,33.0,-0.33,0.83,1.0,66.2,0.0,9,0,12,0
S230478,2023,18,6.5,0,1,1,0,1,0,0,Social Work,female,33,20.0,2.33,0.83,1.0,57.6,0.0,5,0,12,0
S230479,2023,20,2.0,0,1,0,0,0,0,0,Business Administration,male,24,12.0,0.0,0.17,2.0,46.0,0.0,3,0,12,0
S230480,2023,23,6.7,1,1,0,0,1,0,0,Tourism,female,43,16.0,-3.67,1.0,0.0,66.17,0.0,6,0,12,0
S230482,2023,44,8.2,0,1,0,0,0,1,1,Business Administration,male,33,17.0,0.33,0.83,1.0,55.8,0.0,9,0,12,0
S230483,2023,19,3.6,1,0,0,0,0,0,0,Sustainable Biotechnology,female,37,19.0,0.33,0.83,0.0,56.2,0.0,5,0,12,0
S230484,2023,31,7.6,0,1,0,0,0,1,1,Social Work,female,42,21.0,0.0,1.0,0.0,62.0,0.0,9,0,12,0
S230485,2023,20,6.5,0,1,0,0,1,0,0,Health Science,female,39,18.0,-1.0,1.0,0.0,68.17,0.0,8,0,12,0
S230486,2023,18,9.0,0,0,0,0,1,0,0,Health Science,female,37,17.0,-1.0,1.0,0.0,74.17,0.0,6,0,12,0
S230487,2023,20,5.8,0,1,1,0,1,0,0,Learning & Innovation,female,13,5.0,-1.0,0.33,3.0,68.0,0.0,3,0,12,0
S230488,2023,36,3.8,0,1,0,1,0,0,0,Sustainable Biotechnology,male,22,12.0,0.67,0.67,2.0,55.0,0.0,0,1,9,1
S230489,2023,40,11.1,0,1,0,1,1,0,1,Business Administration,male,62,28.0,-2.0,1.0,0.0,74.0,0.0,5,0,12,0
S230490,2023,18,8.8,1,0,1,0,1,0,0,Health Science,female,23,14.0,1.67,1.0,0.0,69.83,0.0,5,0,12,0
S230491,2023,19,8.9,0,1,0,0,1,0,0,Social Work,female,43,23.0,1.0,1.0,0.0,61.67,0.0,6,0,12,0
S230492,2023,21,4.9,1,1,0,0,1,0,0,Health Science,female,29,17.0,1.67,0.83,1.0,55.8,0.0,4,0,12,0
S230493,2023,20,8.2,1,0,0,1,0,0,0,Communication & Digital Media,female,31,16.0,0.33,0.83,0.0,67.4,0.0,6,0,12,0
S230494,2023,20,8.8,1,1,1,1,0,0,0,Communication & Digital Media,female,35,19.0,1.0,0.83,1.0,82.2,0.0,6,0,12,0
S230495,2023,22,9.0,1,1,0,0,0,0,0,Social Work,male,33,11.0,-3.67,1.0,0.0,75.67,0.0,6,0,12,0
S230496,2023,29,5.4,1,1,0,0,1,0,0,Health Science,male,30,14.0,-0.67,0.5,2.0,69.33,0.0,18,0,12,0
S230497,2023,18,7.3,0,1,1,0,1,0,0,Health Science,female,39,18.0,-1.0,0.67,1.0,66.25,0.0,7,0,12,0
S230498,2023,22,7.0,0,1,0,0,0,0,0,Health Science,male,23,13.0,1.0,0.83,0.0,56.4,0.0,6,0,12,0
S230499,2023,37,7.0,0,1,0,0,0,1,1,Social Work,female,25,10.0,-1.67,0.33,2.0,58.5,0.0,3,0,12,0
S230500,2023,18,5.3,0,1,0,0,1,0,0,Communication & Digital Media,female,20,11.0,0.67,0.83,1.0,45.8,0.0,3,0,12,0
S230501,2023,21,6.6,0,1,0,0,0,0,0,Health Science,female,30,12.0,-2.0,0.67,0.0,63.25,0.0,6,0,12,0
S230502,2023,19,6.9,0,1,0,0,1,0,0,Learning & Innovation,male,69,34.0,-0.33,0.83,1.0,65.0,0.0,6,0,12,0
S230503,2023,18,8.1,0,0,0,0,1,0,0,Health Science,female,31,15.0,-0.33,1.0,0.0,62.17,0.0,7,0,12,0
S230504,2023,19,8.6,0,1,1,0,1,0,0,Health Science,female,34,13.0,-2.67,0.83,1.0,64.2,0.0,7,0,12,0
S230505,2023,18,10.8,0,1,1,0,0,0,0,Communication & Digital Media,male,40,20.0,0.0,1.0,0.0,85.67,0.0,6,0,12,0
S230506,2023,21,8.4,1,1,0,0,1,0,0,Communication & Digital Media,male,7,2.0,-1.0,0.83,0.0,56.0,0.0,3,0,11,0
S230508,2023,20,5.5,0,1,0,0,0,0,0,Communication & Digital Media,female,12,8.0,1.33,0.5,2.0,37.33,0.0,3,0,12,0
S230510,2023,18,6.6,0,0,0,0,0,0,0,Communication & Digital Media,female,48,28.0,2.67,0.83,0.0,55.2,0.0,6,0,12,0
S230511,2023,18,9.7,0,1,1,0,0,0,0,Communication & Digital Media,female,40,24.0,2.67,0.67,2.0,68.5,0.0,6,0,12,0
S230512,2023,19,6.2,0,1,0,0,1,0,0,Learning & Innovation,male,20,10.0,0.0,0.33,2.0,54.5,0.0,4,0,11,0
S230515,2023,18,5.8,0,1,1,0,1,0,0,Communication & Digital Media,female,45,23.0,0.33,0.83,0.0,59.0,0.0,6,0,12,0
S230516,2023,18,10.5,0,1,1,0,1,0,0,Social Work,female,39,18.0,-1.0,1.0,0.0,77.0,0.0,6,0,12,0
S230517,2023,41,6.6,0,1,0,0,0,1,0,Business Administration,female,39,21.0,1.0,0.67,2.0,62.0,0.0,11,0,12,0
S230518,2023,18,5.7,0,1,0,0,1,0,0,Tourism,female,25,13.0,0.33,1.0,0.0,56.67,0.0,4,0,12,0
S230519,2023,32,8.1,0,1,0,0,0,0,1,Business Administration,male,27,14.0,0.33,1.0,0.0,59.67,0.0,5,0,12,0
S230520,2023,26,6.0,0,1,0,0,1,0,0,Sustainable Biotechnology,female,31,9.0,-4.33,0.83,1.0,58.6,0.0,4,1,12,1
S230521,2023,20,6.1,0,1,0,0,1,0,0,Health Science,female,42,21.0,0.0,0.83,0.0,64.6,0.0,5,0,12,0
S230522,2023,36,9.1,0,1,0,0,1,0,0,Social Work,female,41,19.0,-1.0,0.5,1.0,67.33,0.0,13,0,12,0
S230523,2023,19,8.8,1,1,1,0,0,0,0,Communication & Digital Media,female,24,11.0,-0.67,1.0,0.0,76.0,0.0,5,0,12,0
S230524,2023,19,11.6,0,1,1,0,1,0,0,Social Work,female,12,5.0,-0.67,1.0,0.0,77.67,0.0,6,0,12,0
S230526,2023,20,5.0,0,1,0,0,1,0,0,Communication & Digital Media,female,23,12.0,0.33,0.5,0.0,59.33,0.0,3,0,12,0
S230527,2023,22,5.6,0,1,0,0,1,0,0,Communication & Digital Media,female,87,36.0,-5.0,1.0,0.0,64.0,0.0,6,0,12,0
S230528,2023,20,8.4,0,1,0,0,0,1,1,Business Administration,female,35,17.0,-0.33,0.67,1.0,64.5,0.0,3,0,12,0
S230529,2023,30,3.9,0,1,0,1,0,0,0,Communication & Digital Media,female,31,15.0,-0.33,0.83,0.0,55.4,0.0,5,0,12,0
S230531,2023,20,8.9,0,1,0,0,1,0,0,Business Administration,female,15,5.0,-1.67,0.67,2.0,66.75,0.0,3,0,12,0
S230532,2023,31,9.0,0,1,0,0,0,0,0,Health Science,female,39,15.0,-3.0,1.0,0.0,67.0,0.0,7,0,12,0
S230533,2023,29,8.7,0,1,0,0,0,0,0,Business Administration,male,20,11.0,0.67,0.5,2.0,68.0,0.0,3,0,12,0
S230534,2023,32,7.1,0,1,0,0,0,1,0,Health Science,female,17,7.0,-1.0,0.5,1.0,49.67,0.0,3,0,12,0
S230535,2023,20,5.5,1,0,0,0,1,0,0,Tourism,female,22,10.0,-0.67,0.83,1.0,55.6,0.0,6,0,12,0
S230536,2023,19,9.5,0,1,0,0,1,0,0,Communication & Digital Media,male,38,20.0,0.67,1.0,0.0,72.33,0.0,5,0,12,0
S230537,2023,18,9.1,0,1,0,0,1,0,0,Health Science,female,43,21.0,-0.33,0.83,1.0,68.2,0.0,6,0,12,0
S230538,2023,21,7.6,0,1,0,0,0,0,0,Communication & Digital Media,female,38,19.0,0.0,0.83,1.0,68.8,0.0,6,0,12,0
S230539,2023,20,9.5,0,0,0,0,1,0,0,Sustainable Biotechnology,male,27,12.0,-1.0,0.83,1.0,67.2,0.0,3,0,12,0
S230540,2023,20,5.9,0,1,1,1,1,0,0,Health Science,male,39,21.0,1.0,0.83,1.0,57.4,0.0,7,0,12,0
S230541,2023,18,8.8,1,1,0,0,1,0,0,Health Science,female,25,16.0,2.33,0.83,0.0,82.4,0.0,6,0,12,0
S230543,2023,20,6.9,0,1,0,0,0,0,0,Tourism,female,49,23.0,-1.0,1.0,0.0,61.5,0.0,4,0,12,0
S230544,2023,26,10.2,0,1,0,0,1,0,0,Health Science,female,45,22.0,-0.33,1.0,0.0,78.83,0.0,18,0,12,0
S230545,2023,18,7.9,0,1,1,0,1,0,0,Health Science,male,52,20.0,-4.0,1.0,0.0,71.0,0.0,7,0,12,0
S230546,2023,20,8.8,1,0,0,0,1,0,0,Software,male,30,12.0,-2.0,1.0,0.0,66.33,0.0,5,0,12,0
S230547,2023,18,9.7,0,1,0,0,1,0,0,Communication & Digital Media,female,11,5.0,-0.33,0.33,2.0,60.5,0.0,3,0,12,0
S230548,2023,40,7.6,1,1,0,0,0,0,0,Health Science,female,8,2.0,-1.33,0.33,2.0,50.0,0.0,0,1,7,1
S230549,2023,19,5.7,0,1,1,0,1,0,0,Business Administration,male,67,33.0,-0.33,1.0,0.0,55.83,0.0,5,0,12,0
S230550,2023,20,8.4,1,0,0,1,0,0,0,Communication & Digital Media,female,23,12.0,0.33,0.83,1.0,66.2,0.0,6,0,12,0
S230551,2023,18,10.1,1,1,0,0,1,0,0,Communication & Digital Media,female,4,4.0,1.33,0.17,3.0,51.0,0.0,0,1,7,1
S230552,2023,20,12.0,0,1,0,0,0,0,0,Sustainable Biotechnology,female,50,28.0,2.0,0.83,1.0,87.4,0.0,5,0,12,0
S230553,2023,32,8.3,0,1,1,0,0,1,0,Health Science,female,72,37.0,0.67,1.0,0.0,73.0,0.0,8,1,12,0
S230554,2023,20,4.0,0,1,0,1,1,0,0,Sustainable Biotechnology,female,23,12.0,0.33,1.0,0.0,51.5,0.0,2,1,9,1
S230555,2023,31,7.7,0,1,0,0,0,0,1,Social Work,male,29,13.0,-1.0,1.0,0.0,65.0,0.0,12,0,12,0
S230556,2023,26,4.5,0,1,1,0,0,0,0,Communication & Digital Media,male,32,14.0,-1.33,1.0,0.0,72.0,0.0,6,0,12,0
S230557,2023,43,9.6,0,1,1,0,0,1,1,Social Work,female,12,6.0,0.0,0.5,1.0,58.0,0.0,0,1,7,1
S230558,2023,21,6.8,0,1,1,0,0,0,0,Communication & Digital Media,female,42,22.0,0.67,0.83,1.0,67.8,0.0,6,0,12,0
S230559,2023,39,8.2,1,1,0,0,0,0,0,Health Science,female,11,4.0,-1.0,0.5,2.0,74.0,0.0,3,0,12,0
S230560,2023,19,6.9,0,0,0,0,1,0,0,Health Science,female,25,15.0,1.67,1.0,0.0,64.33,0.0,7,0,12,0
S230561,2023,21,10.7,0,0,0,0,0,0,0,Health Science,male,31,12.0,-2.33,0.83,0.0,57.6,0.0,3,0,12,0
S230562,2023,42,11.1,0,1,0,0,0,1,0,Sustainable Biotechnology,female,38,20.0,0.67,1.0,0.0,78.17,0.0,18,0,12,0
S230563,2023,19,8.4,1,1,0,0,0,0,0,Business Administration,female,30,17.0,1.33,0.83,1.0,69.4,0.0,4,0,12,0
S230564,2023,19,5.3,0,1,0,0,1,0,0,Learning & Innovation,female,46,23.0,0.0,1.0,0.0,49.5,0.0,6,0,12,0
S230565,2023,36,12.0,0,1,0,0,0,1,0,Health Science,male,41,24.0,2.33,1.0,0.0,83.17,0.0,6,0,12,0
S230566,2023,20,7.0,0,1,0,0,1,0,0,Sustainable Biotechnology,female,57,34.0,3.67,1.0,0.0,69.0,0.0,18,0,12,0
S230567,2023,30,5.6,0,1,0,0,0,0,1,Social Work,female,45,20.0,-1.67,0.83,1.0,60.4,0.0,6,1,10,1
S230568,2023,27,4.3,0,1,0,0,0,0,0,Business Administration,male,20,11.0,0.67,0.67,1.0,52.0,0.0,3,0,12,0
S230570,2023,18,8.3,0,1,1,0,1,0,0,Health Science,female,13,6.0,-0.33,0.67,2.0,62.0,0.0,6,0,12,0
S230571,2023,18,12.0,1,0,0,0,1,0,0,Health Science,female,15,6.0,-1.0,1.0,0.0,97.67,0.0,4,0,12,0
S230572,2023,24,11.2,0,0,0,0,1,0,0,Communication & Digital Media,female,28,16.0,1.33,0.83,1.0,77.2,0.0,11,0,12,0
S230573,2023,19,10.0,0,1,1,0,0,0,0,Communication & Digital Media,female,44,22.0,0.0,0.83,0.0,82.2,0.0,6,0,12,0
S230574,2023,20,8.4,0,1,0,0,1,0,0,Health Science,female,44,21.0,-0.67,0.83,0.0,68.8,0.0,8,0,12,0
S230575,2023,21,9.2,0,1,0,0,1,0,0,Social Work,female,49,25.0,0.33,1.0,0.0,71.17,0.0,9,0,12,0
S230576,2023,19,6.4,0,1,1,0,0,0,0,Tourism,male,59,26.0,-2.33,0.83,0.0,64.8,0.0,6,0,12,0
S230577,2023,22,10.5,1,1,0,0,1,0,0,Communication & Digital Media,female,43,21.0,-0.33,1.0,0.0,84.0,0.0,6,0,12,0
S230578,2023,34,7.4,0,0,0,0,1,0,0,Health Science,female,24,13.0,0.67,0.33,2.0,55.5,0.0,7,0,12,0
S230579,2023,22,7.1,0,1,1,0,1,0,0,Health Science,female,22,8.0,-2.0,0.5,2.0,63.0,0.0,6,0,12,0
S230580,2023,22,6.0,0,0,0,0,1,0,0,Business Administration,female,26,10.0,-2.0,1.0,0.0,61.0,0.0,5,0,12,0
S230581,2023,18,8.9,0,1,0,0,1,0,0,Communication & Digital Media,female,35,17.0,-0.33,1.0,0.0,64.67,0.0,3,0,12,0
S230582,2023,20,9.5,1,1,1,1,0,0,0,Communication & Digital Media,female,21,14.0,2.33,1.0,0.0,76.17,0.0,6,0,12,0
S230583,2023,27,2.0,0,1,0,0,0,0,0,Tourism,male,59,32.0,1.67,1.0,0.0,51.5,0.0,6,0,12,0
S230584,2023,19,5.8,0,1,0,0,0,0,0,Social Work,male,37,16.0,-1.67,0.67,0.0,60.5,0.0,4,0,12,0
S230585,2023,23,7.6,0,1,0,0,0,0,0,Health Science,male,38,26.0,4.67,1.0,0.0,64.83,0.0,6,0,12,0
S230586,2023,18,7.9,1,1,1,0,1,0,0,Communication & Digital Media,male,28,11.0,-2.0,1.0,0.0,75.67,0.0,6,0,12,0
S230587,2023,21,4.9,0,1,0,0,1,0,0,Tourism,male,41,21.0,0.33,0.67,1.0,54.5,0.0,6,0,12,0
S230588,2023,19,12.0,0,1,1,0,1,0,0,Communication & Digital Media,female,14,7.0,0.0,0.67,1.0,88.25,0.0,3,0,12,0
S230589,2023,23,2.5,0,1,0,0,1,0,0,Software,male,9,5.0,0.33,0.5,1.0,41.67,0.0,1,0,7,1
S230590,2023,22,7.2,1,1,0,0,1,0,0,Communication & Digital Media,male,23,11.0,-0.33,0.83,1.0,59.4,0.0,6,0,12,0
S230591,2023,19,6.2,0,1,1,0,0,0,0,Social Work,female,32,10.0,-4.0,0.83,0.0,69.8,0.0,6,0,12,0
S230593,2023,22,8.4,0,1,0,0,1,0,0,Communication & Digital Media,male,48,21.0,-2.0,0.83,0.0,67.8,0.0,4,0,12,0
S230594,2023,26,3.9,1,1,0,0,0,0,0,Sustainable Biotechnology,female,11,5.0,-0.33,0.67,0.0,51.25,1.0,3,0,12,0
S230595,2023,30,6.5,0,1,0,0,1,0,1,Business Administration,female,24,14.0,1.33,0.5,1.0,49.33,0.0,8,0,12,0
S230596,2023,21,6.4,0,1,1,0,0,1,0,Communication & Digital Media,female,39,16.0,-2.33,0.83,1.0,58.6,0.0,6,0,12,0
S230597,2023,21,6.0,0,1,1,0,0,0,0,Health Science,female,77,32.0,-4.33,0.83,0.0,65.6,0.0,8,0,12,0
S230598,2023,18,7.2,0,0,0,0,0,0,0,Health Science,female,45,20.0,-1.67,1.0,0.0,65.17,0.0,7,0,12,0
S230600,2023,19,5.7,0,1,1,0,0,0,0,Tourism,female,59,23.0,-4.33,0.83,0.0,71.2,0.0,6,0,12,0
S230601,2023,20,10.5,1,0,0,0,0,0,0,Health Science,female,33,9.0,-5.0,1.0,0.0,79.17,0.0,6,0,12,0
S230602,2023,19,7.6,1,1,1,0,1,0,0,Communication & Digital Media,female,21,9.0,-1.0,1.0,0.0,58.83,0.0,6,0,12,0
S230603,2023,23,8.8,0,1,0,0,1,0,0,Health Science,male,12,5.0,-0.67,0.33,2.0,53.5,1.0,0,0,8,1
S230604,2023,19,7.1,0,1,0,0,1,0,0,Health Science,female,40,14.0,-4.0,0.83,0.0,60.6,0.0,7,0,12,0
S230606,2023,19,7.4,1,1,1,0,1,0,0,Communication & Digital Media,female,12,8.0,1.33,0.5,1.0,60.0,0.0,6,0,12,0
S230607,2023,24,9.9,0,1,0,0,0,0,1,Business Administration,female,41,17.0,-2.33,0.5,3.0,79.67,0.0,3,0,12,0
S230608,2023,52,4.7,0,1,0,0,0,1,0,Communication & Digital Media,female,15,7.0,-0.33,0.67,0.0,46.75,0.0,3,0,12,0
S230609,2023,23,9.7,1,1,0,0,1,0,1,Social Work,female,24,10.0,-1.33,0.83,1.0,74.6,0.0,15,0,12,0
S230611,2023,19,8.4,0,0,0,0,1,0,0,Health Science,female,38,20.0,0.67,0.83,0.0,63.4,0.0,7,0,12,0
S230612,2023,19,9.1,1,0,0,1,0,0,0,Business Administration,male,24,15.0,2.0,0.83,1.0,74.4,0.0,3,0,12,0
S230613,2023,19,9.6,0,1,0,0,1,0,0,Communication & Digital Media,female,49,19.0,-3.67,0.67,1.0,68.25,0.0,6,0,12,0
S230614,2023,34,3.9,0,1,0,0,0,0,0,Software,male,16,8.0,0.0,0.5,2.0,47.67,0.0,5,0,12,0
S230615,2023,21,3.6,1,0,0,1,0,0,0,Software,male,10,4.0,-0.67,0.33,1.0,47.0,1.0,3,0,12,0
S230616,2023,18,7.8,0,1,1,0,0,0,0,Social Work,female,52,25.0,-0.67,1.0,0.0,66.83,0.0,6,0,12,0
S230617,2023,19,6.5,0,0,1,0,0,0,0,Health Science,female,26,12.0,-0.67,0.83,0.0,59.2,0.0,7,0,12,0
S230618,2023,22,9.2,1,0,0,1,1,0,0,Health Science,female,33,15.0,-1.0,1.0,0.0,75.17,0.0,7,0,12,0
S230619,2023,18,9.9,1,1,1,0,0,0,0,Communication & Digital Media,female,23,9.0,-1.67,0.83,1.0,78.4,0.0,6,0,12,0
S230620,2023,48,5.4,0,1,1,0,0,1,1,Social Work,female,35,12.0,-3.67,0.83,1.0,52.8,0.0,8,0,12,0
S230621,2023,23,9.9,0,1,0,0,0,0,0,Software,male,25,14.0,1.0,0.67,1.0,72.5,0.0,3,0,12,0
S230622,2023,28,3.8,0,1,0,0,0,0,0,Sustainable Biotechnology,male,21,6.0,-3.0,0.5,2.0,41.0,0.0,0,1,10,1
S230623,2023,18,6.2,0,1,0,1,1,0,0,Communication & Digital Media,female,48,17.0,-4.67,1.0,0.0,57.17,0.0,6,0,12,0
S230624,2023,23,5.3,0,1,0,0,1,0,0,Social Work,female,34,8.0,-6.0,1.0,0.0,63.17,0.0,8,0,12,0
S230626,2023,34,8.7,0,1,1,1,0,1,1,Social Work,female,40,22.0,1.33,0.67,1.0,65.25,0.0,5,0,12,0
S230627,2023,23,4.2,0,1,1,0,1,0,0,Health Science,female,36,23.0,3.33,0.5,2.0,49.0,0.0,6,0,12,0
S230628,2023,20,2.0,0,1,0,0,0,0,0,Health Science,female,51,29.0,2.33,1.0,0.0,59.67,0.0,6,0,12,0
S230629,2023,24,7.4,0,0,0,1,1,0,0,Sustainable Biotechnology,male,21,13.0,1.67,0.33,2.0,61.0,0.0,3,1,12,0
S230630,2023,20,7.0,0,0,0,0,1,0,0,Communication & Digital Media,female,39,20.0,0.33,0.5,1.0,66.0,0.0,6,0,12,0
S230631,2023,19,6.0,0,1,1,0,1,0,0,Health Science,female,50,21.0,-2.67,0.83,1.0,69.2,0.0,7,0,12,0
S230632,2023,20,7.3,0,1,0,0,1,0,0,Software,male,16,9.0,0.67,0.83,0.0,60.4,0.0,3,0,12,0
S230633,2023,18,12.0,1,0,0,0,1,0,0,Health Science,female,22,8.0,-2.0,1.0,0.0,95.33,0.0,4,0,12,0
S230634,2023,18,8.8,0,1,1,0,1,0,0,Communication & Digital Media,female,35,18.0,0.33,0.83,1.0,64.8,0.0,6,0,12,0
S230635,2023,21,12.0,1,0,0,0,1,0,0,Communication & Digital Media,male,6,4.0,0.67,0.83,0.0,83.6,0.0,5,0,12,0
S230636,2023,21,6.8,0,1,0,0,1,0,0,Health Science,female,23,13.0,1.0,0.83,0.0,62.0,0.0,6,0,12,0
S230637,2023,19,7.8,0,1,0,0,1,0,0,Health Science,female,26,16.0,2.0,0.5,1.0,67.0,0.0,5,0,12,0
S230639,2023,20,5.6,0,1,0,0,0,0,0,Health Science,male,37,12.0,-4.33,1.0,0.0,50.33,0.0,5,0,12,0
S230641,2023,22,7.9,0,1,0,0,1,0,0,Business Administration,female,21,11.0,0.33,0.83,0.0,63.2,0.0,4,0,12,0
S230642,2023,19,8.1,1,1,1,0,1,0,0,Communication & Digital Media,male,28,17.0,2.0,1.0,0.0,68.17,0.0,6,0,12,0
S230643,2023,20,9.2,0,1,0,0,1,0,0,Communication & Digital Media,female,32,14.0,-1.33,0.83,0.0,65.0,0.0,3,0,12,0
S230644,2023,28,4.3,0,1,0,0,1,0,0,Communication & Digital Media,male,35,18.0,0.33,0.83,0.0,55.0,0.0,3,1,12,1
S230645,2023,20,12.0,0,1,0,0,0,0,0,Health Science,female,23,15.0,2.33,1.0,0.0,87.5,0.0,11,0,12,0
S230646,2023,21,7.1,1,1,0,0,1,0,0,Software,male,27,18.0,3.0,1.0,0.0,63.17,0.0,4,0,12,0
S230647,2023,22,8.5,0,1,1,0,1,0,0,Health Science,female,44,23.0,0.67,1.0,0.0,75.33,0.0,6,0,12,0
S230649,2023,18,8.8,0,1,1,0,1,0,0,Social Work,female,54,30.0,2.0,1.0,0.0,67.67,0.0,6,0,12,0
S230650,2023,20,6.9,0,1,0,0,0,0,0,Business Administration,female,28,14.0,0.0,0.83,1.0,53.6,0.0,3,0,12,0
S230651,2023,28,4.5,0,1,0,0,0,1,0,Business Administration,female,14,8.0,0.67,0.0,3.0,,0.0,0,1,6,1
S230652,2023,18,7.7,0,1,1,0,1,0,0,Health Science,female,47,21.0,-1.67,0.83,0.0,72.2,0.0,7,0,12,0
S230653,2023,18,6.7,0,1,0,0,1,0,0,Social Work,female,38,21.0,1.33,0.83,0.0,61.4,0.0,4,0,12,0
S230654,2023,21,9.8,0,0,0,0,1,0,0,Health Science,female,26,8.0,-3.33,0.67,2.0,73.75,0.0,8,0,12,0
S230657,2023,20,10.1,1,1,0,0,0,0,0,Communication & Digital Media,female,22,11.0,0.0,0.83,1.0,65.8,0.0,5,0,12,0
S230659,2023,18,8.4,1,1,1,0,1,0,0,Communication & Digital Media,male,28,8.0,-4.0,0.5,2.0,74.67,0.0,6,0,12,0
S230660,2023,18,8.8,0,0,0,0,0,0,0,Health Science,male,49,22.0,-1.67,0.83,1.0,69.2,0.0,7,0,12,0
S230661,2023,19,7.5,1,1,0,0,1,0,0,Communication & Digital Media,female,21,9.0,-1.0,0.83,1.0,66.2,0.0,6,0,12,0
S230662,2023,20,7.4,0,1,1,0,1,0,0,Communication & Digital Media,female,21,8.0,-1.67,0.83,1.0,57.6,0.0,6,0,12,0
S230663,2023,18,10.0,0,1,0,0,0,0,0,Business Administration,female,52,30.0,2.67,1.0,0.0,76.83,0.0,5,0,12,0
S230665,2023,21,6.0,0,1,0,0,1,0,0,Health Science,female,23,12.0,0.33,0.67,0.0,61.25,0.0,4,0,12,0
S230666,2023,22,5.4,0,0,0,0,0,0,0,Communication & Digital Media,male,27,12.0,-1.0,0.5,2.0,47.33,0.0,2,1,7,1
S230668,2023,18,12.0,1,1,0,0,0,0,0,Health Science,female,47,20.0,-2.33,1.0,0.0,84.33,0.0,6,0,12,0
S230670,2023,19,6.7,0,1,0,0,1,0,0,Tourism,female,20,10.0,0.0,0.67,1.0,66.0,0.0,6,0,12,0
S230671,2023,20,5.2,0,1,0,0,1,0,0,Communication & Digital Media,female,37,18.0,-0.33,0.67,0.0,64.25,0.0,6,0,12,0
S230673,2023,24,8.9,1,1,1,1,0,0,0,Social Work,female,19,12.0,1.67,0.83,0.0,61.4,0.0,6,0,12,0
S230674,2023,35,8.7,0,1,0,0,0,1,1,Business Administration,female,18,10.0,0.67,0.67,2.0,57.75,0.0,3,0,12,0
S230675,2023,18,6.9,1,1,0,1,0,0,0,Communication & Digital Media,male,13,7.0,0.33,0.67,1.0,54.5,0.0,4,1,7,1
S230676,2023,18,6.6,0,0,0,0,0,0,0,Learning & Innovation,female,46,22.0,-0.67,0.67,1.0,72.75,0.0,5,0,12,0
S230677,2023,19,7.6,0,1,0,0,0,0,0,Social Work,male,62,35.0,2.67,1.0,0.0,72.33,0.0,6,0,12,0
S230678,2023,18,5.6,0,1,0,1,1,0,0,Communication & Digital Media,male,29,14.0,-0.33,0.67,2.0,59.25,0.0,4,0,12,0
S230679,2023,22,8.7,0,1,1,0,0,0,0,Health Science,male,43,25.0,2.33,0.5,2.0,57.33,0.0,5,0,12,0
S230680,2023,21,6.2,1,1,0,0,1,0,0,Communication & Digital Media,female,16,12.0,2.67,1.0,0.0,61.5,0.0,6,0,12,0
S230681,2023,19,8.9,1,0,0,0,1,0,0,Social Work,female,15,7.0,-0.33,1.0,0.0,72.5,0.0,5,0,12,0
S230683,2023,20,10.0,0,1,1,0,1,0,0,Health Science,male,28,10.0,-2.67,1.0,0.0,75.17,0.0,9,0,12,0
S230684,2023,19,6.8,1,1,0,0,1,0,0,Software,male,19,6.0,-2.33,0.83,1.0,65.4,0.0,4,0,12,0
S230685,2023,21,7.8,0,1,0,0,1,0,0,Social Work,female,40,25.0,3.33,0.67,1.0,59.5,0.0,5,0,12,0
S230686,2023,43,4.5,0,1,0,0,0,1,0,Communication & Digital Media,male,17,11.0,1.67,0.33,1.0,48.5,0.0,3,0,12,0
S230687,2023,20,5.2,0,1,0,0,1,0,0,Health Science,male,15,11.0,2.33,0.33,3.0,54.0,0.0,3,0,11,0
S230688,2023,18,8.5,0,1,1,1,0,0,0,Communication & Digital Media,male,66,37.0,2.67,0.83,0.0,72.6,0.0,6,0,12,0
S230692,2023,20,9.6,1,1,0,0,0,0,0,Social Work,male,54,25.0,-1.33,1.0,0.0,82.83,0.0,6,0,12,0
S230693,2023,18,7.1,0,1,0,0,1,0,0,Communication & Digital Media,male,12,6.0,0.0,0.33,1.0,59.5,0.0,3,0,12,0
S230694,2023,18,8.1,0,1,1,0,1,0,0,Learning & Innovation,female,74,29.0,-5.33,1.0,0.0,68.33,0.0,7,0,12,0
S230695,2023,18,8.8,0,1,0,0,1,0,0,Communication & Digital Media,female,42,19.0,-1.33,0.83,0.0,79.2,0.0,6,0,12,0
S230697,2023,20,3.8,0,0,0,0,0,0,1,Social Work,female,52,18.0,-5.33,0.83,0.0,50.8,0.0,5,0,12,0
S230698,2023,25,3.7,1,0,0,1,0,0,0,Business Administration,male,22,12.0,0.67,1.0,0.0,60.67,0.0,6,0,12,0
S230699,2023,25,3.6,0,1,0,0,0,0,0,Health Science,female,54,25.0,-1.33,0.83,0.0,68.4,0.0,5,0,12,0
S230700,2023,18,7.6,0,0,0,0,0,0,0,Business Administration,male,29,19.0,3.0,0.83,1.0,64.6,0.0,4,0,12,0
S230701,2023,23,5.6,0,1,0,0,1,0,0,Business Administration,female,33,15.0,-1.0,0.67,0.0,52.0,0.0,3,0,12,0
S230702,2023,18,12.0,1,0,0,0,1,0,0,Health Science,female,29,20.0,3.67,1.0,0.0,96.17,0.0,4,0,12,0
S230703,2023,28,6.8,0,0,0,1,1,1,0,Sustainable Biotechnology,male,23,11.0,-0.33,0.67,2.0,56.75,0.0,1,1,9,1
S230704,2023,19,6.0,1,0,0,0,1,0,0,Tourism,female,36,21.0,2.0,1.0,0.0,63.0,0.0,6,0,12,0
S230705,2023,34,5.4,1,1,0,0,0,0,1,Business Administration,female,36,21.0,2.0,1.0,0.0,77.33,0.0,3,0,12,0
S230706,2023,19,7.4,0,0,0,0,1,0,0,Health Science,female,48,28.0,2.67,1.0,0.0,70.5,0.0,8,0,12,0
S230707,2023,21,2.0,0,1,0,0,0,0,0,Communication & Digital Media,male,31,15.0,-0.33,1.0,0.0,50.83,0.0,4,0,12,0
S230708,2023,19,6.7,0,0,0,0,0,0,0,Sustainable Biotechnology,female,16,5.0,-2.0,0.17,3.0,47.0,0.0,3,0,12,0
S230709,2023,19,6.7,0,0,0,0,1,0,0,Communication & Digital Media,female,57,29.0,0.33,0.83,1.0,58.6,0.0,6,0,12,0
S230710,2023,18,7.7,0,1,0,0,1,0,0,Communication & Digital Media,male,44,24.0,1.33,1.0,0.0,63.0,0.0,6,0,12,0
S230711,2023,50,6.7,0,1,0,0,0,1,1,Social Work,female,67,29.0,-3.0,1.0,0.0,67.5,0.0,6,0,12,0
S230712,2023,22,6.8,1,1,0,0,1,0,0,Communication & Digital Media,female,26,13.0,0.0,0.83,1.0,56.8,0.0,6,0,12,0
S230713,2023,19,7.0,0,1,1,0,0,0,0,Tourism,female,40,17.0,-2.0,1.0,0.0,66.33,0.0,6,0,12,0
S230714,2023,19,5.5,0,1,0,0,0,0,0,Software,male,22,12.0,0.67,0.67,2.0,55.0,0.0,4,0,12,0
S230716,2023,19,7.9,1,1,0,0,0,0,0,Business Administration,female,23,14.0,1.67,1.0,0.0,61.67,0.0,4,0,11,0
S230717,2023,21,7.8,0,1,0,1,0,0,0,Social Work,female,29,15.0,0.33,0.67,1.0,66.0,0.0,5,0,12,0
S230718,2023,25,8.4,0,1,0,0,0,0,1,Business Administration,female,49,29.0,3.0,1.0,0.0,68.67,0.0,3,0,12,0
S230720,2023,23,6.7,1,0,0,0,1,0,0,Business Administration,male,20,10.0,0.0,0.83,0.0,56.4,0.0,3,0,12,0
S230721,2023,29,7.4,0,0,0,0,0,0,0,Health Science,female,26,14.0,0.67,1.0,0.0,57.33,0.0,7,0,12,0
S230722,2023,24,11.0,0,1,0,1,0,0,0,Sustainable Biotechnology,male,33,20.0,2.33,0.83,1.0,77.4,0.0,5,0,12,0
S230724,2023,22,3.8,0,1,0,0,1,0,0,Business Administration,male,22,9.0,-1.33,0.33,2.0,30.0,0.0,0,1,7,1
S230725,2023,18,6.7,0,1,1,0,1,0,0,Health Science,female,26,13.0,0.0,0.33,2.0,59.0,0.0,7,0,12,0
S230726,2023,21,6.0,0,1,0,0,1,0,0,Communication & Digital Media,male,21,9.0,-1.0,0.67,1.0,55.25,0.0,0,1,7,1
S230727,2023,20,5.7,0,1,0,0,1,0,0,Communication & Digital Media,female,43,20.0,-1.0,0.67,2.0,47.5,0.0,3,0,12,0
S230729,2023,19,9.0,0,1,0,0,0,0,0,Communication & Digital Media,male,12,8.0,1.33,0.5,2.0,59.0,0.0,0,0,7,1
S230730,2023,18,7.1,0,1,1,0,0,0,0,Business Administration,female,51,22.0,-2.33,1.0,0.0,66.17,0.0,5,0,12,0
S230731,2023,33,4.5,0,1,0,0,0,1,0,Health Science,male,44,24.0,1.33,0.67,2.0,63.5,0.0,4,0,12,0
S230732,2023,23,5.3,0,1,0,0,1,0,0,Communication & Digital Media,female,44,21.0,-0.67,0.83,0.0,61.0,0.0,17,0,12,0
S230733,2023,20,12.0,0,1,1,0,1,0,0,Sustainable Biotechnology,female,46,22.0,-0.67,0.83,1.0,90.2,0.0,6,0,12,0
S230734,2023,18,7.8,0,0,0,0,0,0,0,Sustainable Biotechnology,male,64,27.0,-3.33,1.0,0.0,67.67,0.0,6,0,12,0
S230735,2023,18,9.5,0,1,0,1,1,0,0,Communication & Digital Media,male,24,10.0,-1.33,0.83,1.0,62.4,0.0,0,1,12,1
S230736,2023,19,8.8,1,0,1,0,1,0,0,Health Science,female,21,12.0,1.0,1.0,0.0,70.17,0.0,5,0,12,0
S230737,2023,24,7.3,0,0,0,1,0,0,1,Business Administration,male,40,15.0,-3.33,1.0,0.0,63.5,0.0,7,0,12,0
S230738,2023,21,6.6,0,1,1,0,1,0,0,Health Science,female,32,17.0,0.67,1.0,0.0,60.33,0.0,7,0,12,0
S230739,2023,19,3.9,1,0,0,1,0,0,0,Business Administration,female,18,10.0,0.67,0.83,1.0,39.6,0.0,0,1,12,1
S230741,2023,19,5.2,0,1,1,0,1,0,0,Tourism,male,39,17.0,-1.67,0.83,1.0,55.8,0.0,6,0,12,0
S230742,2023,18,11.1,0,1,1,0,1,0,0,Health Science,female,41,19.0,-1.0,0.5,1.0,84.67,0.0,6,0,12,0
S230743,2023,19,8.9,0,1,1,0,0,0,0,Business Administration,female,33,18.0,1.0,1.0,0.0,69.67,0.0,5,0,12,0
S230744,2023,27,11.3,0,1,0,0,1,0,0,Health Science,female,27,16.0,1.67,0.67,1.0,78.75,0.0,11,0,12,0
S230745,2023,20,7.1,0,0,1,0,0,0,0,Communication & Digital Media,female,50,23.0,-1.33,0.83,1.0,62.2,0.0,6,0,12,0
S230746,2023,19,6.9,0,1,0,0,0,0,0,Health Science,female,33,13.0,-2.33,0.83,1.0,56.2,0.0,4,0,12,0
S230747,2023,29,7.3,0,1,1,0,0,0,0,Communication & Digital Media,male,20,6.0,-2.67,0.5,2.0,57.67,0.0,0,1,8,1
S230748,2023,18,9.0,0,1,1,0,0,0,0,Health Science,female,37,17.0,-1.0,1.0,0.0,76.0,0.0,6,0,12,0
S230749,2023,19,9.0,0,1,1,0,1,0,0,Health Science,female,57,32.0,2.33,0.83,1.0,68.8,0.0,8,0,12,0
S230750,2023,21,6.9,0,1,0,0,1,0,0,Communication & Digital Media,male,29,15.0,0.33,1.0,0.0,61.0,0.0,3,0,12,0
S230751,2023,19,8.3,0,1,1,0,1,0,0,Health Science,female,52,23.0,-2.0,1.0,0.0,73.67,0.0,7,0,12,0
S230752,2023,18,10.7,0,1,0,0,1,0,0,Communication & Digital Media,female,51,30.0,3.0,1.0,0.0,82.67,0.0,6,0,12,0
S230753,2023,21,7.1,1,1,1,0,1,0,0,Communication & Digital Media,female,41,19.0,-1.0,0.83,0.0,66.4,0.0,6,0,12,0
S230754,2023,19,8.4,0,1,0,0,1,0,0,Communication & Digital Media,male,27,16.0,1.67,0.5,1.0,58.67,0.0,3,0,12,0
S230755,2023,34,8.9,0,1,0,0,0,1,0,Business Administration,male,34,16.0,-0.67,0.67,0.0,61.75,0.0,3,0,12,0
S230756,2023,22,10.1,1,1,0,0,1,0,0,Communication & Digital Media,female,25,13.0,0.33,1.0,0.0,80.83,0.0,6,0,12,0
S230757,2023,21,7.7,0,1,0,0,0,0,0,Communication & Digital Media,female,23,12.0,0.33,0.67,2.0,69.25,0.0,6,0,12,0
S230758,2023,19,7.1,0,1,1,0,1,0,0,Health Science,female,32,19.0,2.0,1.0,0.0,68.5,0.0,7,0,12,0
S230759,2023,19,6.8,1,1,1,0,1,0,0,Communication & Digital Media,female,26,12.0,-0.67,0.67,1.0,65.25,0.0,6,0,12,0
S230760,2023,19,12.0,0,0,1,0,0,0,0,Health Science,female,29,15.0,0.33,0.83,0.0,88.6,0.0,7,0,12,0
S230761,2023,18,8.1,1,1,0,1,0,0,0,Communication & Digital Media,male,12,8.0,1.33,0.83,1.0,58.6,0.0,4,0,12,0
S230763,2023,19,6.2,0,1,0,0,1,0,0,Health Science,male,28,13.0,-0.67,1.0,0.0,62.33,0.0,7,0,12,0
S230764,2023,27,7.2,0,1,0,0,0,0,1,Business Administration,female,27,14.0,0.33,0.83,1.0,62.2,0.0,3,0,12,0
S230765,2023,20,8.3,1,1,1,0,0,0,0,Social Work,female,16,3.0,-3.33,0.83,0.0,64.2,0.0,6,0,12,0
S230766,2023,22,7.1,0,1,1,0,0,0,0,Communication & Digital Media,female,30,21.0,4.0,0.67,0.0,68.0,0.0,5,0,12,0
S230767,2023,20,5.8,1,0,0,1,0,0,0,Sustainable Biotechnology,female,26,11.0,-1.33,0.67,2.0,50.75,0.0,3,0,12,0
S230768,2023,18,8.2,0,1,0,0,1,0,0,Business Administration,male,36,19.0,0.67,1.0,0.0,55.17,0.0,5,0,12,0
S230769,2023,32,3.8,0,1,0,0,0,1,1,Business Administration,female,45,21.0,-1.0,0.83,1.0,59.2,0.0,4,0,12,0
S230770,2023,25,5.4,0,1,1,0,0,1,0,Health Science,female,12,5.0,-0.67,0.0,3.0,,0.0,3,0,12,0
S230771,2023,20,6.9,0,1,0,0,0,0,0,Communication & Digital Media,female,30,16.0,0.67,0.5,2.0,72.0,0.0,6,0,12,0
S230772,2023,18,10.5,0,0,0,0,1,0,0,Sustainable Biotechnology,female,41,19.0,-1.0,0.83,0.0,77.8,0.0,6,0,12,0
S230773,2023,25,9.8,0,1,0,1,0,0,0,Sustainable Biotechnology,male,51,25.0,-0.33,0.83,1.0,67.6,0.0,4,1,8,1
S230774,2023,18,11.2,1,1,0,0,1,0,0,Communication & Digital Media,female,16,10.0,1.33,1.0,0.0,79.17,0.0,5,0,12,0
S230775,2023,20,7.9,1,0,0,0,1,0,0,Social Work,female,25,13.0,0.33,0.67,0.0,65.0,0.0,5,0,12,0
S230776,2023,19,6.5,0,1,0,0,0,0,0,Health Science,male,36,17.0,-0.67,0.67,1.0,57.25,0.0,7,0,12,0
S230777,2023,19,8.1,0,1,0,0,1,0,0,Sustainable Biotechnology,female,37,16.0,-1.67,0.83,0.0,67.4,0.0,5,0,12,0
S230778,2023,21,6.9,1,0,0,1,0,0,0,Sustainable Biotechnology,female,28,12.0,-1.33,0.5,1.0,58.67,0.0,5,0,12,0
S230779,2023,18,3.6,1,0,0,0,0,0,0,Health Science,female,29,15.0,0.33,1.0,0.0,59.33,0.0,6,0,12,0
S230780,2023,18,7.6,0,1,1,0,1,0,0,Health Science,female,32,15.0,-0.67,0.83,0.0,66.0,0.0,7,0,12,0
S230781,2023,18,7.3,0,1,1,0,1,0,0,Communication & Digital Media,female,61,28.0,-1.67,1.0,0.0,57.5,0.0,5,0,12,0
S230782,2023,19,8.8,1,1,0,1,0,0,0,Health Science,female,11,7.0,1.0,0.5,1.0,53.33,0.0,3,0,11,0
S230783,2023,30,9.5,0,0,0,1,0,1,0,Sustainable Biotechnology,female,33,17.0,0.33,0.33,2.0,70.5,0.0,7,1,11,1
S230784,2023,19,5.8,0,1,0,0,1,0,0,Tourism,female,45,21.0,-1.0,0.67,2.0,56.5,0.0,6,0,12,0
S230785,2023,19,6.2,0,1,0,0,1,0,0,Learning & Innovation,female,26,14.0,0.67,0.17,2.0,63.0,0.0,3,0,12,0
S230786,2023,48,6.6,0,1,0,0,0,0,0,Social Work,female,17,10.0,1.0,0.83,0.0,52.6,0.0,3,0,11,0
S230787,2023,25,9.0,0,0,0,1,0,0,0,Health Science,female,38,20.0,0.67,1.0,0.0,62.5,0.0,4,0,12,0
S230788,2023,20,6.6,1,1,0,0,1,0,0,Software,male,26,16.0,2.0,1.0,0.0,59.67,0.0,4,0,12,0
S230789,2023,36,9.7,0,1,0,0,0,0,0,Health Science,male,15,9.0,1.0,0.67,1.0,63.25,0.0,0,1,7,1
S230790,2023,22,9.6,0,1,0,0,1,0,0,Sustainable Biotechnology,female,15,3.0,-3.0,0.5,2.0,72.33,0.0,3,0,12,0
S230791,2023,18,5.0,0,1,1,0,1,0,0,Business Administration,female,21,11.0,0.33,0.83,0.0,55.2,0.0,4,0,12,0
S230792,2023,21,7.7,0,1,0,0,0,0,0,Communication & Digital Media,female,30,15.0,0.0,0.5,1.0,66.33,0.0,6,0,12,0
S230793,2023,21,9.8,0,1,1,0,1,0,0,Communication & Digital Media,male,55,29.0,1.0,1.0,0.0,79.33,0.0,6,0,12,0
S230794,2023,55,6.8,0,1,0,0,0,0,0,Sustainable Biotechnology,female,25,12.0,-0.33,1.0,0.0,61.83,0.0,5,1,12,1
S230795,2023,48,11.9,0,1,0,0,0,1,1,Social Work,male,61,29.0,-1.0,1.0,0.0,77.83,0.0,6,0,12,0
S230796,2023,18,8.6,0,1,1,0,1,0,0,Communication & Digital Media,female,52,23.0,-2.0,0.83,0.0,74.2,0.0,5,0,12,0
S230797,2023,43,12.0,0,1,0,0,0,1,1,Business Administration,male,50,30.0,3.33,1.0,0.0,77.17,0.0,5,0,12,0
S230798,2023,20,7.0,1,1,1,0,1,0,0,Tourism,female,14,7.0,0.0,0.67,2.0,53.25,0.0,6,0,12,0
S230799,2023,18,4.4,0,1,0,1,1,0,0,Communication & Digital Media,female,33,20.0,2.33,1.0,0.0,59.5,0.0,6,0,12,0
S230800,2023,24,10.1,0,1,0,0,0,0,1,Business Administration,female,45,19.0,-2.33,0.83,0.0,68.8,0.0,5,0,12,0
S230801,2023,21,3.8,1,0,0,1,0,0,0,Software,male,12,5.0,-0.67,0.17,3.0,52.0,0.0,3,0,12,0
S230802,2023,18,8.6,0,1,0,0,0,0,0,Communication & Digital Media,female,20,11.0,0.67,0.67,1.0,55.75,0.0,3,0,12,0
S230803,2023,22,11.1,0,1,1,0,0,0,0,Social Work,female,27,14.0,0.33,1.0,0.0,74.5,0.0,6,0,12,0
S230804,2023,18,9.7,0,0,0,0,0,0,0,Health Science,female,32,19.0,2.0,0.83,0.0,69.2,0.0,6,0,12,0
S230805,2023,18,7.3,0,0,0,0,0,0,0,Software,male,20,10.0,0.0,0.83,1.0,55.0,0.0,3,0,12,0
S230806,2023,18,6.4,0,1,0,0,0,0,0,Social Work,male,40,19.0,-0.67,0.83,0.0,59.8,0.0,5,0,12,0
S230808,2023,18,8.4,0,1,0,0,0,0,0,Software,male,67,31.0,-1.67,1.0,0.0,71.33,0.0,5,0,12,0
S230809,2023,19,8.9,1,1,1,1,0,0,0,Communication & Digital Media,female,30,8.0,-4.67,1.0,0.0,75.83,0.0,6,0,12,0
S230810,2023,38,8.3,1,1,0,0,0,0,0,Health Science,female,8,3.0,-0.67,0.17,2.0,52.0,0.0,3,0,11,0
S230811,2023,19,7.2,0,1,0,0,0,0,0,Communication & Digital Media,female,62,30.0,-0.67,1.0,0.0,70.33,0.0,5,0,12,0
S230812,2023,21,7.8,1,1,1,0,0,0,0,Social Work,female,23,16.0,3.0,0.67,1.0,59.5,0.0,6,0,12,0
S230813,2023,21,4.9,1,1,0,0,1,0,0,Communication & Digital Media,female,17,7.0,-1.0,1.0,0.0,50.83,0.0,6,0,12,0
S230814,2023,19,5.8,0,1,0,0,1,0,0,Software,male,25,13.0,0.33,0.67,1.0,51.5,0.0,3,0,12,0
S230815,2023,22,9.1,0,1,0,0,1,0,0,Health Science,male,53,24.0,-1.67,1.0,0.0,64.17,0.0,6,0,12,0
S230817,2023,19,9.7,0,1,0,0,1,0,0,Communication & Digital Media,female,45,17.0,-3.67,0.83,0.0,74.4,0.0,6,0,12,0
S230818,2023,18,7.5,1,1,0,0,1,0,0,Communication & Digital Media,female,24,12.0,0.0,0.83,1.0,62.2,0.0,6,0,12,0
S230819,2023,18,9.1,0,1,0,0,1,0,0,Health Science,female,24,11.0,-0.67,0.5,0.0,75.33,0.0,6,0,12,0
S230820,2023,19,9.5,0,1,0,0,1,0,0,Communication & Digital Media,male,14,8.0,0.67,0.5,1.0,60.33,0.0,3,0,12,0
S230821,2023,39,6.9,0,1,0,0,0,1,1,Business Administration,female,40,19.0,-0.67,1.0,0.0,67.33,0.0,7,1,8,1
S230822,2023,18,7.6,0,1,1,0,1,0,0,Learning & Innovation,female,50,26.0,0.67,1.0,0.0,68.67,0.0,7,0,12,0
S230823,2023,28,10.6,0,1,0,0,0,0,0,Sustainable Biotechnology,male,37,19.0,0.33,1.0,0.0,76.5,0.0,6,0,12,0
S230824,2023,27,8.6,0,1,0,0,0,0,0,Health Science,male,27,13.0,-0.33,0.5,2.0,60.33,0.0,7,0,12,0
S230825,2023,24,10.1,0,1,0,0,1,0,0,Sustainable Biotechnology,female,25,14.0,1.0,0.67,0.0,72.25,0.0,3,0,12,0
S230826,2023,18,4.5,1,1,0,0,1,0,0,Tourism,female,22,16.0,3.33,1.0,0.0,56.17,0.0,5,0,12,0
S230827,2023,21,7.8,0,1,1,0,0,0,0,Communication & Digital Media,female,51,24.0,-1.0,0.83,1.0,70.4,0.0,11,0,12,0
S230828,2023,35,4.3,0,1,1,0,0,1,1,Social Work,female,26,9.0,-2.67,0.67,1.0,45.5,0.0,6,0,12,0
S230829,2023,18,6.9,0,1,0,0,0,0,0,Communication & Digital Media,female,31,11.0,-3.0,1.0,0.0,62.0,0.0,3,0,12,0
S230830,2023,18,8.8,0,0,0,0,1,0,0,Health Science,female,46,21.0,-1.33,0.67,1.0,58.5,0.0,7,0,12,0
S230831,2023,20,4.9,0,1,1,0,1,0,0,Learning & Innovation,female,30,18.0,2.0,0.67,1.0,49.0,0.0,6,0,12,0
S230833,2023,19,9.2,1,0,0,1,0,0,0,Business Administration,male,18,7.0,-1.33,1.0,0.0,63.0,0.0,3,0,12,0
S230834,2023,18,7.2,0,0,0,0,0,0,0,Health Science,female,34,19.0,1.33,1.0,0.0,65.17,0.0,7,0,12,0
S230836,2023,21,9.2,1,1,0,0,1,0,0,Tourism,female,13,8.0,1.0,0.83,0.0,67.2,0.0,3,1,9,1
S230837,2023,19,9.6,0,1,1,0,1,0,0,Communication & Digital Media,female,31,13.0,-1.67,1.0,0.0,69.67,0.0,6,0,12,0
S230838,2023,18,6.9,0,1,1,0,1,0,0,Health Science,female,36,14.0,-2.67,0.83,1.0,63.6,0.0,8,0,12,0
S230839,2023,18,8.2,0,1,0,0,1,0,0,Health Science,female,32,13.0,-2.0,0.67,1.0,61.25,0.0,4,1,11,1
S230840,2023,29,12.0,0,0,0,0,0,0,0,Health Science,female,34,12.0,-3.33,0.83,0.0,80.2,0.0,7,0,12,0
S230841,2023,19,6.1,1,0,0,0,1,0,0,Software,male,32,17.0,0.67,1.0,0.0,60.33,0.0,5,0,12,0
S230842,2023,46,9.1,0,1,0,0,0,1,0,Learning & Innovation,female,15,8.0,0.33,0.5,3.0,59.67,0.0,4,1,12,1
S230844,2023,18,10.6,0,1,1,0,1,0,0,Communication & Digital Media,male,18,9.0,0.0,0.83,0.0,80.6,1.0,3,0,12,0
S230845,2023,20,6.9,0,1,0,0,1,0,0,Business Administration,female,44,22.0,0.0,0.33,2.0,62.0,0.0,4,0,12,0
S230846,2023,22,10.2,1,1,0,0,1,0,0,Communication & Digital Media,male,10,3.0,-1.33,0.83,1.0,65.0,0.0,3,0,12,0
S230847,2023,18,8.5,0,1,1,0,1,0,0,Health Science,female,46,26.0,2.0,0.83,0.0,74.2,0.0,6,0,12,0
S230848,2023,40,8.2,1,1,0,0,0,0,0,Health Science,female,5,0.0,-1.67,0.33,2.0,54.5,3.0,3,0,9,0
S230850,2023,18,9.0,0,1,0,0,1,0,0,Learning & Innovation,female,61,32.0,1.0,0.83,0.0,75.4,0.0,6,0,12,0
S230852,2023,18,9.8,0,1,0,0,1,0,0,Communication & Digital Media,female,34,15.0,-1.33,0.67,1.0,69.75,0.0,3,0,12,0
S230853,2023,18,6.9,0,1,1,0,1,0,0,Health Science,female,31,15.0,-0.33,1.0,0.0,64.5,0.0,6,0,12,0
S230854,2023,19,6.1,0,1,0,0,1,0,0,Software,male,32,16.0,0.0,0.67,2.0,52.5,0.0,3,0,12,0
S230856,2023,20,5.7,0,1,1,0,0,0,0,Health Science,female,47,27.0,2.33,1.0,0.0,62.83,0.0,7,0,12,0
S230857,2023,19,10.0,0,1,0,0,0,0,0,Business Administration,male,31,16.0,0.33,1.0,0.0,77.67,0.0,5,0,12,0
S230858,2023,20,8.1,1,1,1,0,0,0,0,Communication & Digital Media,female,16,6.0,-1.33,1.0,0.0,68.5,0.0,5,0,12,0
S230859,2023,18,9.1,0,0,0,0,1,0,0,Health Science,female,43,24.0,1.67,0.83,1.0,71.6,0.0,5,0,12,0
S230860,2023,31,7.6,0,1,0,0,1,0,1,Business Administration,male,30,15.0,0.0,0.5,1.0,58.33,0.0,4,0,8,1
S230861,2023,19,9.7,0,1,0,0,1,0,0,Communication & Digital Media,female,25,10.0,-1.67,1.0,0.0,64.67,0.0,6,0,12,0
S230862,2023,27,10.2,0,1,1,0,1,0,1,Business Administration,female,56,28.0,0.0,1.0,0.0,83.83,0.0,5,0,12,0
S230864,2023,18,5.9,0,1,1,0,1,0,0,Social Work,female,26,15.0,1.33,0.83,1.0,51.0,0.0,5,0,12,0
S230865,2023,18,8.2,1,1,1,0,1,0,0,Health Science,female,33,14.0,-1.67,1.0,0.0,71.33,0.0,4,0,12,0
S230866,2023,20,9.9,1,1,0,1,1,0,0,Social Work,male,17,10.0,1.0,0.83,0.0,74.8,0.0,4,1,10,1
S230867,2023,31,7.9,0,1,0,0,1,1,0,Social Work,female,26,12.0,-0.67,0.83,1.0,62.4,0.0,3,0,12,0
S230869,2023,38,6.0,0,1,0,1,0,1,0,Sustainable Biotechnology,female,42,20.0,-0.67,1.0,0.0,64.83,0.0,6,0,12,0
S230870,2023,19,11.7,1,0,1,0,1,0,0,Communication & Digital Media,female,7,4.0,0.33,0.17,3.0,76.0,1.0,3,0,11,0
S230871,2023,19,7.0,0,1,1,0,1,0,0,Health Science,male,40,17.0,-2.0,0.83,1.0,57.8,0.0,6,0,12,0
S230872,2023,19,8.2,0,1,1,0,0,0,0,Health Science,female,58,27.0,-1.33,1.0,0.0,61.33,0.0,7,0,12,0
S230874,2023,18,8.5,1,1,1,0,1,0,0,Health Science,female,19,6.0,-2.33,1.0,0.0,72.0,0.0,4,0,12,0
S230875,2023,20,7.0,0,1,0,0,0,0,0,Health Science,female,48,21.0,-2.0,1.0,0.0,71.0,0.0,6,1,12,0
S230878,2023,37,2.4,1,1,0,0,0,1,1,Business Administration,female,13,7.0,0.33,0.5,3.0,50.67,0.0,7,0,12,0
S230879,2023,19,7.8,0,1,0,0,1,0,0,Health Science,female,21,11.0,0.33,0.83,0.0,66.6,0.0,7,0,12,0
S230880,2023,19,4.0,0,1,0,0,1,0,0,Business Administration,female,27,15.0,1.0,0.67,1.0,45.5,0.0,3,0,12,0
S230881,2023,25,5.8,0,1,0,1,1,0,0,Communication & Digital Media,male,24,10.0,-1.33,0.67,1.0,52.75,0.0,1,1,7,1
S230883,2023,18,11.2,0,1,0,0,1,0,0,Communication & Digital Media,female,40,20.0,0.0,1.0,0.0,85.17,0.0,6,0,12,0
S230884,2023,22,8.7,0,0,0,0,1,0,0,Software,male,15,7.0,-0.33,0.5,2.0,61.0,0.0,3,0,12,0
S230885,2023,39,9.8,0,1,0,0,0,1,1,Social Work,female,78,40.0,0.67,1.0,0.0,79.33,0.0,9,0,12,0
S230886,2023,20,7.2,0,1,1,0,1,0,0,Communication & Digital Media,female,44,23.0,0.67,1.0,0.0,71.17,0.0,6,0,12,0
S230887,2023,18,8.4,0,1,0,0,0,0,0,Communication & Digital Media,female,54,25.0,-1.33,0.67,1.0,68.0,0.0,5,0,12,0
S230888,2023,19,5.9,0,0,0,0,1,0,0,Communication & Digital Media,female,47,28.0,3.0,0.83,1.0,64.0,0.0,6,0,12,0
S230890,2023,20,8.9,0,1,0,0,0,0,0,Sustainable Biotechnology,female,39,19.0,-0.33,0.83,0.0,68.2,0.0,6,0,12,0
S230891,2023,18,7.1,0,1,0,0,1,0,0,Health Science,female,39,19.0,-0.33,1.0,0.0,67.0,0.0,0,0,8,1
S230892,2023,23,7.9,0,1,1,0,1,0,0,Health Science,female,29,14.0,-0.33,0.67,1.0,56.5,0.0,6,0,12,0
S230894,2023,22,5.2,0,1,0,0,0,0,0,Communication & Digital Media,female,14,11.0,2.67,0.67,2.0,50.0,0.0,3,1,12,0
S230895,2023,19,8.1,0,1,1,0,1,0,0,Tourism,female,20,10.0,0.0,0.83,0.0,55.2,0.0,6,0,12,0
S230896,2023,25,3.7,0,1,0,0,0,0,0,Communication & Digital Media,female,15,5.0,-1.67,0.67,1.0,53.5,0.0,3,0,12,0
S230897,2023,20,10.0,1,0,0,0,0,0,0,Health Science,female,37,17.0,-1.0,1.0,0.0,78.33,0.0,6,0,12,0
S230900,2023,39,8.8,0,1,0,0,0,1,1,Business Administration,female,26,14.0,0.67,0.5,3.0,62.33,0.0,5,0,12,0
S230901,2023,33,8.4,1,1,0,0,0,1,0,Health Science,female,22,13.0,1.33,1.0,0.0,56.17,0.0,7,0,11,0
S230903,2023,18,12.0,1,0,0,0,0,0,0,Health Science,female,23,9.0,-1.67,1.0,0.0,94.83,0.0,6,0,12,0
S230904,2023,18,7.0,0,1,1,0,1,0,0,Health Science,female,38,23.0,2.67,1.0,0.0,62.0,0.0,7,0,12,0
S230905,2023,22,9.0,1,1,0,0,0,0,0,Social Work,male,28,14.0,0.0,0.5,2.0,65.33,0.0,6,0,12,0
S230906,2023,18,8.3,0,0,1,0,1,0,0,Communication & Digital Media,female,42,16.0,-3.33,0.83,0.0,69.4,0.0,6,0,12,0
S230907,2023,21,8.4,0,1,0,0,1,0,0,Health Science,female,41,17.0,-2.33,1.0,0.0,68.5,0.0,7,0,12,0
S230909,2023,23,5.3,1,0,0,0,1,0,0,Business Administration,female,11,8.0,1.67,0.33,2.0,39.5,0.0,1,1,8,1
S230910,2023,19,8.2,0,1,0,0,0,0,0,Communication & Digital Media,male,48,23.0,-0.67,0.83,1.0,73.4,0.0,6,0,12,0
S230911,2023,18,8.3,0,1,0,0,1,0,0,Health Science,female,58,21.0,-5.33,0.83,0.0,72.0,0.0,7,0,12,0
S230913,2023,19,5.0,0,1,0,0,1,0,0,Health Science,male,31,14.0,-1.0,1.0,0.0,57.83,0.0,1,0,9,1
S230914,2023,19,4.9,0,1,1,0,0,0,0,Business Administration,male,31,15.0,-0.33,1.0,0.0,58.33,0.0,4,0,12,0
S230915,2023,35,3.9,0,1,1,0,0,1,1,Social Work,female,39,17.0,-1.67,0.83,1.0,56.8,0.0,16,0,12,0
S230916,2023,18,8.9,0,1,0,0,1,0,0,Communication & Digital Media,female,35,23.0,3.67,1.0,0.0,73.0,0.0,6,0,12,0
S230917,2023,23,8.5,0,1,0,1,0,0,0,Communication & Digital Media,male,31,17.0,1.0,0.67,2.0,65.5,0.0,3,1,12,0
S230918,2023,20,6.5,0,1,1,0,0,0,0,Communication & Digital Media,male,41,22.0,1.0,1.0,0.0,60.17,0.0,5,0,12,0
S230919,2023,35,7.0,0,1,0,1,1,1,0,Sustainable Biotechnology,male,48,24.0,0.0,0.83,0.0,56.6,0.0,14,0,12,0
S230920,2023,20,4.3,0,1,0,0,1,0,0,Health Science,female,30,17.0,1.33,1.0,0.0,55.5,0.0,4,0,12,0
S230921,2023,18,6.2,0,1,0,0,1,0,0,Communication & Digital Media,female,25,8.0,-3.0,0.17,3.0,56.0,0.0,3,0,12,0
S230922,2023,19,10.2,1,1,0,0,1,0,0,Health Science,female,21,14.0,2.33,1.0,0.0,83.83,0.0,6,0,12,0
S230923,2023,22,8.1,0,1,0,0,1,0,0,Health Science,female,17,6.0,-1.67,0.67,0.0,51.0,0.0,3,0,12,0
S230924,2023,19,6.0,0,1,0,1,1,0,0,Tourism,female,42,24.0,2.0,0.83,0.0,60.8,0.0,6,0,12,0
S230926,2023,24,8.7,0,1,0,0,0,0,1,Social Work,female,35,15.0,-1.67,1.0,0.0,71.17,0.0,6,0,12,0
S230927,2023,18,8.4,1,1,0,0,0,0,0,Business Administration,female,24,11.0,-0.67,0.67,1.0,62.5,0.0,4,0,12,0
S230928,2023,29,9.0,0,0,0,1,0,1,0,Sustainable Biotechnology,female,28,17.0,2.0,1.0,0.0,67.83,0.0,7,0,12,0
S230929,2023,19,11.7,1,0,0,1,0,0,0,Software,female,19,9.0,-0.33,0.83,0.0,83.6,0.0,3,0,12,0
S230930,2023,19,8.9,0,1,1,0,1,0,0,Health Science,female,44,27.0,3.33,1.0,0.0,69.5,0.0,8,0,12,0
S230932,2023,18,8.1,0,0,1,0,1,0,0,Health Science,female,49,26.0,1.0,1.0,0.0,65.83,0.0,6,0,12,0
S230933,2023,19,6.7,0,1,1,0,1,0,0,Health Science,female,58,25.0,-2.67,0.67,1.0,60.75,0.0,5,0,12,0
S230934,2023,19,6.9,0,1,0,0,0,0,0,Business Administration,male,14,7.0,0.0,0.5,1.0,65.0,0.0,3,0,12,0
S230935,2023,21,8.6,0,1,1,0,1,0,0,Tourism,female,41,24.0,2.33,0.83,0.0,74.6,0.0,6,0,12,0
S230936,2023,18,8.2,0,1,0,0,1,0,0,Communication & Digital Media,female,40,17.0,-2.0,0.67,1.0,73.5,0.0,6,0,12,0
S230937,2023,24,10.2,1,1,0,0,1,0,1,Social Work,female,20,6.0,-2.67,1.0,0.0,81.33,0.0,15,0,12,0
S230938,2023,18,9.7,0,0,0,0,1,0,0,Communication & Digital Media,female,17,8.0,-0.33,0.67,2.0,71.5,0.0,3,0,12,0
S230939,2023,19,8.6,1,1,0,0,1,0,0,Health Science,female,29,15.0,0.33,0.83,1.0,71.8,0.0,6,0,12,0
S230940,2023,23,7.8,0,1,0,1,1,0,1,Social Work,female,34,15.0,-1.33,1.0,0.0,62.0,0.0,11,0,12,0
S230941,2023,18,5.3,0,1,0,0,0,0,0,Communication & Digital Media,male,18,9.0,0.0,0.83,1.0,50.2,0.0,3,0,12,0
S230942,2023,21,4.1,1,1,0,0,1,0,0,Communication & Digital Media,female,25,14.0,1.0,1.0,0.0,64.67,0.0,6,0,12,0
S230944,2023,18,6.8,0,0,0,0,0,0,0,Health Science,male,25,12.0,-0.33,0.83,0.0,58.0,0.0,4,0,12,0
S230945,2023,19,7.3,0,1,0,0,1,0,0,Health Science,female,21,9.0,-1.0,0.83,1.0,71.4,0.0,4,0,12,0
S230946,2023,33,9.6,0,1,0,0,0,0,0,Health Science,female,45,22.0,-0.33,0.83,0.0,75.0,0.0,6,0,12,0
S230947,2023,18,7.0,0,1,1,0,1,0,0,Health Science,female,43,24.0,1.67,1.0,0.0,63.17,0.0,8,0,12,0
S230948,2023,23,8.9,0,0,0,0,1,0,0,Communication & Digital Media,female,31,15.0,-0.33,0.83,0.0,62.6,0.0,8,0,12,0
S230949,2023,18,7.6,0,1,1,0,1,0,0,Health Science,female,37,14.0,-3.0,0.83,1.0,65.6,0.0,7,0,12,0
S240000,2024,18,8.2,0,1,0,0,0,0,0,Communication & Digital Media,male,62,31.0,0.0,1.0,0.0,75.67,0.0,6,0,12,0
S240001,2024,20,5.9,0,1,0,0,1,0,0,Health Science,female,32,19.0,2.0,0.83,1.0,51.6,0.0,5,0,12,0
S240002,2024,18,9.0,0,1,0,1,1,0,0,Communication & Digital Media,male,16,6.0,-1.33,0.83,1.0,66.8,0.0,0,1,6,1
S240003,2024,19,6.0,0,1,1,0,1,0,0,Communication & Digital Media,female,34,14.0,-2.0,1.0,0.0,69.17,0.0,6,0,12,0
S240004,2024,19,4.8,0,1,1,0,0,0,0,Learning & Innovation,female,34,15.0,-1.33,1.0,0.0,54.67,0.0,6,0,12,0
S240005,2024,38,5.6,0,1,0,0,0,1,0,Learning & Innovation,female,21,12.0,1.0,0.67,1.0,60.5,0.0,3,0,12,0
S240006,2024,20,4.9,0,1,1,1,0,0,0,Communication & Digital Media,female,35,16.0,-1.0,0.83,0.0,47.2,0.0,5,0,12,0
S240007,2024,19,7.9,0,1,0,0,0,0,0,Health Science,female,25,15.0,1.67,0.5,2.0,64.0,0.0,3,0,12,0
S240008,2024,19,7.1,0,0,0,0,0,0,0,Tourism,male,20,4.0,-4.0,0.67,2.0,65.75,0.0,5,0,7,1
S240009,2024,21,5.8,0,1,0,0,1,0,0,Communication & Digital Media,female,31,15.0,-0.33,0.83,1.0,66.4,0.0,6,0,12,0
S240010,2024,38,4.2,0,0,0,0,0,0,0,Health Science,male,8,4.0,0.0,0.5,2.0,49.33,1.0,3,0,12,0
S240011,2024,20,4.8,0,1,0,0,0,0,0,Health Science,male,49,24.0,-0.33,0.83,1.0,55.4,0.0,6,0,12,0
S240012,2024,18,5.7,0,1,1,0,0,0,0,Social Work,female,35,16.0,-1.0,0.5,1.0,51.33,0.0,6,0,12,0
S240013,2024,18,7.5,0,1,1,0,0,0,0,Communication & Digital Media,male,59,26.0,-2.33,1.0,0.0,68.5,0.0,6,0,12,0
S240015,2024,18,8.6,0,1,1,0,1,0,0,Sustainable Biotechnology,female,33,18.0,1.0,1.0,0.0,69.0,0.0,6,0,12,0
S240016,2024,19,5.2,0,1,0,0,1,0,0,Business Administration,female,23,15.0,2.33,0.67,2.0,48.25,0.0,3,0,12,0
S240018,2024,19,8.9,0,1,0,0,1,0,0,Social Work,female,64,30.0,-1.33,1.0,0.0,79.17,0.0,6,0,12,0
S240019,2024,20,6.0,1,1,0,1,1,0,0,Communication & Digital Media,female,26,7.0,-4.0,1.0,0.0,60.5,0.0,5,0,12,0
S240020,2024,39,9.9,0,1,0,0,0,0,1,Business Administration,female,35,16.0,-1.0,1.0,0.0,70.33,0.0,4,0,12,0
S240021,2024,18,6.2,0,1,0,0,1,0,0,Social Work,female,31,10.0,-3.67,0.83,0.0,61.0,0.0,5,0,12,0
S240022,2024,23,8.7,1,1,0,1,0,0,0,Communication & Digital Media,female,6,3.0,0.0,0.17,2.0,56.0,0.0,3,0,12,0
S240024,2024,19,6.5,0,0,0,0,1,0,0,Communication & Digital Media,male,47,23.0,-0.33,0.83,0.0,63.0,0.0,3,0,12,0
S240025,2024,19,9.0,0,1,0,0,0,0,0,Health Science,female,25,10.0,-1.67,0.83,1.0,72.0,0.0,5,0,12,0
S240026,2024,20,7.6,0,1,0,0,1,0,0,Communication & Digital Media,female,42,18.0,-2.0,1.0,0.0,68.17,0.0,6,0,12,0
S240027,2024,37,2.3,1,1,0,0,0,0,0,Sustainable Biotechnology,female,10,3.0,-1.33,0.33,2.0,56.5,1.0,3,0,12,0
S240028,2024,20,7.7,0,1,1,0,0,0,0,Sustainable Biotechnology,male,37,22.0,2.33,0.67,0.0,56.0,0.0,1,1,7,1
S240029,2024,18,7.5,0,1,1,0,1,0,0,Health Science,female,33,14.0,-1.67,0.83,1.0,70.0,0.0,6,0,12,0
S240030,2024,18,6.2,0,1,0,1,0,0,0,Business Administration,male,50,27.0,1.33,0.83,0.0,62.8,0.0,5,0,12,0
S240032,2024,19,6.8,0,1,0,0,1,0,0,Social Work,female,8,4.0,0.0,0.0,3.0,,0.0,3,0,12,0
S240033,2024,19,5.8,0,1,1,0,1,0,0,Tourism,female,40,17.0,-2.0,1.0,0.0,61.67,0.0,5,0,12,0
S240034,2024,19,6.9,0,1,1,0,1,0,0,Health Science,female,32,17.0,0.67,0.83,0.0,62.2,0.0,7,0,12,0
S240035,2024,18,5.5,0,1,0,0,1,0,0,Learning & Innovation,female,28,10.0,-2.67,1.0,0.0,63.5,0.0,7,0,12,0
S240036,2024,37,8.2,0,1,0,0,0,1,0,Health Science,male,45,23.0,0.33,0.83,1.0,62.8,0.0,5,0,12,0
S240037,2024,18,5.6,0,0,0,0,0,0,0,Communication & Digital Media,female,36,16.0,-1.33,0.83,0.0,53.6,0.0,6,0,12,0
S240038,2024,18,9.8,0,1,0,0,1,0,0,Business Administration,female,29,15.0,0.33,1.0,0.0,63.83,0.0,5,0,12,0
S240039,2024,19,2.0,1,0,0,0,0,0,0,Sustainable Biotechnology,female,27,14.0,0.33,0.67,2.0,47.75,0.0,5,0,12,0
S240040,2024,20,10.0,1,1,0,0,1,0,0,Communication & Digital Media,male,4,3.0,0.67,0.5,1.0,58.67,1.0,0,0,9,1
S240041,2024,23,8.5,0,1,0,0,0,0,0,Health Science,male,31,15.0,-0.33,1.0,0.0,62.5,0.0,3,0,12,0
S240042,2024,20,5.8,0,1,1,0,0,0,0,Communication & Digital Media,male,43,22.0,0.33,1.0,0.0,52.0,0.0,6,0,12,0
S240043,2024,18,6.5,0,0,0,0,1,0,0,Communication & Digital Media,male,36,19.0,0.67,0.83,1.0,58.4,0.0,6,0,12,0
S240044,2024,18,6.1,0,1,0,0,1,0,0,Learning & Innovation,female,37,17.0,-1.0,1.0,0.0,55.5,0.0,5,0,12,0
S240045,2024,20,7.4,0,1,0,1,1,0,0,Social Work,female,55,25.0,-1.67,0.83,1.0,67.6,0.0,6,0,12,0
S240046,2024,19,6.0,0,1,1,0,1,0,0,Health Science,male,20,12.0,1.33,0.67,2.0,47.75,0.0,3,0,12,0
S240047,2024,19,6.1,0,0,0,0,0,0,0,Sustainable Biotechnology,male,54,28.0,0.67,1.0,0.0,68.5,0.0,3,0,12,0
S240048,2024,29,7.0,0,1,1,1,0,0,0,Tourism,female,66,29.0,-2.67,0.83,1.0,72.0,0.0,6,0,12,0
S240049,2024,18,9.0,0,1,0,1,1,0,0,Communication & Digital Media,male,8,5.0,0.67,0.5,2.0,65.33,0.0,0,1,11,1
S240050,2024,22,9.1,0,1,0,0,1,0,0,Sustainable Biotechnology,male,56,31.0,2.0,1.0,0.0,77.17,0.0,6,0,12,0
S240052,2024,23,7.7,0,1,0,0,1,0,0,Health Science,female,20,10.0,0.0,0.5,2.0,64.0,0.0,0,1,10,1
S240053,2024,20,8.6,1,1,0,0,1,0,0,Communication & Digital Media,male,5,1.0,-1.0,0.5,2.0,61.67,0.0,0,1,6,1
S240054,2024,30,9.2,0,1,0,1,0,1,0,Software,male,13,7.0,0.33,0.5,2.0,64.0,0.0,0,1,12,1
S240055,2024,20,5.1,0,0,0,0,1,0,0,Social Work,male,43,17.0,-3.0,0.83,1.0,63.4,0.0,6,0,12,0
S240056,2024,19,7.3,0,1,0,0,1,0,0,Health Science,female,40,23.0,2.0,0.83,1.0,60.6,0.0,6,0,12,0
S240057,2024,18,9.9,0,0,0,0,1,0,0,Sustainable Biotechnology,female,16,6.0,-1.33,0.67,1.0,74.25,0.0,4,0,12,0
S240059,2024,60,2.0,1,1,0,0,0,1,0,Communication & Digital Media,female,38,17.0,-1.33,0.83,0.0,51.4,0.0,0,1,7,1
S240060,2024,19,4.9,0,1,1,0,1,0,0,Health Science,female,88,42.0,-1.33,1.0,0.0,61.83,0.0,7,0,12,0
S240061,2024,19,5.4,0,0,1,0,1,0,0,Business Administration,female,37,17.0,-1.0,0.83,0.0,63.6,0.0,5,0,12,0
S240062,2024,27,9.0,0,1,0,0,0,0,0,Health Science,female,9,1.0,-2.33,0.17,2.0,44.0,2.0,0,1,8,1
S240063,2024,18,6.7,0,0,1,0,1,0,0,Communication & Digital Media,male,35,13.0,-3.0,0.67,1.0,62.25,0.0,6,0,12,0
S240064,2024,18,5.6,1,1,0,1,1,0,0,Communication & Digital Media,female,28,12.0,-1.33,1.0,0.0,65.33,0.0,5,0,12,0
S240065,2024,18,8.9,1,1,0,1,0,0,0,Health Science,female,10,2.0,-2.0,0.67,2.0,62.75,1.0,3,0,10,0
S240066,2024,19,9.7,0,1,1,0,1,0,0,Communication & Digital Media,female,19,11.0,1.0,0.67,1.0,73.75,0.0,3,0,12,0
S240067,2024,22,7.2,0,1,1,0,1,0,0,Social Work,female,42,19.0,-1.33,1.0,0.0,71.0,0.0,5,0,12,0
S240068,2024,20,5.4,0,1,1,0,1,0,0,Learning & Innovation,female,48,24.0,0.0,1.0,0.0,63.33,0.0,6,0,12,0
S240070,2024,18,4.8,0,1,0,0,1,0,0,Social Work,male,22,5.0,-4.0,1.0,0.0,44.67,0.0,5,0,12,0
S240072,2024,22,5.5,0,0,0,0,0,0,0,Health Science,female,16,5.0,-2.0,0.5,2.0,48.33,0.0,6,0,12,0
S240073,2024,35,4.0,0,1,0,0,0,0,1,Business Administration,male,42,17.0,-2.67,0.83,1.0,58.6,0.0,5,0,12,0
S240074,2024,44,11.1,0,1,0,0,0,1,1,Social Work,female,30,17.0,1.33,0.67,0.0,69.0,0.0,8,0,12,0
S240075,2024,18,7.7,1,1,0,1,0,0,0,Communication & Digital Media,male,27,12.0,-1.0,0.5,3.0,71.67,0.0,4,0,12,0
S240076,2024,23,9.0,1,1,0,0,0,0,0,Business Administration,female,13,8.0,1.0,1.0,0.0,61.67,1.0,3,0,11,0
S240078,2024,29,10.5,1,0,0,0,1,1,0,Health Science,female,43,17.0,-3.0,1.0,0.0,77.33,0.0,7,0,12,0
S240079,2024,29,6.1,0,0,0,0,1,0,0,Learning & Innovation,female,9,5.0,0.33,0.33,2.0,55.0,0.0,0,1,7,1
S240080,2024,19,6.4,0,1,1,0,1,0,0,Health Science,female,26,11.0,-1.33,0.5,2.0,68.33,0.0,7,0,12,0
S240081,2024,19,9.5,0,0,1,0,1,0,0,Health Science,female,40,20.0,0.0,0.67,1.0,69.0,0.0,11,0,12,0
S240082,2024,18,7.3,0,1,0,0,0,0,0,Communication & Digital Media,male,42,22.0,0.67,1.0,0.0,67.0,0.0,6,0,12,0
S240084,2024,19,7.0,0,1,1,0,1,0,0,Health Science,female,92,52.0,4.0,1.0,0.0,68.0,0.0,7,0,12,0
S240085,2024,46,11.6,0,1,0,1,0,0,0,Software,male,17,10.0,1.0,0.83,1.0,62.4,0.0,3,0,11,0
S240086,2024,53,12.0,1,0,0,1,0,0,0,Health Science,female,15,4.0,-2.33,0.83,1.0,74.0,0.0,3,0,12,0
S240087,2024,39,6.7,0,1,1,0,0,0,0,Health Science,female,32,13.0,-2.0,0.83,1.0,58.2,0.0,3,0,12,0
S240089,2024,18,11.1,0,1,0,0,1,0,0,Communication & Digital Media,female,12,7.0,0.67,0.33,1.0,60.5,0.0,3,0,12,0
S240090,2024,19,8.2,0,1,0,0,1,0,0,Communication & Digital Media,female,40,15.0,-3.33,1.0,0.0,66.5,0.0,6,0,12,0
S240092,2024,23,6.9,0,1,0,0,1,0,0,Communication & Digital Media,male,36,17.0,-0.67,0.33,2.0,62.5,0.0,3,0,12,0
S240093,2024,28,7.9,0,1,0,0,1,0,0,Communication & Digital Media,male,24,8.0,-2.67,0.67,0.0,53.75,0.0,6,0,12,0
S240094,2024,19,4.5,0,1,0,0,1,0,0,Health Science,female,32,15.0,-0.67,0.83,1.0,57.4,0.0,7,0,12,0
S240095,2024,18,5.5,0,1,1,0,1,0,0,Business Administration,female,19,11.0,1.0,0.67,1.0,58.75,0.0,3,0,12,0
S240096,2024,20,5.3,0,1,0,0,1,0,0,Health Science,male,44,17.0,-3.33,1.0,0.0,61.83,0.0,4,0,12,0
S240097,2024,32,3.8,0,1,1,0,0,1,1,Social Work,female,32,18.0,1.33,1.0,0.0,60.17,0.0,6,0,12,0
S240098,2024,18,5.1,0,1,0,0,1,0,0,Communication & Digital Media,female,47,21.0,-1.67,0.83,1.0,55.0,0.0,6,0,12,0
S240099,2024,23,11.1,0,1,0,1,0,0,0,Sustainable Biotechnology,male,52,28.0,1.33,0.67,2.0,80.0,0.0,5,0,12,0
S240100,2024,21,7.4,1,1,0,0,1,0,0,Tourism,female,22,9.0,-1.33,0.83,0.0,64.4,0.0,6,0,12,0
S240101,2024,18,9.7,0,1,0,0,0,0,0,Health Science,female,36,18.0,0.0,1.0,0.0,64.5,0.0,7,0,12,0
S240102,2024,36,8.8,0,1,0,0,0,0,0,Sustainable Biotechnology,male,41,20.0,-0.33,0.67,1.0,69.0,0.0,5,0,12,0
S240103,2024,19,9.9,0,1,0,0,1,0,0,Social Work,female,55,23.0,-3.0,0.67,1.0,83.0,0.0,6,0,12,0
S240105,2024,38,9.9,0,1,0,0,0,1,0,Business Administration,female,32,18.0,1.33,0.5,1.0,70.0,0.0,4,0,12,0
S240107,2024,21,6.1,0,1,0,0,0,0,0,Communication & Digital Media,male,22,10.0,-0.67,0.83,1.0,52.2,0.0,0,1,10,1
S240108,2024,18,6.6,0,1,1,0,0,0,0,Communication & Digital Media,male,59,28.0,-1.0,1.0,0.0,71.83,0.0,6,0,12,0
S240109,2024,24,5.1,0,1,0,0,0,0,0,Learning & Innovation,female,45,23.0,0.33,0.83,1.0,59.6,0.0,10,0,12,0
S240110,2024,18,7.3,0,1,1,0,1,0,0,Business Administration,female,22,11.0,0.0,0.67,1.0,58.5,0.0,3,0,11,0
S240111,2024,20,8.2,0,1,0,0,0,0,0,Business Administration,female,67,38.0,3.0,1.0,0.0,71.17,0.0,9,0,12,0
S240112,2024,18,8.7,0,1,0,0,1,0,0,Health Science,female,42,21.0,0.0,0.83,1.0,73.0,0.0,7,0,12,0
S240113,2024,19,4.5,0,1,0,0,1,0,0,Social Work,male,17,11.0,1.67,0.33,1.0,42.5,0.0,3,0,12,0
S240114,2024,23,4.9,0,0,0,0,1,0,0,Tourism,female,20,8.0,-1.33,0.83,1.0,59.2,0.0,5,0,12,0
S240115,2024,19,10.2,1,0,0,0,0,0,0,Health Science,female,22,11.0,0.0,1.0,0.0,74.0,0.0,6,0,12,0
S240116,2024,18,10.6,1,1,0,0,1,0,0,Communication & Digital Media,female,27,8.0,-3.67,0.83,1.0,82.6,0.0,3,1,8,1
S240117,2024,24,4.9,0,0,0,0,1,0,0,Communication & Digital Media,male,29,12.0,-1.67,0.83,0.0,55.4,0.0,6,0,12,0
S240118,2024,20,4.3,0,0,0,0,1,0,0,Health Science,female,15,5.0,-1.67,0.17,3.0,49.0,1.0,3,0,10,0
S240119,2024,26,6.7,0,1,1,0,0,0,1,Social Work,female,42,24.0,2.0,1.0,0.0,61.33,0.0,6,0,12,0
S240120,2024,40,4.2,0,1,0,0,0,1,0,Health Science,female,24,11.0,-0.67,1.0,0.0,58.33,0.0,5,0,12,0
S240121,2024,18,9.1,0,1,0,0,1,0,0,Health Science,female,59,29.0,-0.33,1.0,0.0,78.67,0.0,6,0,12,0
S240122,2024,18,5.6,0,1,1,0,0,0,0,Social Work,female,23,14.0,1.67,0.67,1.0,44.25,0.0,5,0,12,0
S240123,2024,22,7.0,0,1,0,0,1,0,0,Communication & Digital Media,male,20,11.0,0.67,1.0,0.0,58.17,0.0,3,0,12,0
S240124,2024,19,6.4,1,0,0,0,1,0,0,Tourism,female,24,10.0,-1.33,0.33,2.0,53.5,0.0,6,0,12,0
S240125,2024,18,8.2,0,1,0,0,1,0,0,Health Science,male,40,18.0,-1.33,1.0,0.0,63.0,0.0,7,0,12,0
S240126,2024,23,5.0,0,0,0,0,0,0,1,Business Administration,male,17,9.0,0.33,0.5,2.0,45.0,0.0,3,0,12,0
S240127,2024,32,8.4,0,1,0,0,1,1,0,Health Science,female,29,14.0,-0.33,0.67,1.0,63.75,0.0,4,0,12,0
S240128,2024,18,8.1,0,1,1,0,1,0,0,Health Science,female,74,36.0,-0.67,1.0,0.0,71.0,0.0,7,0,12,0
S240129,2024,32,11.2,1,1,1,0,0,0,1,Business Administration,female,30,18.0,2.0,1.0,0.0,90.83,0.0,4,0,12,0
S240130,2024,43,9.5,0,1,0,0,0,1,1,Business Administration,male,51,23.0,-1.67,1.0,0.0,72.67,0.0,5,0,12,0
S240131,2024,25,6.0,1,1,0,1,0,0,1,Social Work,female,19,14.0,3.0,1.0,0.0,59.5,0.0,6,0,12,0
S240132,2024,18,8.2,0,1,1,0,0,0,0,Health Science,female,39,22.0,1.67,1.0,0.0,71.67,0.0,7,0,12,0
S240134,2024,18,7.1,0,1,1,0,1,0,0,Tourism,female,11,6.0,0.33,0.5,1.0,53.33,0.0,3,0,12,0
S240135,2024,18,5.0,0,0,0,0,1,0,0,Communication & Digital Media,male,57,29.0,0.33,1.0,0.0,58.67,0.0,5,0,12,0
S240136,2024,60,7.2,0,1,0,0,0,0,1,Social Work,female,24,13.0,0.67,0.67,2.0,61.75,0.0,4,1,7,1
S240137,2024,20,6.9,0,1,1,0,0,0,0,Social Work,female,58,34.0,3.33,0.83,1.0,60.6,0.0,6,0,12,0
S240138,2024,23,6.5,1,1,0,0,1,0,0,Communication & Digital Media,female,29,17.0,1.67,1.0,0.0,63.67,0.0,2,1,12,1
S240139,2024,18,9.6,0,0,0,0,1,0,0,Communication & Digital Media,female,47,25.0,1.0,1.0,0.0,78.67,0.0,6,0,12,0
S240140,2024,19,6.5,0,1,0,0,0,0,0,Health Science,male,15,5.0,-1.67,0.67,1.0,58.25,0.0,5,0,12,0
S240141,2024,19,7.0,0,1,0,0,1,0,0,Business Administration,male,36,21.0,2.0,1.0,0.0,63.33,0.0,5,0,12,0
S240143,2024,20,7.7,0,1,1,0,1,0,0,Social Work,male,40,23.0,2.0,0.67,0.0,54.5,0.0,6,0,12,0
S240145,2024,27,6.8,1,1,0,1,0,0,1,Social Work,female,52,24.0,-1.33,1.0,0.0,64.5,0.0,6,0,12,0
S240146,2024,19,11.2,1,0,1,0,1,0,0,Communication & Digital Media,female,16,8.0,0.0,0.67,0.0,65.5,0.0,3,0,11,0
S240147,2024,20,7.4,0,0,0,0,0,0,0,Communication & Digital Media,female,18,9.0,0.0,0.33,1.0,71.5,0.0,3,0,12,0
S240149,2024,18,6.9,0,1,1,0,1,0,0,Business Administration,male,50,26.0,0.67,1.0,0.0,63.0,0.0,4,0,12,0
S240150,2024,26,7.2,0,1,0,0,1,0,0,Health Science,female,42,21.0,0.0,0.83,1.0,74.8,0.0,5,0,12,0
S240151,2024,18,5.8,0,1,0,0,1,0,0,Communication & Digital Media,female,19,10.0,0.33,0.5,1.0,51.0,0.0,4,0,12,0
S240152,2024,20,5.7,0,1,0,0,0,0,0,Health Science,male,28,15.0,0.67,0.33,2.0,55.5,0.0,4,0,12,0
S240153,2024,19,7.0,1,1,0,0,1,0,0,Tourism,male,20,10.0,0.0,0.83,0.0,62.0,0.0,6,0,12,0
S240154,2024,21,9.7,0,1,0,0,0,0,0,Communication & Digital Media,male,27,10.0,-2.33,0.67,1.0,72.25,0.0,3,0,12,0
S240155,2024,45,9.9,0,1,0,0,0,1,1,Social Work,female,53,19.0,-5.0,0.83,0.0,73.6,0.0,4,0,12,0
S240156,2024,22,8.8,0,1,1,0,1,0,0,Health Science,female,40,15.0,-3.33,0.83,0.0,68.6,0.0,6,0,12,0
S240157,2024,18,8.8,0,1,0,0,1,0,0,Communication & Digital Media,female,25,10.0,-1.67,0.83,0.0,62.4,0.0,3,0,12,0
S240158,2024,40,3.6,1,0,0,1,0,0,0,Business Administration,male,15,9.0,1.0,0.83,0.0,53.0,0.0,3,0,12,0
S240159,2024,19,6.0,0,1,0,0,1,0,0,Learning & Innovation,female,24,13.0,0.67,1.0,0.0,58.83,0.0,3,0,12,0
S240160,2024,19,11.2,1,1,1,0,1,0,0,Tourism,female,31,16.0,0.33,1.0,0.0,89.17,0.0,6,0,12,0
S240161,2024,20,5.7,0,1,0,0,0,0,0,Social Work,male,42,21.0,0.0,0.83,0.0,56.0,0.0,4,0,12,0
S240162,2024,20,7.4,0,0,0,0,0,0,0,Communication & Digital Media,male,23,12.0,0.33,0.67,1.0,63.75,0.0,3,0,12,0
S240163,2024,20,5.6,0,1,0,0,1,0,0,Business Administration,female,59,25.0,-3.0,1.0,0.0,65.17,0.0,6,0,12,0
S240164,2024,53,4.9,0,1,0,0,0,1,0,Communication & Digital Media,female,22,12.0,0.67,0.5,2.0,60.67,0.0,3,0,12,0
S240165,2024,39,7.9,0,0,0,0,0,1,0,Tourism,female,10,3.0,-1.33,0.67,2.0,45.25,1.0,0,1,7,1
S240166,2024,18,5.4,0,1,0,0,0,0,0,Health Science,female,41,22.0,1.0,1.0,0.0,59.5,0.0,7,0,12,0
S240167,2024,18,9.1,0,1,0,0,0,0,0,Social Work,female,43,19.0,-1.67,1.0,0.0,67.0,0.0,6,0,12,0
S240168,2024,29,3.7,0,1,1,0,0,0,0,Software,male,34,13.0,-2.67,0.83,0.0,48.0,0.0,3,0,12,0
S240170,2024,18,6.9,0,1,1,0,0,0,0,Communication & Digital Media,female,58,27.0,-1.33,0.67,1.0,63.25,0.0,6,0,12,0
S240171,2024,18,7.8,0,1,0,0,1,0,0,Health Science,female,35,20.0,1.67,1.0,0.0,67.33,0.0,6,0,12,0
S240172,2024,18,6.1,0,1,0,0,1,0,0,Learning & Innovation,female,35,15.0,-1.67,0.83,0.0,53.6,0.0,3,0,12,0
S240173,2024,18,6.8,0,1,0,0,1,0,0,Tourism,male,25,11.0,-1.0,0.5,2.0,58.33,0.0,5,0,12,0
S240175,2024,22,10.0,1,1,0,1,1,0,0,Social Work,male,15,7.0,-0.33,1.0,0.0,74.33,0.0,5,0,12,0
S240176,2024,29,7.2,0,1,0,0,0,1,1,Business Administration,female,14,5.0,-1.33,0.5,0.0,63.33,0.0,4,0,12,0
S240177,2024,19,6.9,0,1,0,0,1,0,0,Health Science,female,72,37.0,0.67,1.0,0.0,71.5,0.0,6,0,12,0
S240178,2024,18,7.2,0,1,0,0,1,0,0,Health Science,female,34,20.0,2.0,0.83,1.0,67.4,0.0,7,0,12,0
S240179,2024,20,6.0,0,1,0,0,1,0,0,Communication & Digital Media,female,14,9.0,1.33,0.5,2.0,58.67,0.0,3,0,12,0
S240180,2024,20,6.0,0,1,1,0,0,0,0,Social Work,female,41,18.0,-1.67,0.83,0.0,63.4,0.0,6,1,9,1
S240181,2024,24,9.0,0,1,1,0,1,0,0,Communication & Digital Media,female,36,11.0,-4.67,0.83,1.0,78.0,0.0,6,0,12,0
S240182,2024,21,8.2,0,1,1,0,1,0,0,Business Administration,female,24,9.0,-2.0,0.5,1.0,65.0,0.0,5,0,12,0
S240183,2024,19,8.8,0,1,0,0,1,0,0,Health Science,female,24,12.0,0.0,0.83,1.0,67.8,0.0,8,0,12,0
S240184,2024,18,8.1,0,1,0,0,1,0,0,Health Science,female,42,22.0,0.67,0.67,1.0,69.25,0.0,7,0,12,0
S240185,2024,19,6.1,0,1,0,0,1,0,0,Health Science,female,31,16.0,0.33,0.83,0.0,56.6,0.0,7,0,12,0
S240186,2024,21,5.5,0,1,0,0,0,0,0,Health Science,male,43,19.0,-1.67,0.67,1.0,64.5,0.0,5,0,12,0
S240187,2024,20,6.7,0,1,0,0,0,0,0,Health Science,female,27,11.0,-1.67,1.0,0.0,60.17,0.0,6,0,12,0
S240188,2024,33,8.6,0,1,0,0,0,1,0,Tourism,male,56,34.0,4.0,1.0,0.0,74.17,0.0,9,0,12,0
S240189,2024,19,8.4,0,0,0,0,1,0,0,Health Science,female,39,22.0,1.67,1.0,0.0,74.33,0.0,8,0,12,0
S240190,2024,20,3.6,0,1,0,0,0,0,0,Health Science,female,25,8.0,-3.0,0.83,1.0,50.8,0.0,6,0,12,0
S240191,2024,20,7.7,0,1,0,0,1,0,0,Communication & Digital Media,male,12,6.0,0.0,0.5,2.0,51.0,0.0,3,0,12,0
S240192,2024,18,6.6,1,0,0,0,1,0,0,Health Science,female,21,15.0,3.0,0.83,0.0,60.6,0.0,5,0,12,0
S240193,2024,21,8.8,0,1,0,0,1,0,0,Communication & Digital Media,male,42,24.0,2.0,1.0,0.0,66.33,0.0,13,0,12,0
S240194,2024,21,5.8,0,0,0,0,1,0,0,Social Work,female,32,16.0,0.0,1.0,0.0,62.17,0.0,6,0,12,0
S240195,2024,20,8.6,0,1,0,0,0,0,0,Business Administration,male,17,10.0,1.0,0.83,1.0,75.2,0.0,3,0,12,0
S240196,2024,19,8.3,0,0,0,0,1,0,0,Health Science,female,54,28.0,0.67,1.0,0.0,70.17,0.0,7,0,12,0
S240197,2024,22,9.1,0,0,0,0,0,0,0,Sustainable Biotechnology,male,34,21.0,2.67,0.67,0.0,65.75,0.0,5,0,12,0
S240198,2024,19,8.7,0,1,0,0,1,0,0,Health Science,female,22,11.0,0.0,1.0,0.0,65.0,0.0,4,0,12,0
S240199,2024,20,4.2,1,1,0,0,1,0,0,Communication & Digital Media,female,25,12.0,-0.33,1.0,0.0,52.0,0.0,6,0,12,0
S240200,2024,18,10.1,0,0,0,0,0,0,0,Sustainable Biotechnology,male,31,14.0,-1.0,1.0,0.0,81.67,0.0,4,0,12,0
S240201,2024,27,3.9,0,1,0,0,1,0,0,Communication & Digital Media,female,49,21.0,-2.33,0.67,1.0,51.25,0.0,7,0,12,0
S240202,2024,18,10.0,0,1,1,0,0,0,0,Communication & Digital Media,female,29,14.0,-0.33,0.83,0.0,80.2,0.0,6,0,12,0
S240203,2024,25,3.8,1,0,0,1,0,0,0,Software,male,24,8.0,-2.67,0.83,1.0,62.4,0.0,7,0,12,0
S240204,2024,20,9.2,0,1,0,0,0,0,0,Health Science,female,59,27.0,-1.67,1.0,0.0,78.67,0.0,6,0,12,0
S240205,2024,19,7.6,0,0,0,0,1,0,0,Health Science,male,30,16.0,0.67,0.67,1.0,60.5,0.0,7,0,12,0
S240206,2024,20,6.8,0,1,1,0,0,0,0,Social Work,female,29,14.0,-0.33,0.83,1.0,66.6,0.0,6,0,12,0
S240207,2024,18,7.0,0,1,0,0,1,0,0,Health Science,male,16,6.0,-1.33,0.83,1.0,58.8,0.0,3,0,12,0
S240208,2024,29,5.8,0,1,0,0,0,0,0,Sustainable Biotechnology,male,36,16.0,-1.33,0.83,0.0,71.6,0.0,6,0,12,0
S240210,2024,21,7.2,1,1,0,1,1,0,0,Social Work,female,26,7.0,-4.0,0.5,1.0,43.67,0.0,4,1,7,1
S240211,2024,19,8.5,0,1,0,0,1,0,0,Communication & Digital Media,female,15,6.0,-1.0,0.83,1.0,63.2,0.0,6,0,12,0
S240212,2024,22,8.8,0,1,0,0,0,0,0,Sustainable Biotechnology,male,18,8.0,-0.67,0.83,1.0,65.8,0.0,4,0,12,0
S240213,2024,47,11.7,0,1,0,0,0,1,1,Social Work,male,41,22.0,1.0,1.0,0.0,81.0,0.0,6,0,12,0
S240214,2024,25,8.7,0,0,1,0,0,1,1,Business Administration,male,41,16.0,-3.0,1.0,0.0,70.5,0.0,3,0,12,0
S240215,2024,20,5.3,0,1,1,0,1,0,0,Tourism,female,22,12.0,0.67,0.33,2.0,53.5,0.0,5,0,12,0
S240216,2024,26,4.5,0,1,0,0,1,0,0,Health Science,female,25,11.0,-1.0,0.5,1.0,52.33,0.0,3,0,12,0
S240217,2024,20,8.4,0,1,1,0,0,0,0,Social Work,female,75,40.0,1.67,1.0,0.0,73.83,0.0,5,0,12,0
S240218,2024,20,8.7,1,1,0,1,0,0,0,Health Science,female,22,10.0,-0.67,0.83,1.0,62.4,0.0,3,0,12,0
S240221,2024,20,7.2,0,1,1,0,0,0,0,Social Work,female,50,24.0,-0.67,1.0,0.0,71.33,0.0,6,0,12,0
S240222,2024,30,8.1,1,1,0,0,0,1,0,Communication & Digital Media,female,7,0.0,-2.33,0.17,3.0,60.0,3.0,3,0,11,0
S240224,2024,35,4.2,0,1,0,1,0,0,0,Health Science,male,32,19.0,2.0,1.0,0.0,59.33,0.0,2,1,10,1
S240225,2024,20,6.7,0,1,0,0,0,0,0,Business Administration,female,45,21.0,-1.0,0.67,1.0,53.5,0.0,5,0,12,0
S240226,2024,20,8.3,0,1,1,0,1,0,0,Health Science,female,42,21.0,0.0,0.5,1.0,65.67,0.0,3,0,12,0
S240227,2024,20,4.8,0,0,0,0,1,0,0,Learning & Innovation,female,22,8.0,-2.0,0.67,2.0,47.25,0.0,1,1,9,1
S240228,2024,32,7.1,0,1,0,0,0,1,0,Communication & Digital Media,male,32,19.0,2.0,0.67,1.0,53.75,0.0,10,0,12,0
S240229,2024,20,7.0,1,1,1,0,1,0,0,Communication & Digital Media,female,31,16.0,0.33,1.0,0.0,66.5,0.0,6,0,12,0
S240230,2024,21,6.5,0,1,0,0,1,0,0,Health Science,female,44,16.0,-4.0,1.0,0.0,69.17,0.0,3,0,12,0
S240231,2024,27,7.5,0,1,0,1,0,0,0,Health Science,female,28,14.0,0.0,0.33,1.0,61.0,0.0,4,0,12,0
S240232,2024,20,8.7,1,1,0,0,0,0,0,Business Administration,male,16,5.0,-2.0,1.0,0.0,67.0,1.0,5,0,11,0
S240233,2024,19,8.4,0,1,0,0,1,0,0,Health Science,female,27,12.0,-1.0,0.83,1.0,65.0,0.0,5,0,12,0
S240234,2024,18,8.3,0,1,1,0,1,0,0,Social Work,female,39,21.0,1.0,0.83,0.0,68.0,0.0,5,0,12,0
S240235,2024,23,7.5,1,1,0,0,1,0,0,Communication & Digital Media,male,27,13.0,-0.33,1.0,0.0,61.0,0.0,6,0,12,0
S240236,2024,18,10.7,0,1,0,0,1,0,0,Communication & Digital Media,female,11,5.0,-0.33,0.67,1.0,78.5,0.0,3,0,12,0
S240239,2024,18,4.3,1,1,0,0,1,0,0,Tourism,female,24,13.0,0.67,1.0,0.0,53.0,0.0,5,0,12,0
S240240,2024,19,8.1,0,1,0,0,1,0,0,Communication & Digital Media,male,38,21.0,1.33,0.67,1.0,63.75,0.0,5,0,12,0
S240242,2024,33,9.5,0,1,0,0,0,1,1,Business Administration,female,35,10.0,-5.0,0.83,0.0,79.4,0.0,5,0,12,0
S240243,2024,25,8.4,0,1,0,0,1,0,0,Communication & Digital Media,male,38,22.0,2.0,0.83,1.0,66.2,0.0,10,0,12,0
S240244,2024,20,2.4,0,1,0,0,1,0,0,Social Work,female,17,8.0,-0.33,0.5,1.0,49.0,0.0,3,0,12,0
S240245,2024,19,8.9,0,0,0,0,1,0,0,Health Science,female,44,20.0,-1.33,0.83,0.0,61.0,0.0,7,0,12,0
S240246,2024,19,7.2,1,1,1,0,1,0,0,Communication & Digital Media,female,25,11.0,-1.0,1.0,0.0,67.5,0.0,6,0,12,0
S240247,2024,19,7.3,0,1,0,0,1,0,0,Health Science,female,42,13.0,-5.33,0.67,1.0,68.5,0.0,7,0,12,0
S240248,2024,31,8.6,0,1,0,0,0,0,1,Social Work,male,54,30.0,2.0,1.0,0.0,67.83,0.0,12,0,12,0
S240249,2024,18,8.1,0,1,0,0,1,0,0,Learning & Innovation,female,39,19.0,-0.33,0.5,3.0,69.67,0.0,6,0,12,0
S240251,2024,18,4.7,1,1,0,0,0,0,0,Health Science,female,14,7.0,0.0,1.0,0.0,57.33,0.0,4,0,12,0
S240252,2024,20,5.6,0,1,0,0,1,0,0,Business Administration,female,26,15.0,1.33,0.5,2.0,54.67,0.0,3,1,7,1
S240254,2024,21,9.1,1,1,0,0,0,0,0,Social Work,male,52,22.0,-2.67,1.0,0.0,75.67,0.0,6,0,12,0
S240255,2024,25,7.9,1,1,0,0,0,0,0,Sustainable Biotechnology,male,25,16.0,2.33,1.0,0.0,68.5,0.0,7,0,12,0
S240256,2024,20,7.7,0,0,0,0,1,0,0,Communication & Digital Media,female,54,26.0,-0.67,0.67,0.0,61.25,0.0,12,0,12,0
S240259,2024,21,9.1,1,1,0,0,0,0,0,Social Work,male,31,21.0,3.67,1.0,0.0,68.0,0.0,6,0,12,0
S240260,2024,18,10.9,0,1,1,0,1,0,0,Social Work,female,53,25.0,-1.0,1.0,0.0,84.33,0.0,6,0,12,0
S240261,2024,19,2.1,1,0,0,0,0,0,0,Sustainable Biotechnology,female,39,20.0,0.33,0.83,1.0,56.4,0.0,5,0,12,0
S240262,2024,39,2.1,0,0,0,0,0,0,0,Communication & Digital Media,male,28,10.0,-2.67,1.0,0.0,55.33,0.0,5,0,12,0
S240263,2024,47,3.7,0,1,0,0,0,1,1,Social Work,female,27,17.0,2.33,0.67,0.0,49.0,0.0,6,0,12,0
S240264,2024,27,7.1,0,0,0,0,0,0,1,Business Administration,male,29,15.0,0.33,0.83,0.0,61.4,0.0,3,0,12,0
S240265,2024,20,8.1,0,0,0,0,1,0,0,Communication & Digital Media,male,46,23.0,0.0,1.0,0.0,65.0,0.0,6,0,12,0
S240266,2024,25,3.7,0,1,1,0,0,0,0,Health Science,male,13,4.0,-1.67,0.5,2.0,47.0,0.0,3,0,12,0
S240267,2024,18,8.4,0,0,0,0,1,0,0,Health Science,female,29,13.0,-1.0,1.0,0.0,67.33,0.0,7,0,12,0
S240268,2024,24,8.2,1,0,0,1,0,0,0,Business Administration,male,21,12.0,1.0,0.83,0.0,61.0,0.0,0,1,8,1
S240269,2024,19,7.9,0,1,0,0,1,0,0,Learning & Innovation,female,21,8.0,-1.67,0.83,1.0,70.2,0.0,5,0,12,0
S240270,2024,21,6.2,0,1,0,0,0,0,0,Health Science,female,20,7.0,-2.0,0.5,2.0,55.67,0.0,3,0,11,0
S240271,2024,19,9.0,0,1,0,0,1,0,0,Communication & Digital Media,male,17,6.0,-1.67,0.83,1.0,70.8,0.0,3,0,12,0
S240272,2024,25,11.2,0,1,0,0,0,0,1,Business Administration,female,17,7.0,-1.0,1.0,0.0,77.83,0.0,3,0,12,0
S240273,2024,18,5.6,0,1,0,0,1,0,0,Tourism,female,36,17.0,-0.67,0.83,0.0,53.4,0.0,5,0,12,0
S240275,2024,20,8.2,0,0,1,0,1,0,0,Communication & Digital Media,female,43,22.0,0.33,0.83,0.0,63.8,0.0,6,0,12,0
S240276,2024,30,6.0,0,0,0,0,1,0,0,Health Science,female,29,19.0,3.0,0.83,1.0,49.8,0.0,6,0,12,0
S240277,2024,18,7.7,1,1,0,0,1,0,0,Communication & Digital Media,female,28,16.0,1.33,0.67,1.0,70.25,0.0,6,0,12,0
S240278,2024,48,10.0,0,1,0,1,0,1,0,Health Science,male,20,9.0,-0.67,0.83,0.0,68.0,0.0,0,1,7,1
S240279,2024,19,5.5,0,0,0,0,0,0,0,Learning & Innovation,female,43,20.0,-1.0,0.83,0.0,72.4,0.0,7,0,12,0
S240280,2024,20,10.0,0,1,1,0,0,0,0,Sustainable Biotechnology,male,40,18.0,-1.33,0.83,0.0,86.2,0.0,3,0,12,0
S240281,2024,18,7.0,0,1,1,0,1,0,0,Health Science,female,49,27.0,1.67,1.0,0.0,71.33,0.0,7,0,12,0
S240283,2024,18,6.6,0,1,1,0,1,0,0,Communication & Digital Media,female,40,22.0,1.33,0.67,1.0,64.25,0.0,5,0,12,0
S240284,2024,22,5.1,0,1,0,0,1,0,0,Social Work,female,35,19.0,1.0,0.5,2.0,59.0,0.0,8,0,12,0
S240285,2024,19,6.2,0,1,0,0,0,0,0,Health Science,female,83,39.0,-1.67,1.0,0.0,64.5,0.0,5,0,12,0
S240286,2024,32,2.2,1,0,0,0,1,0,0,Health Science,female,27,16.0,1.67,0.83,0.0,52.0,0.0,5,0,12,0
S240287,2024,19,8.8,0,1,1,0,1,0,0,Health Science,female,14,9.0,1.33,0.83,1.0,67.8,0.0,3,0,12,0
S240288,2024,20,7.1,0,1,1,0,1,0,0,Business Administration,female,40,22.0,1.33,1.0,0.0,61.83,0.0,5,0,12,0
S240289,2024,18,6.8,0,1,1,0,1,0,0,Software,male,76,35.0,-2.0,1.0,0.0,69.5,0.0,5,0,12,0
S240291,2024,20,5.2,0,1,1,0,1,0,0,Learning & Innovation,male,44,23.0,0.67,1.0,0.0,60.5,0.0,6,0,12,0
S240292,2024,18,9.8,0,0,0,0,0,0,0,Business Administration,male,67,37.0,2.33,1.0,0.0,78.5,0.0,5,0,12,0
S240293,2024,24,7.8,1,1,0,0,1,0,0,Communication & Digital Media,male,17,8.0,-0.33,0.83,1.0,60.4,0.0,6,0,12,0
S240294,2024,43,12.0,0,0,0,0,1,0,0,Health Science,male,36,17.0,-0.67,1.0,0.0,100.0,0.0,4,0,12,0
S240295,2024,40,6.1,0,1,0,0,0,1,1,Business Administration,female,31,15.0,-0.33,1.0,0.0,56.0,0.0,5,1,7,1
S240296,2024,18,8.6,0,1,0,0,1,0,0,Health Science,female,37,18.0,-0.33,0.83,0.0,73.4,0.0,7,0,12,0
S240297,2024,20,7.1,0,1,0,0,1,0,0,Health Science,male,23,10.0,-1.0,0.33,3.0,64.0,0.0,7,0,12,0
S240298,2024,20,7.9,1,1,0,0,1,0,0,Health Science,female,16,6.0,-1.33,0.67,1.0,66.0,0.0,6,0,11,0
S240299,2024,18,11.2,0,0,0,0,0,0,0,Health Science,female,34,14.0,-2.0,1.0,0.0,76.67,0.0,4,0,12,0
S240300,2024,21,6.2,0,1,1,0,1,0,0,Communication & Digital Media,male,21,10.0,-0.33,0.33,2.0,52.0,0.0,4,0,12,0
S240301,2024,35,9.7,0,1,0,0,0,1,0,Business Administration,female,36,13.0,-3.33,1.0,0.0,68.0,0.0,3,1,8,1
S240302,2024,19,8.8,0,1,0,0,1,0,0,Health Science,female,22,15.0,2.67,0.83,0.0,65.8,0.0,6,0,12,0
S240303,2024,36,7.2,0,0,1,0,0,0,0,Tourism,female,76,35.0,-2.0,1.0,0.0,69.5,0.0,6,0,12,0
S240304,2024,19,7.0,1,1,1,0,1,0,0,Communication & Digital Media,female,44,19.0,-2.0,1.0,0.0,70.0,0.0,6,0,12,0
S240305,2024,19,7.9,0,1,0,0,1,0,0,Health Science,female,19,8.0,-1.0,1.0,0.0,62.0,0.0,7,0,12,0
S240306,2024,24,8.4,0,1,0,0,0,0,0,Health Science,female,35,20.0,1.67,0.67,1.0,65.25,0.0,9,0,12,0
S240307,2024,33,2.1,0,1,0,0,0,0,1,Business Administration,male,48,25.0,0.67,0.83,1.0,54.0,0.0,5,0,12,0
S240308,2024,35,2.0,0,1,1,0,0,0,1,Social Work,female,51,25.0,-0.33,0.67,2.0,59.25,0.0,6,0,12,0
S240309,2024,18,2.0,1,0,0,0,0,0,0,Health Science,female,32,8.0,-5.33,0.5,2.0,66.0,0.0,6,0,12,0
S240310,2024,19,9.7,0,1,0,1,0,0,0,Tourism,female,38,23.0,2.67,0.83,0.0,73.2,0.0,4,0,12,0
S240312,2024,26,9.2,0,1,0,0,0,0,0,Sustainable Biotechnology,female,18,8.0,-0.67,0.83,1.0,66.2,0.0,2,1,8,1
S240313,2024,24,6.1,0,1,0,0,1,0,0,Communication & Digital Media,female,39,19.0,-0.33,0.83,0.0,63.8,0.0,3,0,12,0
S240315,2024,41,3.8,1,0,0,1,0,0,0,Business Administration,male,13,7.0,0.33,0.5,1.0,44.0,0.0,3,0,12,0
S240316,2024,19,9.0,1,0,1,0,1,0,0,Health Science,female,41,23.0,1.67,1.0,0.0,84.5,0.0,5,0,12,0
S240317,2024,37,3.7,1,1,0,0,0,0,0,Sustainable Biotechnology,female,15,8.0,0.33,0.17,2.0,47.0,0.0,3,0,11,0
S240318,2024,18,7.0,0,1,0,0,0,0,0,Health Science,female,22,12.0,0.67,0.33,3.0,75.5,0.0,7,0,12,0
S240319,2024,18,9.8,0,0,0,0,0,0,0,Health Science,female,37,19.0,0.33,1.0,0.0,75.83,0.0,4,0,12,0
S240320,2024,19,8.9,0,1,1,0,1,0,0,Communication & Digital Media,female,64,33.0,0.67,1.0,0.0,70.5,0.0,6,0,12,0
S240321,2024,19,6.5,0,1,0,0,1,0,0,Health Science,female,36,19.0,0.67,0.83,1.0,65.2,0.0,3,0,12,0
S240322,2024,18,11.0,0,0,0,0,1,0,0,Communication & Digital Media,male,16,8.0,0.0,0.5,2.0,78.67,0.0,3,0,12,0
S240323,2024,18,7.8,0,1,0,0,0,0,0,Communication & Digital Media,female,53,24.0,-1.67,0.83,1.0,68.4,0.0,6,0,12,0
S240325,2024,19,7.3,0,0,0,0,1,0,0,Health Science,male,47,25.0,1.0,0.83,0.0,70.8,0.0,8,0,12,0
S240326,2024,20,9.7,0,1,0,0,1,0,0,Health Science,female,52,26.0,0.0,0.83,0.0,75.4,0.0,6,0,12,0
S240327,2024,19,8.5,1,1,0,1,0,0,0,Health Science,female,16,9.0,0.67,0.67,0.0,58.75,0.0,3,0,12,0
S240328,2024,19,9.2,0,1,1,0,1,0,0,Health Science,female,47,26.0,1.67,0.67,1.0,66.75,0.0,8,1,12,0
S240329,2024,50,7.0,0,1,0,0,0,1,1,Business Administration,female,22,13.0,1.33,0.67,1.0,52.5,0.0,3,0,12,0
S240330,2024,18,4.9,0,1,1,0,1,0,0,Health Science,female,75,41.0,2.33,0.83,0.0,57.4,0.0,7,0,12,0
S240331,2024,24,6.0,1,1,0,1,0,0,1,Social Work,female,26,11.0,-1.33,0.83,1.0,57.8,0.0,6,0,12,0
S240332,2024,29,8.3,0,1,0,0,1,0,0,Social Work,female,41,19.0,-1.0,1.0,0.0,69.67,0.0,9,0,12,0
S240333,2024,18,7.9,0,1,0,0,1,0,0,Health Science,female,70,27.0,-5.33,1.0,0.0,74.5,0.0,7,0,12,0
S240334,2024,22,8.3,0,1,1,0,0,0,0,Tourism,female,46,15.0,-5.33,1.0,0.0,65.33,0.0,5,0,12,0
S240335,2024,21,6.0,1,0,0,1,0,0,0,Sustainable Biotechnology,female,25,12.0,-0.33,1.0,0.0,52.5,0.0,5,0,12,0
S240336,2024,19,5.8,0,0,0,0,0,0,0,Communication & Digital Media,male,55,30.0,1.67,1.0,0.0,59.67,0.0,7,0,12,0
S240337,2024,19,7.8,0,0,0,0,1,0,0,Software,male,11,5.0,-0.33,0.67,0.0,64.0,0.0,5,0,12,0
S240338,2024,22,9.8,0,1,0,0,0,0,0,Communication & Digital Media,male,19,6.0,-2.33,0.5,1.0,73.67,0.0,3,0,12,0
S240339,2024,23,9.2,0,1,0,1,0,0,1,Business Administration,female,26,17.0,2.67,0.67,1.0,66.5,0.0,8,0,12,0
S240340,2024,18,8.8,0,1,0,0,1,0,0,Software,male,28,16.0,1.33,1.0,0.0,63.67,0.0,3,0,12,0
S240341,2024,20,5.5,0,1,1,0,0,0,0,Social Work,female,20,10.0,0.0,0.67,1.0,57.0,0.0,4,0,12,0
S240342,2024,18,5.6,0,1,1,0,1,0,0,Social Work,female,24,10.0,-1.33,0.83,1.0,48.2,0.0,4,0,12,0
S240343,2024,18,9.8,0,1,1,0,0,0,0,Social Work,female,43,18.0,-2.33,1.0,0.0,84.83,0.0,6,0,12,0
S240345,2024,18,7.2,0,1,0,0,0,0,0,Health Science,female,50,17.0,-5.33,0.67,0.0,65.75,0.0,5,0,12,0
S240346,2024,40,7.5,0,1,0,0,0,1,0,Tourism,female,28,9.0,-3.33,1.0,0.0,64.33,0.0,6,0,12,0
S240347,2024,28,11.3,0,0,0,0,1,0,0,Health Science,female,63,28.0,-2.33,1.0,0.0,79.0,0.0,6,0,12,0
S240348,2024,19,6.0,0,1,1,0,1,0,0,Health Science,female,45,24.0,1.0,0.67,0.0,59.0,0.0,6,0,12,0
S240349,2024,18,7.5,1,1,0,1,0,0,0,Communication & Digital Media,male,14,6.0,-0.67,0.67,1.0,61.5,0.0,4,0,12,0
S240350,2024,39,6.9,0,1,0,0,0,1,1,Business Administration,male,61,31.0,0.33,0.83,0.0,77.2,0.0,5,0,12,0
S240353,2024,18,6.9,0,1,0,1,0,0,0,Communication & Digital Media,male,60,26.0,-2.67,0.67,2.0,68.75,0.0,6,0,12,0
S240355,2024,22,6.8,0,1,0,0,1,0,0,Health Science,female,28,17.0,2.0,0.83,0.0,63.6,0.0,6,0,12,0
S240356,2024,28,7.5,0,0,0,0,0,0,0,Health Science,female,23,10.0,-1.0,0.67,0.0,56.5,0.0,3,0,12,0
S240357,2024,24,3.6,0,1,0,0,1,0,0,Software,male,11,6.0,0.33,0.5,3.0,53.33,0.0,1,1,11,1
S240358,2024,18,8.8,0,1,1,0,1,0,0,Health Science,female,42,23.0,1.33,0.83,1.0,70.0,0.0,5,0,12,0
S240359,2024,22,9.6,0,1,0,1,1,0,0,Communication & Digital Media,female,51,24.0,-1.0,1.0,0.0,80.17,0.0,5,0,12,0
S240360,2024,19,4.8,0,1,1,0,1,0,0,Health Science,female,68,38.0,2.67,0.83,0.0,61.4,0.0,7,0,12,0
S240361,2024,22,6.6,0,0,1,0,1,0,0,Communication & Digital Media,male,19,11.0,1.0,0.67,1.0,57.0,0.0,3,0,12,0
S240362,2024,19,7.9,0,1,1,0,1,0,0,Health Science,female,45,21.0,-1.0,0.83,1.0,66.6,0.0,7,0,12,0
S240363,2024,21,7.0,1,1,1,0,1,0,0,Communication & Digital Media,female,18,11.0,1.33,0.83,0.0,70.6,0.0,5,0,12,0
S240365,2024,21,6.8,1,0,0,0,1,0,0,Software,male,21,12.0,1.0,0.67,1.0,62.25,0.0,5,0,12,0
S240366,2024,30,6.9,0,1,0,0,1,0,0,Business Administration,female,32,21.0,3.33,0.83,0.0,63.2,0.0,13,0,12,0
S240367,2024,24,5.2,0,1,0,0,0,1,1,Social Work,female,31,13.0,-1.67,0.5,2.0,47.67,0.0,0,1,9,1
S240368,2024,25,5.1,0,1,1,0,0,0,0,Tourism,female,34,15.0,-1.33,1.0,0.0,56.0,0.0,0,1,8,1
S240369,2024,19,7.5,0,0,0,0,1,0,0,Health Science,female,35,12.0,-3.67,0.83,0.0,71.4,0.0,2,1,10,1
S240370,2024,20,6.5,0,1,0,0,1,0,0,Health Science,female,29,11.0,-2.33,0.5,1.0,57.67,0.0,3,0,12,0
S240372,2024,20,7.9,1,1,0,0,1,0,0,Health Science,female,29,13.0,-1.0,1.0,0.0,74.5,0.0,6,0,12,0
S240373,2024,20,5.6,0,1,1,0,1,0,0,Health Science,female,32,19.0,2.0,0.83,1.0,56.2,0.0,5,1,9,1
S240375,2024,18,8.6,1,1,0,0,1,0,0,Health Science,female,33,14.0,-1.67,1.0,0.0,72.17,0.0,6,0,12,0
S240377,2024,18,6.8,0,1,1,0,0,0,0,Social Work,female,59,29.0,-0.33,0.67,1.0,72.5,0.0,6,0,12,0
S240378,2024,19,5.8,0,1,0,0,0,0,0,Social Work,male,39,15.0,-3.0,0.83,0.0,58.4,0.0,4,0,12,0
S240379,2024,18,4.5,0,1,0,0,1,0,0,Communication & Digital Media,male,46,25.0,1.33,0.67,2.0,61.5,0.0,5,0,12,0
S240380,2024,18,7.9,1,1,1,0,1,0,0,Health Science,female,22,11.0,0.0,1.0,0.0,62.67,0.0,4,0,12,0
S240381,2024,20,10.0,1,1,0,0,0,0,0,Communication & Digital Media,female,42,21.0,0.0,1.0,0.0,81.17,0.0,5,0,12,0
S240382,2024,24,4.5,0,1,0,1,0,0,0,Sustainable Biotechnology,male,17,5.0,-2.33,0.33,2.0,60.5,0.0,3,0,12,0
S240383,2024,19,11.2,1,0,0,1,0,0,0,Software,female,26,13.0,0.0,1.0,0.0,76.0,0.0,3,0,12,0
S240384,2024,18,7.9,0,1,0,0,1,0,0,Health Science,female,32,12.0,-2.67,0.83,0.0,70.2,0.0,7,0,12,0
S240385,2024,23,8.9,0,1,0,0,0,0,0,Sustainable Biotechnology,female,48,25.0,0.67,0.83,1.0,82.0,0.0,6,0,12,0
S240386,2024,18,5.4,0,1,0,0,0,0,0,Social Work,female,33,17.0,0.33,0.5,3.0,62.33,0.0,5,0,12,0
S240388,2024,21,5.4,0,1,0,0,1,0,0,Social Work,female,46,20.0,-2.0,1.0,0.0,58.0,0.0,8,0,12,0
S240389,2024,54,3.8,0,1,0,0,0,1,1,Social Work,female,28,12.0,-1.33,0.5,2.0,53.33,0.0,4,0,12,0
S240391,2024,37,6.0,0,1,0,0,0,1,0,Health Science,female,21,12.0,1.0,0.67,1.0,50.5,0.0,3,0,12,0
S240392,2024,26,3.8,0,1,0,0,0,0,0,Tourism,male,43,13.0,-5.67,1.0,0.0,65.5,0.0,6,0,12,0
S240393,2024,20,5.8,0,0,0,0,1,0,0,Social Work,male,21,9.0,-1.0,0.33,2.0,55.5,0.0,3,0,12,0
S240394,2024,21,9.5,0,1,0,0,1,0,0,Health Science,female,41,18.0,-1.67,0.83,0.0,80.6,0.0,5,0,12,0
S240395,2024,22,9.8,1,1,0,1,1,0,0,Social Work,male,17,10.0,1.0,1.0,0.0,81.67,0.0,5,0,12,0
S240396,2024,18,9.6,0,0,0,0,1,0,0,Communication & Digital Media,male,33,15.0,-1.0,1.0,0.0,71.33,0.0,6,0,12,0
S240397,2024,25,4.8,1,1,1,0,0,0,0,Communication & Digital Media,male,8,3.0,-0.67,0.33,2.0,41.0,1.0,3,0,12,0
S240398,2024,22,4.8,0,1,0,1,0,0,0,Communication & Digital Media,male,12,6.0,0.0,0.5,1.0,47.67,0.0,1,0,12,1
S240399,2024,19,7.6,0,0,0,0,1,0,0,Software,male,41,21.0,0.33,1.0,0.0,66.33,0.0,5,0,12,0
S240400,2024,19,10.7,0,0,0,0,1,0,0,Communication & Digital Media,male,15,2.0,-3.67,0.67,0.0,71.0,1.0,3,0,12,0
S240401,2024,20,8.4,1,1,0,0,1,0,0,Health Science,female,31,17.0,1.0,0.83,1.0,68.4,0.0,6,0,12,0
S240402,2024,21,8.8,0,1,1,0,1,0,0,Health Science,female,45,18.0,-3.0,0.83,1.0,67.2,0.0,7,0,12,0
S240403,2024,23,7.6,0,1,0,0,0,0,0,Health Science,male,24,15.0,2.0,0.67,1.0,61.5,0.0,3,0,12,0
S240404,2024,20,5.0,0,1,0,0,1,0,0,Business Administration,female,41,19.0,-1.0,0.67,1.0,53.75,0.0,3,0,12,0
S240405,2024,33,4.9,0,1,0,0,1,1,1,Social Work,female,40,17.0,-2.0,0.83,0.0,55.8,0.0,6,0,12,0
S240406,2024,20,4.9,0,0,0,1,1,0,0,Communication & Digital Media,male,38,17.0,-1.33,1.0,0.0,55.83,0.0,6,0,12,0
S240407,2024,20,7.6,0,1,0,0,1,0,0,Social Work,female,47,26.0,1.67,0.83,0.0,66.8,0.0,6,0,12,0
S240408,2024,18,10.9,0,1,0,0,0,0,0,Software,male,28,14.0,0.0,1.0,0.0,77.83,0.0,5,0,12,0
S240409,2024,20,8.2,0,1,0,0,1,0,0,Communication & Digital Media,female,63,22.0,-6.33,0.83,1.0,67.8,0.0,6,0,12,0
S240410,2024,18,7.9,0,1,1,0,1,0,0,Communication & Digital Media,female,30,11.0,-2.67,0.83,0.0,65.4,0.0,6,0,12,0
S240411,2024,22,5.1,0,1,0,0,1,0,0,Tourism,male,15,12.0,3.0,0.5,1.0,50.67,0.0,3,0,12,0
S240412,2024,21,10.2,0,1,1,0,1,0,0,Health Science,female,16,9.0,0.67,0.67,1.0,69.0,0.0,3,0,12,0
S240413,2024,34,12.0,0,1,0,0,0,1,0,Health Science,female,14,7.0,0.0,0.5,2.0,73.0,0.0,5,0,12,0
S240414,2024,35,3.9,1,0,0,0,0,0,0,Sustainable Biotechnology,male,15,4.0,-2.33,0.67,1.0,52.75,0.0,3,0,12,0
S240415,2024,22,6.2,1,1,1,0,1,0,0,Communication & Digital Media,female,23,13.0,1.0,0.67,1.0,58.0,0.0,5,0,12,0
S240416,2024,32,11.7,0,1,0,1,1,0,1,Business Administration,male,21,13.0,1.67,0.67,1.0,75.75,0.0,2,1,9,1
S240417,2024,19,10.1,0,0,0,0,1,0,0,Social Work,female,32,12.0,-2.67,0.67,0.0,77.5,0.0,6,0,12,0
S240418,2024,25,8.8,1,1,0,0,1,0,1,Social Work,male,18,6.0,-2.0,1.0,0.0,70.5,0.0,11,0,12,0
S240419,2024,26,4.9,1,1,1,0,0,0,0,Communication & Digital Media,male,19,9.0,-0.33,0.83,1.0,57.6,0.0,3,0,12,0
S240420,2024,24,9.8,0,0,0,0,0,0,0,Health Science,male,41,24.0,2.33,0.83,0.0,70.4,0.0,7,0,12,0
S240421,2024,19,8.8,0,0,0,0,1,0,0,Social Work,female,17,6.0,-1.67,0.5,1.0,59.33,0.0,3,0,12,0
S240422,2024,19,6.6,0,1,0,0,1,0,0,Business Administration,female,38,21.0,1.33,0.67,0.0,54.75,0.0,4,0,12,0
S240423,2024,18,8.1,0,1,1,0,1,0,0,Communication & Digital Media,male,25,11.0,-1.0,0.67,1.0,66.75,0.0,3,0,12,0
S240424,2024,32,2.2,0,1,1,0,0,0,1,Social Work,female,42,14.0,-4.67,0.67,0.0,61.0,0.0,6,0,12,0
S240426,2024,37,3.8,1,1,0,0,0,0,0,Sustainable Biotechnology,female,9,3.0,-1.0,0.17,3.0,58.0,0.0,3,0,12,0
S240427,2024,18,7.1,0,1,1,0,1,0,0,Health Science,female,32,14.0,-1.33,0.67,1.0,59.0,0.0,6,0,12,0
S240428,2024,30,12.0,0,1,0,0,0,1,1,Business Administration,male,44,18.0,-2.67,1.0,0.0,83.67,0.0,5,0,12,0
S240430,2024,19,5.6,0,1,0,1,1,0,0,Social Work,female,15,7.0,-0.33,0.33,2.0,47.5,0.0,3,0,12,0
S240431,2024,27,2.5,1,1,0,0,0,0,0,Sustainable Biotechnology,female,17,9.0,0.33,0.67,1.0,50.75,0.0,3,0,12,0
S240432,2024,19,8.2,0,1,1,0,0,0,0,Social Work,female,45,25.0,1.67,1.0,0.0,73.17,0.0,6,0,12,0
S240433,2024,19,12.0,1,0,1,0,1,0,0,Communication & Digital Media,female,13,7.0,0.33,0.5,1.0,71.67,0.0,3,0,10,0
S240435,2024,19,4.8,0,0,0,0,1,0,0,Health Science,female,55,24.0,-2.33,0.83,1.0,56.2,0.0,7,0,12,0
S240436,2024,24,8.3,1,1,0,0,0,0,0,Sustainable Biotechnology,male,22,10.0,-0.67,1.0,0.0,55.67,0.0,3,1,7,1
S240437,2024,18,8.6,0,1,0,0,0,0,0,Sustainable Biotechnology,male,31,14.0,-1.0,0.67,2.0,72.0,0.0,6,0,12,0
S240439,2024,21,10.9,1,1,1,0,1,0,0,Tourism,female,32,18.0,1.33,1.0,0.0,88.33,0.0,6,0,12,0
S240440,2024,19,8.8,0,0,0,0,0,0,0,Health Science,female,15,10.0,1.67,0.67,0.0,49.25,0.0,3,0,12,0
S240441,2024,18,10.2,0,0,0,0,1,0,0,Sustainable Biotechnology,female,48,20.0,-2.67,1.0,0.0,82.5,0.0,6,0,12,0
S240442,2024,20,4.0,0,1,1,0,1,0,0,Tourism,female,49,23.0,-1.0,1.0,0.0,47.17,0.0,4,0,12,0
S240444,2024,18,7.0,0,1,0,0,1,0,0,Health Science,male,88,50.0,4.0,1.0,0.0,70.5,0.0,6,0,12,0
S240445,2024,23,7.3,1,0,0,0,0,0,0,Learning & Innovation,female,17,7.0,-1.0,0.83,1.0,63.8,0.0,16,0,12,0
S240446,2024,21,6.1,0,1,1,0,1,0,0,Social Work,female,21,11.0,0.33,0.67,1.0,51.5,0.0,3,0,12,0
S240447,2024,20,8.4,0,1,1,0,1,0,0,Communication & Digital Media,female,32,15.0,-0.67,0.83,0.0,72.0,0.0,6,0,12,0
S240448,2024,19,4.2,0,1,1,0,1,0,0,Communication & Digital Media,female,41,14.0,-4.33,0.83,1.0,54.2,0.0,5,0,12,0
S240449,2024,31,10.0,0,1,1,0,0,0,1,Social Work,female,43,23.0,1.0,0.83,1.0,73.4,0.0,6,0,12,0
S240450,2024,18,5.5,0,1,0,0,0,0,0,Social Work,female,23,9.0,-1.67,0.83,1.0,53.4,1.0,4,0,12,0
S240451,2024,19,5.0,0,1,0,0,1,0,0,Tourism,female,22,13.0,1.33,0.67,0.0,52.25,0.0,4,0,12,0
S240452,2024,18,6.6,0,1,1,0,1,0,0,Tourism,female,34,15.0,-1.33,0.67,1.0,55.5,0.0,6,0,12,0
S240453,2024,19,6.9,0,1,1,0,1,0,0,Health Science,male,37,21.0,1.67,1.0,0.0,60.33,0.0,7,0,12,0
S240454,2024,20,5.0,0,1,0,0,0,0,0,Business Administration,female,23,9.0,-1.67,0.5,1.0,52.0,0.0,5,0,12,0
S240455,2024,20,5.6,0,1,0,0,0,0,0,Social Work,female,36,16.0,-1.33,0.83,0.0,53.2,0.0,1,1,10,1
S240456,2024,21,5.1,0,0,0,0,0,0,0,Communication & Digital Media,male,27,12.0,-1.0,0.83,1.0,56.6,0.0,3,0,12,0
S240457,2024,25,4.2,0,1,0,0,1,0,0,Communication & Digital Media,male,16,10.0,1.33,0.67,0.0,55.25,0.0,3,0,12,0
S240458,2024,24,6.4,0,1,0,0,0,0,1,Social Work,female,20,13.0,2.0,0.67,1.0,49.5,0.0,3,0,12,0
S240460,2024,29,4.5,0,1,0,0,0,0,1,Social Work,female,54,22.0,-3.33,0.67,0.0,50.5,0.0,6,0,12,0
S240461,2024,25,7.8,1,0,0,1,0,0,0,Business Administration,male,12,7.0,0.67,0.5,1.0,54.0,1.0,0,1,12,1
S240462,2024,43,9.6,0,1,0,0,0,1,1,Business Administration,male,56,26.0,-1.33,1.0,0.0,67.17,0.0,5,0,12,0
S240463,2024,22,2.5,1,0,0,1,0,0,0,Software,male,12,8.0,1.33,0.5,1.0,41.33,0.0,3,0,12,0
S240465,2024,18,8.4,1,1,0,0,1,0,0,Health Science,female,28,12.0,-1.33,0.83,1.0,77.2,0.0,6,0,12,0
S240466,2024,20,5.8,0,1,0,0,1,0,0,Communication & Digital Media,female,54,28.0,0.67,1.0,0.0,68.17,0.0,6,0,12,0
S240467,2024,28,2.5,0,1,0,0,0,1,1,Business Administration,female,52,21.0,-3.33,0.67,1.0,44.75,0.0,14,0,12,0
S240468,2024,20,7.3,0,1,1,0,0,0,0,Social Work,female,57,30.0,1.0,1.0,0.0,76.5,0.0,6,0,12,0
S240469,2024,19,6.9,0,1,1,0,1,0,0,Communication & Digital Media,female,57,31.0,1.67,0.83,0.0,67.0,0.0,6,0,12,0
S240470,2024,19,9.1,0,1,0,0,0,0,0,Health Science,female,40,20.0,0.0,1.0,0.0,71.67,0.0,7,0,12,0
S240471,2024,22,8.9,1,1,0,1,0,0,0,Business Administration,male,27,10.0,-2.33,1.0,0.0,73.5,0.0,3,0,12,0
S240472,2024,36,11.2,0,1,0,0,0,0,0,Health Science,male,32,20.0,2.67,0.67,2.0,82.0,0.0,3,0,12,0
S240473,2024,18,9.9,0,1,1,0,1,0,0,Learning & Innovation,female,38,20.0,0.67,1.0,0.0,74.67,0.0,5,0,12,0
S240474,2024,20,6.1,0,1,0,0,1,0,0,Communication & Digital Media,male,12,3.0,-2.0,0.0,3.0,,1.0,3,0,12,0
S240475,2024,23,8.4,1,1,0,1,0,0,0,Communication & Digital Media,female,8,4.0,0.0,0.67,1.0,52.25,1.0,3,0,12,0
S240476,2024,37,3.6,1,1,0,0,0,0,0,Sustainable Biotechnology,female,14,5.0,-1.33,1.0,0.0,51.67,0.0,3,0,12,0
S240477,2024,18,9.6,0,0,0,0,1,0,0,Communication & Digital Media,male,17,8.0,-0.33,0.83,1.0,69.6,0.0,3,0,12,0
S240478,2024,35,5.1,0,1,0,1,0,0,1,Business Administration,female,21,7.0,-2.33,0.5,3.0,53.0,0.0,3,0,12,0
S240479,2024,28,5.6,1,1,0,0,1,0,0,Health Science,male,15,8.0,0.33,1.0,0.0,53.0,0.0,18,0,12,0
S240480,2024,20,2.5,0,1,0,0,1,0,0,Health Science,male,33,18.0,1.0,0.83,0.0,61.0,0.0,4,0,12,0
S240481,2024,18,8.4,0,1,1,0,1,0,0,Health Science,female,43,22.0,0.33,0.83,1.0,63.2,0.0,7,0,12,0
S240483,2024,18,5.0,0,1,1,0,1,0,0,Tourism,female,41,21.0,0.33,0.83,1.0,62.4,0.0,6,0,12,0
S240484,2024,21,9.8,0,0,0,0,0,0,0,Health Science,female,38,18.0,-0.67,0.83,0.0,77.2,0.0,6,0,12,0
S240485,2024,18,7.4,0,1,1,0,0,0,0,Health Science,female,37,19.0,0.33,1.0,0.0,62.83,0.0,6,0,12,0
S240486,2024,21,7.0,0,1,0,1,0,0,0,Social Work,female,55,24.0,-2.33,0.83,1.0,64.4,0.0,6,0,12,0
S240487,2024,20,6.4,0,1,0,0,1,0,0,Business Administration,male,21,12.0,1.0,0.5,1.0,57.67,0.0,3,0,12,0
S240488,2024,19,8.3,0,1,1,0,1,0,0,Health Science,female,50,26.0,0.67,0.83,0.0,71.8,0.0,7,0,12,0
S240489,2024,31,8.9,0,1,0,0,0,0,0,Health Science,female,71,37.0,1.0,1.0,0.0,76.0,0.0,7,0,12,0
S240490,2024,18,7.4,0,1,0,0,1,0,0,Health Science,male,25,13.0,0.33,1.0,0.0,58.17,0.0,7,0,12,0
S240491,2024,18,8.8,0,1,1,0,1,0,0,Communication & Digital Media,female,55,30.0,1.67,0.83,0.0,73.6,0.0,6,0,12,0
S240492,2024,27,7.6,0,1,0,0,0,1,1,Business Administration,female,21,5.0,-3.67,0.83,0.0,64.8,0.0,3,0,12,0
S240493,2024,18,12.0,1,0,0,0,1,0,0,Health Science,female,12,5.0,-0.67,0.83,1.0,90.2,0.0,4,0,12,0
S240494,2024,18,9.7,0,1,0,0,1,0,0,Communication & Digital Media,female,11,6.0,0.33,0.83,0.0,58.0,0.0,3,0,12,0
S240495,2024,20,4.2,0,1,0,0,1,0,0,Communication & Digital Media,female,15,8.0,0.33,0.33,1.0,49.5,0.0,0,1,10,1
S240496,2024,19,5.4,0,1,1,0,0,0,0,Social Work,female,28,14.0,0.0,0.5,1.0,56.33,0.0,6,0,11,0
S240497,2024,22,7.5,1,1,0,0,1,0,0,Sustainable Biotechnology,female,12,5.0,-0.67,1.0,0.0,68.67,0.0,5,0,12,0
S240498,2024,21,8.4,0,1,0,1,0,0,0,Communication & Digital Media,male,34,21.0,2.67,1.0,0.0,66.0,0.0,5,0,12,0
S240499,2024,20,7.9,0,1,1,0,0,0,0,Communication & Digital Media,female,38,22.0,2.0,1.0,0.0,67.67,0.0,4,0,12,0
S240500,2024,22,6.8,0,1,0,0,1,0,0,Health Science,female,30,19.0,2.67,0.83,0.0,62.0,0.0,6,0,12,0
S240502,2024,29,4.9,0,1,0,0,0,0,1,Business Administration,female,25,15.0,1.67,0.0,3.0,,0.0,3,0,12,0
S240503,2024,19,8.6,1,1,1,0,0,0,0,Communication & Digital Media,female,24,8.0,-2.67,1.0,0.0,68.83,0.0,5,0,12,0
S240504,2024,25,4.2,0,1,0,0,1,0,0,Communication & Digital Media,male,15,8.0,0.33,0.5,1.0,45.33,1.0,0,0,5,1
S240505,2024,20,10.5,0,0,0,0,1,0,0,Communication & Digital Media,male,49,20.0,-3.0,1.0,0.0,79.67,0.0,11,0,12,0
S240506,2024,20,3.9,1,0,0,1,0,0,0,Business Administration,female,7,2.0,-1.0,0.5,2.0,33.33,0.0,0,1,6,1
S240507,2024,18,7.7,0,1,1,0,1,0,0,Health Science,female,76,37.0,-0.67,1.0,0.0,64.33,0.0,7,0,12,0
S240508,2024,19,8.3,1,1,1,0,1,0,0,Communication & Digital Media,female,38,17.0,-1.33,1.0,0.0,72.83,0.0,6,0,12,0
S240509,2024,18,6.6,0,0,0,0,1,0,0,Learning & Innovation,female,38,16.0,-2.0,0.5,2.0,61.33,0.0,6,0,12,0
S240510,2024,21,4.8,0,1,0,1,1,0,0,Business Administration,female,14,8.0,0.67,0.83,0.0,50.2,0.0,2,1,8,1
S240512,2024,38,6.9,0,1,0,0,1,0,0,Communication & Digital Media,male,11,7.0,1.0,0.33,3.0,42.5,0.0,3,0,10,0
S240513,2024,18,7.0,0,1,1,0,0,0,0,Social Work,female,45,20.0,-1.67,0.83,0.0,63.6,0.0,6,0,12,0
S240514,2024,35,11.0,0,0,0,1,0,0,0,Sustainable Biotechnology,male,55,21.0,-4.33,0.83,1.0,75.0,0.0,3,1,7,1
S240515,2024,20,9.1,0,0,1,0,1,0,0,Communication & Digital Media,male,32,12.0,-2.67,0.67,2.0,78.5,0.0,6,0,12,0
S240517,2024,20,7.2,0,1,0,0,1,0,0,Software,male,8,3.0,-0.67,0.33,2.0,60.0,0.0,3,0,11,0
S240518,2024,23,4.4,0,1,0,0,0,1,0,Business Administration,female,39,17.0,-1.67,0.83,0.0,53.8,0.0,13,0,12,0
S240519,2024,27,10.0,0,1,1,0,1,0,1,Business Administration,female,69,34.0,-0.33,1.0,0.0,84.33,0.0,5,0,12,0
S240520,2024,23,6.8,0,1,0,0,0,0,0,Health Science,male,26,16.0,2.0,0.67,2.0,62.25,0.0,6,0,12,0
S240521,2024,21,10.2,1,1,0,0,0,0,0,Communication & Digital Media,female,27,16.0,1.67,0.83,1.0,74.6,0.0,5,0,12,0
S240522,2024,30,4.4,0,1,0,0,0,1,0,Business Administration,male,36,23.0,3.33,0.67,1.0,50.75,0.0,3,0,12,0
S240523,2024,18,5.3,0,1,0,0,1,0,0,Social Work,female,41,21.0,0.33,0.5,1.0,55.33,0.0,4,0,12,0
S240525,2024,24,9.7,1,0,0,1,1,0,0,Health Science,female,26,16.0,2.0,0.67,2.0,67.25,0.0,7,0,12,0
S240526,2024,23,5.4,0,1,0,0,1,0,0,Health Science,female,48,23.0,-0.67,0.67,2.0,57.25,0.0,5,1,12,1
S240527,2024,26,10.5,0,1,0,0,1,0,0,Health Science,female,46,18.0,-3.33,1.0,0.0,81.67,0.0,18,0,12,0
S240528,2024,18,10.1,0,0,0,0,1,0,0,Communication & Digital Media,female,53,20.0,-4.33,0.83,1.0,75.0,0.0,4,0,12,0
S240529,2024,18,5.4,0,0,0,0,1,0,0,Communication & Digital Media,female,33,22.0,3.67,0.5,3.0,53.67,0.0,5,0,12,0
S240530,2024,21,3.8,1,1,0,0,1,0,0,Communication & Digital Media,female,22,11.0,0.0,1.0,0.0,53.33,0.0,6,0,12,0
S240531,2024,18,5.6,0,0,0,0,0,0,0,Health Science,female,57,26.0,-1.67,1.0,0.0,64.83,0.0,6,0,12,0
S240532,2024,18,9.0,1,0,1,0,1,0,0,Health Science,female,46,17.0,-4.0,0.83,0.0,72.0,0.0,5,0,12,0
S240533,2024,18,9.0,0,0,0,0,1,0,0,Health Science,male,37,20.0,1.0,0.67,1.0,79.0,0.0,8,0,12,0
S240534,2024,43,8.5,0,1,0,0,0,1,1,Business Administration,male,47,32.0,5.67,1.0,0.0,75.17,0.0,3,0,12,0
S240536,2024,20,11.0,0,1,1,0,0,0,0,Sustainable Biotechnology,female,53,24.0,-1.67,1.0,0.0,75.17,0.0,6,0,12,0
S240537,2024,22,10.1,0,1,0,0,0,0,0,Software,male,13,6.0,-0.33,0.5,2.0,56.33,1.0,2,1,5,1
S240538,2024,27,11.0,0,1,0,0,0,0,1,Business Administration,male,34,13.0,-2.67,1.0,0.0,69.5,0.0,5,0,12,0
S240539,2024,20,4.1,0,1,0,0,1,0,0,Tourism,female,15,6.0,-1.0,0.0,3.0,,0.0,0,1,10,1
S240541,2024,19,9.8,1,1,1,0,0,0,0,Communication & Digital Media,female,22,7.0,-2.67,0.83,0.0,73.6,0.0,6,0,12,0
S240542,2024,19,8.9,0,1,0,0,1,0,0,Social Work,female,38,15.0,-2.67,1.0,0.0,73.17,0.0,5,0,12,0
S240545,2024,18,8.4,0,1,1,0,0,0,0,Business Administration,female,48,19.0,-3.33,1.0,0.0,71.0,0.0,5,0,12,0
S240547,2024,21,6.8,1,1,0,0,1,0,0,Communication & Digital Media,female,29,14.0,-0.33,0.83,1.0,55.6,0.0,6,0,12,0
S240548,2024,19,9.6,0,1,1,0,1,0,0,Social Work,female,39,19.0,-0.33,1.0,0.0,74.5,0.0,6,0,12,0
S240549,2024,20,5.3,1,1,0,0,1,0,0,Health Science,female,17,8.0,-0.33,1.0,0.0,51.83,1.0,4,0,10,0
S240550,2024,24,10.7,0,0,0,0,0,0,0,Sustainable Biotechnology,male,61,36.0,3.67,1.0,0.0,76.17,0.0,14,0,12,0
S240551,2024,59,3.7,1,1,0,0,0,1,0,Communication & Digital Media,female,28,11.0,-2.0,1.0,0.0,54.67,0.0,6,0,12,0
S240553,2024,34,8.8,0,1,0,0,0,1,1,Business Administration,female,44,16.0,-4.0,1.0,0.0,82.67,0.0,5,0,12,0
S240555,2024,19,10.6,0,0,1,0,1,0,0,Communication & Digital Media,female,49,21.0,-2.33,0.83,0.0,81.2,0.0,6,0,12,0
S240556,2024,19,8.3,0,1,0,0,1,0,0,Health Science,female,57,27.0,-1.0,0.67,1.0,64.75,0.0,7,0,12,0
S240557,2024,20,4.0,0,1,1,0,1,0,0,Tourism,male,35,13.0,-3.0,0.17,3.0,63.0,0.0,4,0,12,0
S240558,2024,21,7.9,0,1,0,0,1,0,0,Learning & Innovation,female,49,29.0,3.0,1.0,0.0,65.83,0.0,5,0,12,0
S240559,2024,19,7.4,0,1,1,0,1,0,0,Health Science,female,24,13.0,0.67,1.0,0.0,70.5,0.0,7,0,12,0
S240560,2024,18,8.3,1,1,1,0,1,0,0,Health Science,female,24,12.0,0.0,0.83,0.0,72.6,0.0,4,0,11,0
S240561,2024,24,7.8,0,1,1,0,0,0,1,Business Administration,female,40,15.0,-3.33,1.0,0.0,73.5,0.0,5,0,12,0
S240562,2024,18,7.4,0,1,1,0,1,0,0,Communication & Digital Media,male,44,18.0,-2.67,0.83,1.0,61.6,0.0,6,0,12,0
S240563,2024,18,10.2,0,1,0,0,0,0,0,Social Work,female,34,17.0,0.0,0.83,0.0,82.8,0.0,6,0,12,0
S240564,2024,25,11.0,0,0,0,0,0,0,1,Business Administration,female,28,13.0,-0.67,1.0,0.0,76.33,0.0,0,1,9,1
S240565,2024,21,6.7,0,1,0,0,0,0,0,Social Work,female,30,12.0,-2.0,0.67,0.0,63.5,0.0,3,0,12,0
S240566,2024,18,7.5,0,1,1,0,1,0,0,Communication & Digital Media,male,27,12.0,-1.0,0.67,1.0,62.25,0.0,6,0,12,0
S240567,2024,31,8.1,0,1,0,0,0,0,1,Business Administration,male,22,9.0,-1.33,0.67,2.0,55.75,0.0,3,0,12,0
S240568,2024,21,6.1,0,1,0,1,1,0,0,Communication & Digital Media,male,14,5.0,-1.33,0.5,1.0,59.67,0.0,1,1,9,1
S240569,2024,23,7.5,0,0,0,0,1,0,0,Health Science,male,44,27.0,3.33,0.83,0.0,65.8,0.0,8,0,12,0
S240570,2024,24,7.6,0,1,0,0,0,0,0,Health Science,female,57,31.0,1.67,0.83,1.0,68.4,0.0,9,0,12,0
S240571,2024,20,7.0,1,1,0,0,1,0,0,Software,male,22,8.0,-2.0,1.0,0.0,64.67,0.0,4,0,12,0
S240573,2024,18,3.8,0,1,1,0,0,0,0,Communication & Digital Media,female,16,7.0,-0.67,0.5,1.0,54.67,0.0,3,0,12,0
S240574,2024,19,5.0,0,1,0,0,1,0,0,Business Administration,female,25,11.0,-1.0,0.67,1.0,48.5,0.0,3,0,12,0
S240575,2024,32,8.2,0,1,0,0,1,1,1,Business Administration,male,22,9.0,-1.33,0.83,0.0,54.6,0.0,3,0,12,0
S240576,2024,22,4.9,0,1,0,0,1,0,0,Communication & Digital Media,female,17,11.0,1.67,0.83,0.0,39.4,0.0,3,0,12,0
S240577,2024,38,10.0,0,1,0,0,0,1,0,Health Science,male,32,15.0,-0.67,1.0,0.0,67.5,0.0,7,0,12,0
S240578,2024,18,7.9,0,1,0,0,1,0,0,Communication & Digital Media,male,34,12.0,-3.33,1.0,0.0,66.0,1.0,12,0,12,0
S240579,2024,19,7.4,0,1,0,0,1,0,0,Communication & Digital Media,male,15,9.0,1.0,0.5,1.0,57.67,0.0,3,0,12,0
S240580,2024,18,8.6,0,1,0,1,1,0,0,Communication & Digital Media,male,23,13.0,1.0,0.17,2.0,49.0,0.0,0,1,8,1
S240581,2024,19,11.7,1,0,1,0,1,0,0,Communication & Digital Media,female,17,8.0,-0.33,1.0,0.0,83.33,0.0,3,0,12,0
S240582,2024,20,5.9,0,1,1,0,0,0,0,Communication & Digital Media,female,61,29.0,-1.0,1.0,0.0,61.67,0.0,6,0,12,0
S240583,2024,20,6.2,0,1,1,0,0,0,0,Tourism,female,23,9.0,-1.67,0.83,0.0,54.0,0.0,4,0,12,0
S240584,2024,19,6.8,0,0,0,0,1,0,0,Health Science,female,63,23.0,-5.67,1.0,0.0,81.33,0.0,6,0,12,0
S240585,2024,19,5.5,0,1,0,0,1,0,0,Learning & Innovation,male,23,10.0,-1.0,0.5,0.0,62.67,0.0,4,0,12,0
S240586,2024,18,6.4,0,0,0,0,1,0,0,Business Administration,male,49,20.0,-3.0,0.83,0.0,60.8,0.0,4,0,12,0
S240587,2024,24,6.4,1,0,0,0,1,0,0,Business Administration,female,10,8.0,2.0,0.33,2.0,50.5,0.0,3,0,10,0
S240588,2024,20,11.6,0,1,0,0,1,0,0,Health Science,female,36,23.0,3.33,0.83,1.0,84.6,0.0,6,0,12,0
S240590,2024,19,5.4,0,0,0,0,1,0,0,Communication & Digital Media,male,29,12.0,-1.67,0.67,1.0,62.25,0.0,3,0,12,0
S240591,2024,20,7.8,1,1,0,0,1,0,0,Communication & Digital Media,male,12,7.0,0.67,1.0,0.0,59.67,0.0,3,0,12,0
S240592,2024,38,7.8,1,1,0,0,0,0,0,Health Science,female,4,1.0,-0.67,0.67,1.0,66.5,2.0,3,0,12,0
S240593,2024,19,8.7,0,1,1,0,0,0,0,Business Administration,female,27,14.0,0.33,0.5,1.0,73.0,0.0,5,0,12,0
S240594,2024,21,9.8,0,1,1,0,0,0,0,Social Work,female,45,23.0,0.33,0.67,1.0,73.5,0.0,6,0,12,0
S240595,2024,33,8.4,0,1,0,0,1,1,1,Business Administration,male,55,31.0,2.33,1.0,0.0,64.0,0.0,5,0,12,0
S240597,2024,35,2.3,0,1,0,0,0,1,1,Social Work,female,52,27.0,0.67,0.5,2.0,62.0,0.0,6,0,12,0
S240598,2024,18,9.7,0,1,1,0,0,0,0,Health Science,male,34,16.0,-0.67,0.83,0.0,75.8,0.0,7,0,12,0
S240599,2024,35,5.1,0,1,0,0,0,0,0,Communication & Digital Media,male,27,17.0,2.33,0.83,0.0,70.6,0.0,3,0,12,0
S240600,2024,32,4.5,0,1,0,0,0,1,1,Social Work,female,73,37.0,0.33,1.0,0.0,68.67,0.0,5,0,12,0
S240601,2024,19,9.8,0,1,1,0,0,0,0,Business Administration,female,13,10.0,2.33,0.67,1.0,68.0,0.0,4,0,11,0
S240602,2024,36,3.8,1,1,0,0,0,1,1,Business Administration,female,21,10.0,-0.33,0.5,2.0,47.0,0.0,3,1,6,1
S240603,2024,20,3.8,1,0,0,1,0,0,0,Software,male,18,11.0,1.33,0.17,3.0,56.0,0.0,3,0,12,0
S240605,2024,19,6.0,0,1,1,0,0,0,0,Social Work,female,63,24.0,-5.0,1.0,0.0,66.83,0.0,5,0,12,0
S240606,2024,18,11.8,1,1,0,0,0,0,0,Health Science,female,28,15.0,0.67,1.0,0.0,86.5,0.0,6,0,12,0
S240607,2024,20,5.7,0,1,0,0,0,0,0,Tourism,male,44,16.0,-4.0,0.83,0.0,57.8,0.0,3,0,12,0
S240608,2024,26,2.0,1,1,0,0,0,0,0,Sustainable Biotechnology,female,11,7.0,1.0,1.0,0.0,54.67,0.0,3,0,12,0
S240609,2024,28,5.5,1,1,0,0,1,0,0,Health Science,male,28,12.0,-1.33,0.83,1.0,59.2,0.0,18,0,12,0
S240610,2024,27,3.9,1,1,0,0,0,0,0,Sustainable Biotechnology,female,19,10.0,0.33,1.0,0.0,50.33,0.0,3,0,12,0
S240611,2024,23,4.5,0,1,1,0,1,0,0,Social Work,female,61,30.0,-0.33,1.0,0.0,57.83,0.0,6,0,12,0
S240612,2024,21,11.7,0,0,0,0,1,0,0,Sustainable Biotechnology,male,31,21.0,3.67,0.83,1.0,87.4,0.0,6,0,12,0
S240613,2024,19,8.2,0,1,0,0,1,0,0,Communication & Digital Media,female,63,27.0,-3.0,0.83,0.0,67.6,0.0,6,0,12,0
S240614,2024,18,7.6,1,1,0,0,1,0,0,Communication & Digital Media,female,18,9.0,0.0,0.83,1.0,66.0,0.0,6,0,12,0
S240615,2024,19,9.2,0,1,1,0,1,0,0,Business Administration,male,74,30.0,-4.67,0.83,0.0,86.2,0.0,5,0,12,0
S240616,2024,19,8.8,0,1,0,0,1,0,0,Communication & Digital Media,male,17,8.0,-0.33,0.67,1.0,69.5,0.0,3,0,12,0
S240617,2024,46,12.0,0,1,0,0,0,1,0,Business Administration,male,45,24.0,1.0,0.83,0.0,68.4,0.0,5,0,12,0
S240619,2024,22,3.7,0,1,1,0,1,0,0,Health Science,female,58,31.0,1.33,1.0,0.0,60.17,0.0,6,0,12,0
S240620,2024,21,8.6,1,1,0,0,0,0,0,Business Administration,male,37,17.0,-1.0,0.83,0.0,70.8,0.0,5,0,12,0
S240621,2024,19,7.7,0,1,0,0,1,0,0,Software,male,23,14.0,1.67,0.83,1.0,64.2,0.0,3,0,12,0
S240622,2024,21,8.8,1,1,1,0,0,0,0,Social Work,female,28,13.0,-0.67,1.0,0.0,72.83,0.0,6,0,12,0
S240623,2024,20,6.4,1,0,0,1,0,0,0,Sustainable Biotechnology,female,39,15.0,-3.0,1.0,0.0,63.33,0.0,5,0,12,0
S240624,2024,31,6.7,0,0,0,0,0,0,1,Business Administration,male,13,2.0,-3.0,0.67,1.0,54.25,0.0,3,0,10,0
S240625,2024,19,10.5,0,1,0,0,1,0,0,Health Science,female,25,11.0,-1.0,0.83,0.0,78.2,0.0,3,0,12,0
S240626,2024,19,6.7,0,1,1,0,1,0,0,Social Work,female,29,12.0,-1.67,0.5,2.0,56.0,0.0,4,0,12,0
S240628,2024,21,2.0,0,1,0,0,1,0,0,Health Science,female,23,7.0,-3.0,0.67,0.0,53.0,0.0,6,0,12,0
S240629,2024,19,8.7,0,1,1,0,1,0,0,Communication & Digital Media,female,27,15.0,1.0,0.83,1.0,63.2,0.0,6,0,12,0
S240630,2024,22,9.2,0,1,0,0,0,0,0,Sustainable Biotechnology,female,81,34.0,-4.33,1.0,0.0,79.33,0.0,6,0,12,0
S240631,2024,24,10.7,0,0,0,1,1,0,0,Business Administration,female,92,44.0,-1.33,1.0,0.0,81.67,0.0,5,0,12,0
S240632,2024,33,10.7,0,1,0,0,1,1,0,Sustainable Biotechnology,male,20,12.0,1.33,0.17,3.0,62.0,0.0,3,0,12,0
S240633,2024,18,7.1,0,1,1,0,0,0,0,Business Administration,female,58,23.0,-4.0,0.83,0.0,58.0,0.0,5,0,12,0
S240634,2024,22,9.6,0,1,0,0,1,0,0,Health Science,female,44,19.0,-2.0,1.0,0.0,67.17,0.0,6,0,12,0
S240635,2024,18,9.1,1,1,1,1,0,0,0,Communication & Digital Media,female,24,11.0,-0.67,0.83,1.0,82.8,0.0,6,0,12,0
S240636,2024,20,7.7,0,1,1,0,1,0,0,Health Science,female,47,21.0,-1.67,0.83,1.0,66.4,0.0,7,0,12,0
S240637,2024,30,7.0,0,1,0,0,1,0,0,Business Administration,female,61,24.0,-4.33,1.0,0.0,66.83,0.0,13,0,12,0
S240638,2024,20,8.4,0,1,1,0,1,0,0,Communication & Digital Media,female,11,5.0,-0.33,0.0,3.0,,0.0,0,0,7,1
S240639,2024,23,6.1,1,1,1,0,1,0,0,Communication & Digital Media,female,24,10.0,-1.33,1.0,0.0,58.33,0.0,5,0,12,0
S240640,2024,21,5.3,0,1,0,1,0,0,0,Communication & Digital Media,male,33,17.0,0.33,0.83,0.0,55.0,0.0,9,0,12,0
S240641,2024,19,9.0,1,1,0,1,0,0,0,Health Science,female,16,10.0,1.33,0.67,1.0,63.75,0.0,3,0,12,0
S240642,2024,22,5.5,0,0,0,0,1,0,0,Communication & Digital Media,male,42,24.0,2.0,1.0,0.0,51.17,0.0,6,0,12,0
S240643,2024,22,6.1,1,1,0,0,1,0,0,Communication & Digital Media,female,21,9.0,-1.0,0.67,1.0,57.0,0.0,6,0,12,0
S240644,2024,39,6.7,0,1,1,0,0,0,0,Health Science,female,17,9.0,0.33,0.5,2.0,62.33,0.0,3,0,12,0
S240645,2024,20,4.3,0,1,1,0,1,0,0,Tourism,female,26,16.0,2.0,0.5,0.0,45.0,0.0,4,0,12,0
S240646,2024,18,8.2,1,1,0,0,1,0,0,Communication & Digital Media,female,25,12.0,-0.33,0.5,1.0,64.0,0.0,6,0,12,0
S240647,2024,18,12.0,1,0,0,0,1,0,0,Health Science,female,25,15.0,1.67,0.83,0.0,99.4,0.0,4,0,12,0
S240648,2024,20,6.6,0,1,0,0,0,0,0,Health Science,female,32,15.0,-0.67,1.0,0.0,59.67,0.0,6,0,12,0
S240649,2024,18,12.0,1,0,0,0,0,0,0,Health Science,female,27,17.0,2.33,0.83,1.0,97.8,0.0,6,0,12,0
S240650,2024,18,7.3,1,1,0,1,0,0,0,Communication & Digital Media,male,32,14.0,-1.33,1.0,0.0,69.67,0.0,4,0,12,0
S240651,2024,18,9.2,0,1,0,1,0,0,0,Tourism,female,36,12.0,-4.0,1.0,0.0,76.33,0.0,4,0,12,0
S240652,2024,30,8.3,0,1,1,0,0,0,0,Social Work,female,39,13.0,-4.33,0.83,0.0,70.8,1.0,16,0,12,0
S240653,2024,20,9.5,1,1,0,1,0,0,0,Business Administration,male,7,4.0,0.33,0.67,0.0,55.5,0.0,3,0,12,0
S240654,2024,24,7.4,0,1,0,0,1,0,1,Social Work,female,67,30.0,-2.33,1.0,0.0,65.17,0.0,9,0,12,0
S240655,2024,21,7.6,0,1,0,0,1,0,0,Health Science,female,44,21.0,-0.67,1.0,0.0,71.33,0.0,7,0,12,0
S240656,2024,19,6.5,0,1,0,0,0,0,0,Social Work,female,18,10.0,0.67,0.67,1.0,55.0,0.0,3,0,12,0
S240658,2024,18,7.1,1,1,1,0,1,0,0,Communication & Digital Media,female,36,19.0,0.67,1.0,0.0,68.67,0.0,6,0,12,0
S240659,2024,20,4.5,0,1,0,0,0,0,0,Health Science,female,64,28.0,-2.67,1.0,0.0,63.67,0.0,7,0,12,0
S240660,2024,25,4.7,1,1,1,0,0,0,0,Communication & Digital Media,male,5,1.0,-1.0,0.67,0.0,48.0,2.0,3,0,11,0
S240661,2024,20,10.9,0,0,0,0,1,0,0,Sustainable Biotechnology,female,63,33.0,1.0,0.83,0.0,86.6,0.0,5,0,12,0
S240663,2024,19,6.2,1,1,1,1,1,0,0,Social Work,female,28,15.0,0.67,1.0,0.0,68.17,0.0,6,0,12,0
S240664,2024,21,5.5,0,1,1,0,0,0,0,Tourism,female,47,22.0,-1.0,1.0,0.0,65.67,0.0,6,0,12,0
S240665,2024,22,6.0,1,1,0,0,1,0,0,Communication & Digital Media,female,27,18.0,3.0,1.0,0.0,60.67,0.0,6,0,12,0
S240666,2024,18,7.0,1,1,0,0,1,0,0,Tourism,male,35,21.0,2.33,1.0,0.0,70.83,0.0,6,0,12,0
S240667,2024,18,9.0,0,1,0,0,1,0,0,Communication & Digital Media,female,72,35.0,-0.67,1.0,0.0,81.5,0.0,6,0,12,0
S240668,2024,19,6.0,0,0,0,0,0,0,0,Social Work,female,52,20.0,-4.0,0.83,1.0,60.2,0.0,5,0,12,0
S240669,2024,19,5.8,0,1,0,0,1,0,0,Health Science,female,44,30.0,5.33,1.0,0.0,56.83,0.0,5,0,12,0
S240670,2024,18,6.2,0,0,1,1,1,0,0,Sustainable Biotechnology,female,30,13.0,-1.33,1.0,0.0,57.5,0.0,3,0,12,0
S240671,2024,39,2.4,1,0,0,1,0,0,0,Business Administration,male,14,6.0,-0.67,0.33,3.0,46.0,0.0,0,1,9,1
S240672,2024,22,7.3,0,0,0,0,1,0,0,Sustainable Biotechnology,female,7,5.0,1.0,0.5,2.0,54.67,0.0,3,0,11,0
S240673,2024,19,7.3,1,1,1,0,1,0,0,Tourism,female,42,17.0,-2.67,1.0,0.0,65.67,0.0,6,0,12,0
S240674,2024,26,10.7,0,1,0,1,0,0,0,Software,female,22,14.0,2.0,0.67,1.0,74.75,0.0,0,1,8,1
S240675,2024,20,5.9,0,1,1,0,0,0,0,Communication & Digital Media,female,46,22.0,-0.67,1.0,0.0,65.0,0.0,6,0,12,0
S240676,2024,22,8.1,0,0,0,0,1,0,0,Sustainable Biotechnology,female,28,16.0,1.33,0.5,2.0,62.67,0.0,3,1,8,1
S240677,2024,21,3.8,0,1,0,0,0,0,0,Communication & Digital Media,male,28,10.0,-2.67,0.5,2.0,42.67,0.0,5,0,12,0
S240678,2024,21,7.5,1,1,1,0,0,0,0,Communication & Digital Media,female,18,8.0,-0.67,1.0,0.0,76.33,1.0,5,0,12,0
S240680,2024,33,5.1,1,1,0,0,0,0,1,Business Administration,female,42,18.0,-2.0,1.0,0.0,73.33,0.0,3,0,12,0
S240681,2024,22,7.8,1,1,0,0,1,0,0,Communication & Digital Media,male,12,4.0,-1.33,0.0,3.0,,0.0,6,0,12,0
S240682,2024,36,4.5,0,0,0,0,0,0,0,Health Science,female,54,24.0,-2.0,1.0,0.0,61.33,0.0,3,0,12,0
S240683,2024,20,7.2,1,0,0,0,1,0,0,Software,male,29,9.0,-3.67,0.83,1.0,63.0,0.0,5,0,12,0
S240684,2024,18,5.0,0,1,0,0,1,0,0,Communication & Digital Media,male,49,19.0,-3.67,1.0,0.0,54.67,0.0,6,0,12,0
S240685,2024,19,9.7,0,1,1,0,1,0,0,Health Science,female,40,23.0,2.0,1.0,0.0,66.17,0.0,8,0,12,0
S240686,2024,20,6.0,0,1,1,0,1,0,0,Communication & Digital Media,female,28,17.0,2.0,1.0,0.0,66.5,0.0,6,0,12,0
S240687,2024,18,5.3,0,1,1,0,1,0,0,Social Work,female,51,19.0,-4.33,0.67,1.0,57.75,0.0,6,0,12,0
S240688,2024,22,8.9,1,1,0,0,0,0,0,Social Work,male,36,21.0,2.0,1.0,0.0,71.5,0.0,6,0,12,0
S240689,2024,20,7.7,0,1,0,0,1,0,0,Health Science,female,28,16.0,1.33,0.83,1.0,68.4,0.0,6,0,12,0
S240690,2024,18,5.2,0,1,0,0,0,0,0,Learning & Innovation,female,19,7.0,-1.67,0.5,1.0,57.67,0.0,3,0,12,0
S240692,2024,18,8.9,0,0,0,0,0,0,0,Health Science,female,27,16.0,1.67,0.67,2.0,73.25,0.0,7,0,12,0
S240693,2024,37,3.6,0,1,0,1,0,1,1,Social Work,female,56,29.0,0.67,0.83,1.0,54.4,0.0,3,1,12,1
S240694,2024,46,6.4,0,1,0,0,0,1,1,Business Administration,female,42,20.0,-0.67,0.67,1.0,56.75,0.0,8,0,12,0
S240695,2024,21,7.1,0,1,0,0,0,0,0,Health Science,female,13,8.0,1.0,0.33,3.0,63.0,0.0,3,0,12,0
S240696,2024,20,10.7,0,1,0,0,1,0,0,Sustainable Biotechnology,male,46,21.0,-1.33,1.0,0.0,73.83,0.0,6,0,12,0
S240697,2024,22,5.8,0,1,0,0,1,0,0,Social Work,male,56,28.0,0.0,1.0,0.0,57.33,0.0,4,0,11,1
S240698,2024,19,6.9,0,1,1,0,0,0,0,Communication & Digital Media,female,40,20.0,0.0,0.83,1.0,68.8,0.0,6,0,12,0
S240699,2024,54,12.0,1,0,0,1,0,0,0,Health Science,female,8,5.0,0.67,0.83,1.0,74.0,0.0,0,0,8,1
S240700,2024,19,8.9,0,1,0,0,0,0,0,Communication & Digital Media,male,39,16.0,-2.33,0.83,1.0,70.6,0.0,3,1,7,1
S240701,2024,19,5.8,0,1,1,0,1,0,0,Communication & Digital Media,female,62,29.0,-1.33,0.83,1.0,62.2,0.0,6,0,12,0
S240702,2024,20,9.0,0,1,0,0,1,0,0,Tourism,female,31,15.0,-0.33,0.83,0.0,71.6,0.0,4,0,12,0
S240703,2024,20,8.7,1,1,1,0,0,0,0,Communication & Digital Media,female,24,12.0,0.0,1.0,0.0,71.33,0.0,5,0,12,0
S240704,2024,28,7.4,0,0,0,0,0,0,0,Health Science,female,33,12.0,-3.0,0.67,1.0,69.25,0.0,6,0,12,0
S240705,2024,22,2.5,1,0,0,1,0,0,0,Software,male,7,3.0,-0.33,0.33,3.0,55.5,2.0,0,1,12,1
S240706,2024,28,5.0,0,1,0,0,0,0,1,Business Administration,male,10,1.0,-2.67,0.33,2.0,52.0,1.0,0,1,10,1
S240707,2024,21,5.8,0,1,0,1,0,0,0,Communication & Digital Media,female,35,18.0,0.33,0.67,1.0,49.75,0.0,0,1,7,1
S240708,2024,18,10.6,0,1,0,0,1,0,0,Communication & Digital Media,female,33,20.0,2.33,0.83,1.0,76.0,0.0,6,0,12,0
S240709,2024,21,6.7,0,1,0,0,1,0,0,Learning & Innovation,female,28,14.0,0.0,0.83,0.0,52.6,0.0,7,0,12,0
S240710,2024,27,7.8,0,0,0,0,0,0,0,Sustainable Biotechnology,male,23,12.0,0.33,0.5,2.0,63.33,0.0,17,0,12,0
S240711,2024,18,7.9,0,1,0,0,1,0,0,Health Science,female,41,27.0,4.33,1.0,0.0,67.67,0.0,7,0,12,0
S240712,2024,19,7.7,1,1,1,0,1,0,0,Communication & Digital Media,female,37,20.0,1.0,1.0,0.0,73.17,0.0,6,0,12,0
S240713,2024,22,7.3,1,1,0,0,1,0,0,Health Science,female,27,18.0,3.0,1.0,0.0,66.33,0.0,5,0,12,0
S240715,2024,31,8.9,0,1,0,0,0,1,0,Business Administration,female,40,13.0,-4.67,0.67,0.0,71.25,0.0,9,0,12,0
S240716,2024,19,8.4,1,1,0,0,0,0,0,Business Administration,male,24,13.0,0.67,1.0,0.0,66.5,0.0,5,0,12,0
S240717,2024,20,4.8,0,1,1,0,0,0,0,Business Administration,male,47,19.0,-3.0,0.67,1.0,62.5,0.0,3,0,12,0
S240718,2024,18,8.4,0,1,0,0,0,0,0,Learning & Innovation,female,25,15.0,1.67,1.0,0.0,66.67,0.0,5,0,12,0
S240719,2024,19,11.6,1,0,1,0,1,0,0,Communication & Digital Media,female,9,4.0,-0.33,0.5,1.0,72.67,0.0,3,0,12,0
S240720,2024,19,6.5,0,0,0,0,1,0,0,Communication & Digital Media,female,37,16.0,-1.67,1.0,0.0,65.83,0.0,6,0,12,0
S240721,2024,18,6.0,0,1,1,0,1,0,0,Social Work,female,35,12.0,-3.67,0.67,1.0,64.5,0.0,5,0,12,0
S240722,2024,18,5.8,0,1,1,0,0,0,0,Software,male,33,13.0,-2.33,0.83,1.0,54.8,0.0,4,0,12,0
S240723,2024,20,7.9,0,1,0,0,1,0,0,Health Science,female,14,8.0,0.67,0.83,1.0,55.6,0.0,0,1,7,1
S240725,2024,20,8.2,0,1,0,0,1,0,0,Business Administration,male,52,24.0,-1.33,1.0,0.0,63.5,0.0,5,0,12,0
S240726,2024,18,8.6,0,0,0,0,1,0,0,Tourism,female,35,13.0,-3.0,1.0,0.0,76.17,0.0,5,0,12,0
S240727,2024,25,2.0,0,1,0,1,1,0,0,Communication & Digital Media,female,51,24.0,-1.0,0.83,1.0,47.2,0.0,1,1,6,1
S240728,2024,22,8.5,0,1,1,0,1,0,0,Tourism,female,34,11.0,-4.0,1.0,0.0,69.0,0.0,6,0,12,0
S240729,2024,18,8.7,1,1,0,0,1,0,0,Health Science,female,23,12.0,0.33,0.83,1.0,65.2,0.0,6,0,12,0
S240730,2024,28,7.5,0,1,0,0,0,0,1,Business Administration,female,43,20.0,-1.0,0.5,1.0,57.0,0.0,3,1,12,0
S240731,2024,23,8.8,0,0,0,0,1,0,0,Health Science,female,52,26.0,0.0,0.67,1.0,55.25,0.0,11,0,12,0
S240732,2024,18,10.1,0,1,1,0,0,0,0,Social Work,female,63,30.0,-1.0,1.0,0.0,82.17,0.0,6,0,12,0
S240733,2024,19,7.4,0,1,1,1,1,0,0,Business Administration,female,20,12.0,1.33,0.83,0.0,65.0,0.0,4,0,12,0
S240734,2024,19,4.5,1,0,0,1,0,0,0,Business Administration,female,6,2.0,-0.67,0.17,3.0,42.0,1.0,0,0,7,1
S240735,2024,34,4.4,0,1,0,0,0,1,0,Health Science,male,46,23.0,0.0,1.0,0.0,57.83,0.0,4,0,12,0
S240736,2024,38,9.6,0,1,0,1,0,1,1,Business Administration,male,39,20.0,0.33,1.0,0.0,82.67,0.0,4,0,12,0
S240738,2024,19,4.5,0,0,0,0,1,0,0,Software,male,21,12.0,1.0,0.17,3.0,35.0,0.0,1,0,8,1
S240739,2024,25,8.3,1,1,0,0,1,0,1,Social Work,male,23,13.0,1.0,0.83,1.0,71.0,0.0,11,0,12,0
S240740,2024,19,6.4,0,1,0,0,0,0,0,Health Science,male,38,19.0,0.0,0.67,1.0,58.5,0.0,5,0,12,0
S240741,2024,23,5.3,1,1,1,0,1,0,0,Communication & Digital Media,female,19,11.0,1.0,0.5,3.0,60.0,0.0,5,0,12,0
S240742,2024,23,7.5,0,0,0,0,1,0,0,Health Science,male,55,30.0,1.67,0.83,1.0,64.0,0.0,8,0,12,0
S240743,2024,18,8.6,0,1,1,0,1,0,0,Health Science,female,34,17.0,0.0,0.5,2.0,72.33,0.0,7,0,12,0
S240744,2024,19,9.2,0,1,1,0,0,0,0,Social Work,female,29,16.0,1.0,0.83,0.0,82.2,0.0,6,0,12,0
S240745,2024,25,8.3,0,1,0,0,1,0,0,Business Administration,female,41,17.0,-2.33,0.83,1.0,65.6,0.0,4,0,12,0
S240746,2024,19,7.4,0,1,1,0,1,0,0,Health Science,female,34,12.0,-3.33,1.0,0.0,64.0,0.0,4,1,8,1
S240747,2024,24,6.2,0,1,0,0,0,0,1,Business Administration,male,35,17.0,-0.33,0.83,1.0,65.0,0.0,4,0,12,0
S240748,2024,18,6.0,1,1,0,1,1,0,0,Communication & Digital Media,female,28,9.0,-3.33,1.0,0.0,60.33,0.0,6,0,12,0
S240750,2024,52,5.8,0,1,0,0,0,0,0,Business Administration,female,67,37.0,2.33,1.0,0.0,73.5,0.0,15,0,12,0
S240751,2024,20,5.6,0,1,1,0,0,0,0,Health Science,female,39,12.0,-5.0,1.0,0.0,55.0,0.0,7,0,12,0
S240752,2024,23,6.1,0,1,0,0,0,0,0,Sustainable Biotechnology,male,17,12.0,2.33,0.17,2.0,43.0,0.0,0,1,6,1
S240753,2024,18,6.9,0,1,0,1,1,0,0,Software,male,35,18.0,0.33,0.83,0.0,57.8,0.0,3,0,12,0
S240754,2024,24,8.2,1,1,0,1,0,0,0,Communication & Digital Media,female,11,4.0,-1.0,0.83,1.0,52.2,0.0,3,0,12,0
S240755,2024,19,8.2,0,0,0,0,1,0,0,Communication & Digital Media,male,64,35.0,2.0,1.0,0.0,74.67,0.0,6,0,12,0
S240756,2024,25,10.0,1,1,0,0,1,0,1,Social Work,female,21,9.0,-1.0,1.0,0.0,69.5,0.0,15,0,12,0
S240757,2024,23,2.2,0,0,0,1,1,0,0,Business Administration,female,18,7.0,-1.33,0.5,1.0,34.67,0.0,0,1,6,1
S240759,2024,18,6.9,0,1,0,0,0,0,0,Health Science,female,40,14.0,-4.0,0.67,1.0,61.75,0.0,8,0,12,0
S240760,2024,18,5.3,1,0,0,0,1,0,0,Tourism,female,42,21.0,0.0,0.67,1.0,57.5,0.0,6,0,12,0
S240761,2024,27,6.8,0,1,0,0,0,0,1,Business Administration,female,25,15.0,1.67,0.67,0.0,49.75,0.0,3,0,12,0
S240763,2024,18,8.8,0,1,0,0,1,0,0,Communication & Digital Media,male,43,23.0,1.0,0.83,0.0,72.8,0.0,5,0,12,0
S240764,2024,19,9.5,1,0,1,0,1,0,0,Health Science,female,47,24.0,0.33,1.0,0.0,74.67,0.0,5,0,12,0
S240765,2024,33,2.5,1,0,0,0,1,0,0,Health Science,female,26,14.0,0.67,0.67,1.0,49.25,0.0,5,0,12,0
S240766,2024,23,5.7,1,0,0,0,1,0,0,Business Administration,female,18,8.0,-0.67,0.5,2.0,54.33,0.0,3,0,12,0
S240767,2024,21,9.6,1,1,0,0,1,0,0,Tourism,female,32,15.0,-0.67,1.0,0.0,72.5,0.0,6,0,12,0
S240768,2024,19,5.8,0,1,1,0,0,0,0,Communication & Digital Media,female,35,16.0,-1.0,0.83,1.0,57.6,0.0,6,0,12,0
S240769,2024,48,3.8,0,1,0,0,0,1,0,Sustainable Biotechnology,male,14,10.0,2.0,0.33,3.0,45.5,0.0,3,0,12,0
S240770,2024,18,10.8,1,1,0,0,1,0,0,Communication & Digital Media,female,19,12.0,1.67,0.83,1.0,82.8,0.0,5,0,12,0
S240771,2024,20,7.3,0,0,0,0,1,0,0,Tourism,female,46,22.0,-0.67,1.0,0.0,62.33,0.0,6,0,12,0
S240772,2024,19,8.5,0,0,0,0,1,0,0,Communication & Digital Media,male,50,26.0,0.67,0.67,1.0,73.25,0.0,6,1,11,1
S240773,2024,22,9.9,0,1,1,0,0,0,0,Sustainable Biotechnology,male,60,33.0,2.0,0.67,1.0,70.5,0.0,6,0,12,0
S240774,2024,25,9.9,0,1,0,0,0,0,1,Business Administration,female,36,13.0,-3.33,1.0,0.0,66.67,0.0,3,0,12,0
S240775,2024,51,8.9,0,1,0,0,0,0,0,Sustainable Biotechnology,male,39,23.0,2.33,1.0,0.0,61.67,0.0,3,0,12,0
S240776,2024,19,8.2,0,1,1,0,1,0,0,Social Work,female,53,24.0,-1.67,0.83,1.0,64.6,0.0,6,0,12,0
S240777,2024,24,2.0,0,1,0,0,1,0,0,Learning & Innovation,female,21,9.0,-1.0,0.83,1.0,49.8,0.0,5,0,12,0
S240778,2024,34,5.9,0,1,0,0,0,0,0,Sustainable Biotechnology,female,45,26.0,2.33,0.83,1.0,66.6,0.0,10,0,12,0
S240779,2024,21,9.9,0,1,1,0,1,0,0,Communication & Digital Media,female,40,24.0,2.67,1.0,0.0,74.5,0.0,6,0,12,0
S240780,2024,30,9.7,0,1,0,0,0,0,1,Social Work,female,7,5.0,1.0,0.5,1.0,71.33,0.0,3,0,12,0
S240781,2024,21,7.2,0,1,0,0,0,0,0,Communication & Digital Media,female,37,20.0,1.0,0.83,1.0,64.6,0.0,6,0,12,0
S240783,2024,51,6.6,0,1,0,0,0,1,1,Social Work,female,47,20.0,-2.33,1.0,0.0,60.33,0.0,6,0,12,0
S240784,2024,18,8.2,0,1,0,0,0,0,0,Health Science,female,14,7.0,0.0,1.0,0.0,59.5,0.0,3,0,12,0
S240785,2024,19,8.6,0,1,0,0,1,0,0,Communication & Digital Media,female,34,14.0,-2.0,1.0,0.0,70.83,0.0,4,0,12,0
S240786,2024,22,6.6,0,1,0,0,1,0,0,Health Science,female,24,9.0,-2.0,0.5,2.0,54.67,0.0,3,0,12,0
S240787,2024,18,4.0,0,1,0,0,0,0,0,Business Administration,female,13,4.0,-1.67,0.17,3.0,39.0,0.0,3,0,12,0
S240788,2024,20,3.7,0,0,0,0,1,0,0,Communication & Digital Media,female,42,22.0,0.67,1.0,0.0,52.83,0.0,6,0,12,0
S240789,2024,18,8.6,0,1,0,0,0,0,0,Social Work,female,7,2.0,-1.0,0.0,3.0,,2.0,0,1,7,1
S240790,2024,23,7.7,1,0,0,0,0,0,0,Learning & Innovation,female,22,12.0,0.67,0.67,1.0,65.75,0.0,16,0,12,0
S240791,2024,32,5.7,0,1,0,0,0,0,0,Business Administration,female,18,8.0,-0.67,0.33,2.0,60.5,0.0,3,0,12,0
S240792,2024,19,4.0,0,0,0,0,1,0,0,Social Work,female,24,8.0,-2.67,0.67,2.0,54.25,0.0,6,0,12,0
S240793,2024,27,10.7,1,0,0,0,1,1,0,Health Science,female,23,14.0,1.67,0.83,1.0,72.6,0.0,7,0,12,0
S240794,2024,18,6.4,0,1,1,0,1,0,0,Tourism,female,41,21.0,0.33,0.83,1.0,61.0,0.0,6,0,12,0
S240795,2024,21,5.8,0,1,0,1,0,0,0,Communication & Digital Media,male,45,21.0,-1.0,0.83,0.0,61.2,0.0,9,0,12,0
S240796,2024,18,5.2,0,0,0,0,0,0,0,Sustainable Biotechnology,male,20,8.0,-1.33,0.83,1.0,57.6,0.0,6,0,12,0
S240797,2024,19,8.3,0,1,0,0,0,0,0,Software,male,42,20.0,-0.67,0.83,0.0,73.8,0.0,5,0,12,0
S240798,2024,20,6.0,1,1,0,0,1,0,0,Communication & Digital Media,female,31,16.0,0.33,1.0,0.0,60.83,0.0,6,0,12,0
S240799,2024,20,7.1,0,1,1,0,1,0,0,Health Science,female,63,26.0,-3.67,0.83,0.0,69.8,0.0,7,0,12,0
S240800,2024,20,8.9,0,1,1,0,1,0,0,Health Science,female,50,22.0,-2.0,1.0,0.0,69.5,0.0,7,0,12,0
S240801,2024,20,10.7,1,1,1,0,1,0,0,Tourism,female,36,21.0,2.0,1.0,0.0,85.17,0.0,6,0,12,0
S240802,2024,18,5.8,0,1,0,0,1,0,0,Social Work,female,22,15.0,2.67,0.5,2.0,59.33,0.0,4,0,12,0
S240803,2024,40,2.0,1,0,0,1,0,0,0,Business Administration,male,20,6.0,-2.67,0.83,0.0,54.4,0.0,3,0,12,0
S240804,2024,20,4.7,0,1,0,0,0,0,0,Health Science,male,45,30.0,5.0,1.0,0.0,62.5,0.0,6,0,12,0
S240805,2024,18,10.2,1,1,0,0,1,0,0,Health Science,female,24,13.0,0.67,1.0,0.0,82.5,0.0,6,0,12,0
S240806,2024,21,9.6,0,1,0,0,0,0,0,Social Work,female,30,19.0,2.67,0.83,0.0,70.4,0.0,6,0,12,0
S240807,2024,19,10.1,0,1,0,0,0,0,0,Tourism,female,64,27.0,-3.33,1.0,0.0,89.83,0.0,6,0,12,0
S240808,2024,21,5.6,0,0,0,0,1,0,0,Communication & Digital Media,female,34,18.0,0.67,1.0,0.0,53.33,0.0,5,0,12,0
S240809,2024,35,9.2,0,1,1,1,0,1,0,Learning & Innovation,female,30,19.0,2.67,1.0,0.0,64.33,0.0,6,0,12,0
S240810,2024,19,9.5,0,1,1,0,1,0,0,Health Science,male,31,19.0,2.33,1.0,0.0,68.0,0.0,6,0,12,0
S240811,2024,19,7.6,0,1,0,0,1,0,0,Health Science,female,50,30.0,3.33,1.0,0.0,74.67,0.0,7,0,12,0
S240812,2024,34,4.3,0,1,1,0,1,0,0,Health Science,male,53,24.0,-1.67,1.0,0.0,66.67,0.0,14,0,12,0
S240813,2024,24,8.2,1,1,0,0,0,0,0,Sustainable Biotechnology,male,17,10.0,1.0,0.67,1.0,62.75,0.0,7,0,12,0
S240814,2024,18,6.2,0,1,0,0,1,0,0,Health Science,female,39,20.0,0.33,0.83,0.0,60.0,0.0,4,0,12,0
S240815,2024,26,3.6,1,0,0,1,0,0,0,Business Administration,male,33,16.0,-0.33,1.0,0.0,56.17,0.0,6,0,12,0
S240817,2024,18,8.6,0,1,0,1,1,0,0,Communication & Digital Media,female,33,18.0,1.0,0.83,0.0,65.0,0.0,4,0,12,0
S240819,2024,23,7.6,0,1,0,0,1,0,0,Communication & Digital Media,male,29,17.0,1.67,0.5,1.0,54.67,0.0,6,0,11,0
S240820,2024,19,5.6,0,1,0,0,0,1,0,Health Science,male,8,5.0,0.67,0.17,2.0,61.0,0.0,3,0,11,0
S240821,2024,27,7.6,0,1,0,0,1,0,0,Health Science,male,24,10.0,-1.33,0.33,2.0,60.0,0.0,4,0,12,0
S240822,2024,43,8.9,0,1,1,0,0,1,0,Communication & Digital Media,female,24,13.0,0.67,0.5,2.0,68.67,0.0,5,0,12,0
S240823,2024,18,7.5,0,1,1,0,1,0,0,Health Science,male,25,15.0,1.67,1.0,0.0,58.67,0.0,7,0,12,0
S240824,2024,29,7.0,0,1,0,0,0,0,0,Sustainable Biotechnology,male,17,9.0,0.33,0.33,3.0,53.5,0.0,0,0,6,1
S240825,2024,42,6.6,0,1,0,1,0,1,0,Business Administration,female,51,27.0,1.0,0.83,1.0,56.6,0.0,13,0,12,0
S240826,2024,19,7.8,0,0,1,0,1,0,0,Communication & Digital Media,female,45,21.0,-1.0,0.83,1.0,63.2,0.0,6,0,12,0
S240827,2024,21,7.7,0,1,0,0,1,0,0,Communication & Digital Media,male,34,20.0,2.0,1.0,0.0,64.67,0.0,4,0,12,0
S240828,2024,20,11.7,1,1,0,0,0,0,0,Health Science,female,25,13.0,0.33,0.83,0.0,84.2,0.0,6,0,12,0
S240829,2024,20,9.1,0,1,1,0,1,0,0,Health Science,female,41,22.0,1.0,0.83,0.0,69.2,0.0,7,0,12,0
S240830,2024,20,3.9,0,1,0,0,1,0,0,Learning & Innovation,female,31,12.0,-2.33,0.83,1.0,57.0,0.0,7,0,12,0
S240831,2024,23,9.1,1,1,1,1,0,0,0,Social Work,female,20,12.0,1.33,1.0,0.0,68.83,0.0,6,0,12,0
S240833,2024,25,9.9,1,1,0,0,1,0,1,Social Work,female,25,11.0,-1.0,0.83,0.0,71.8,0.0,15,0,12,0
S240834,2024,18,7.4,0,1,0,0,1,0,0,Social Work,female,52,27.0,0.67,1.0,0.0,68.33,0.0,5,0,12,0
S240835,2024,26,5.0,0,0,0,0,0,1,0,Sustainable Biotechnology,male,30,10.0,-3.33,0.67,0.0,54.0,0.0,1,0,12,1
S240836,2024,20,4.8,0,1,0,0,1,0,0,Communication & Digital Media,male,61,34.0,2.33,1.0,0.0,55.17,0.0,6,0,12,0
S240837,2024,20,8.4,1,1,1,0,0,0,0,Communication & Digital Media,female,22,8.0,-2.0,0.83,1.0,73.8,0.0,5,0,12,0
S240838,2024,18,7.1,0,1,0,0,1,0,0,Social Work,female,62,28.0,-2.0,1.0,0.0,63.33,0.0,6,0,12,0
S240840,2024,22,7.6,0,1,0,0,1,0,0,Communication & Digital Media,male,53,27.0,0.33,1.0,0.0,69.5,0.0,6,0,12,0
S240841,2024,30,8.2,1,1,0,0,0,1,0,Communication & Digital Media,female,8,5.0,0.67,0.33,2.0,61.0,0.0,3,0,12,0
S240842,2024,46,4.8,0,1,0,0,0,0,1,Business Administration,male,16,5.0,-2.0,0.5,1.0,46.67,0.0,0,1,10,1
S240844,2024,21,8.9,1,1,0,0,1,0,0,Health Science,female,28,17.0,2.0,0.67,1.0,73.25,0.0,6,0,12,0
S240845,2024,20,7.4,0,1,1,0,1,0,0,Health Science,female,29,12.0,-1.67,0.5,1.0,64.33,0.0,6,0,12,0
S240846,2024,20,5.5,1,1,0,1,1,0,0,Communication & Digital Media,female,10,4.0,-0.67,0.83,1.0,55.4,0.0,5,1,7,1
S240847,2024,19,6.2,0,1,0,0,0,0,1,Social Work,female,31,12.0,-2.33,1.0,0.0,63.5,0.0,6,0,12,0
S240848,2024,18,9.6,0,0,0,0,1,0,0,Health Science,female,35,22.0,3.0,1.0,0.0,70.17,0.0,6,0,12,0
S240849,2024,24,8.3,0,1,0,0,0,0,0,Business Administration,male,50,24.0,-0.67,0.83,0.0,64.4,0.0,15,1,12,0
S240850,2024,19,6.2,0,1,0,0,1,0,0,Health Science,female,49,23.0,-1.0,1.0,0.0,63.33,0.0,6,0,12,0
S240851,2024,20,7.5,1,1,1,0,1,0,0,Tourism,female,33,13.0,-2.33,1.0,0.0,79.33,0.0,6,0,12,0
S240852,2024,46,10.7,0,1,0,0,0,1,1,Social Work,male,42,23.0,1.33,0.67,1.0,72.0,0.0,6,0,12,0
S240853,2024,20,7.4,0,1,1,0,1,0,0,Health Science,female,37,21.0,1.67,0.83,0.0,67.2,0.0,6,1,12,0
S240854,2024,34,10.8,0,0,1,0,0,1,0,Health Science,female,40,19.0,-0.67,0.83,1.0,73.0,0.0,6,0,12,0
S240855,2024,19,5.9,0,1,0,0,1,0,0,Tourism,male,35,14.0,-2.33,0.83,1.0,66.4,0.0,6,0,12,0
S240856,2024,22,4.4,0,1,0,0,1,0,0,Communication & Digital Media,female,14,6.0,-0.67,0.5,1.0,49.67,1.0,0,1,5,1
S240857,2024,21,7.2,0,1,1,0,0,0,0,Health Science,male,13,8.0,1.0,0.67,1.0,52.0,0.0,3,0,12,0
S240858,2024,18,7.5,0,0,0,0,1,0,0,Health Science,female,34,19.0,1.33,0.83,0.0,63.2,0.0,6,0,12,0
S240859,2024,19,9.5,0,1,0,1,0,0,0,Health Science,female,44,20.0,-1.33,1.0,0.0,69.83,0.0,4,0,12,0
S240860,2024,19,5.0,0,1,0,0,1,0,0,Social Work,female,29,11.0,-2.33,0.83,1.0,54.0,0.0,5,0,12,0
S240861,2024,34,5.7,0,1,1,0,0,1,0,Health Science,female,58,25.0,-2.67,1.0,0.0,65.0,0.0,8,0,12,0
S240862,2024,28,12.0,0,0,0,0,0,0,0,Health Science,female,28,12.0,-1.33,0.67,1.0,81.75,0.0,7,0,12,0
S240863,2024,18,5.9,0,1,0,0,1,0,0,Health Science,female,37,17.0,-1.0,1.0,0.0,65.17,0.0,4,0,12,0
S240864,2024,23,8.3,0,1,0,0,1,0,0,Health Science,female,11,7.0,1.0,0.17,2.0,52.0,0.0,3,0,12,0
S240865,2024,20,7.4,0,1,0,0,1,0,0,Communication & Digital Media,male,38,24.0,3.33,0.83,0.0,68.6,0.0,4,0,12,0
S240867,2024,34,3.6,1,1,0,0,0,1,0,Learning & Innovation,female,46,16.0,-4.67,0.83,1.0,66.4,0.0,6,0,12,0
S240868,2024,24,12.0,0,1,0,0,0,0,0,Health Science,female,55,31.0,2.33,1.0,0.0,93.83,0.0,7,0,12,0
S240869,2024,23,7.1,1,1,1,0,1,0,0,Communication & Digital Media,female,20,10.0,0.0,1.0,0.0,64.0,0.0,5,0,12,0
S240870,2024,23,8.9,0,0,0,0,0,0,0,Software,male,26,18.0,3.33,0.83,1.0,68.4,0.0,3,0,12,0
S240871,2024,18,6.6,0,1,0,0,1,0,0,Health Science,female,30,13.0,-1.33,1.0,0.0,52.0,0.0,7,0,12,0
S240872,2024,18,8.8,1,1,1,0,1,0,0,Communication & Digital Media,male,37,17.0,-1.0,1.0,0.0,75.17,0.0,6,0,12,0
S240873,2024,22,4.9,0,1,0,0,1,0,0,Communication & Digital Media,female,46,21.0,-1.33,1.0,0.0,61.5,0.0,6,0,12,0
S240874,2024,18,9.7,0,1,0,1,0,0,0,Tourism,female,26,11.0,-1.33,0.67,2.0,79.0,0.0,4,0,12,0
S240875,2024,20,9.9,0,1,1,1,0,0,0,Social Work,female,47,27.0,2.33,0.83,0.0,72.8,0.0,6,0,12,0
S240876,2024,18,7.5,0,1,1,0,1,0,0,Communication & Digital Media,female,63,33.0,1.0,1.0,0.0,68.67,0.0,6,0,12,0
S240877,2024,29,6.8,0,1,0,0,0,1,0,Health Science,female,20,10.0,0.0,0.33,3.0,61.0,0.0,3,0,12,0
S240878,2024,30,6.1,0,0,0,0,1,0,0,Sustainable Biotechnology,female,27,11.0,-1.67,0.67,2.0,60.75,0.0,11,0,12,0
S240879,2024,21,7.1,1,1,0,0,1,0,0,Health Science,female,23,11.0,-0.33,0.83,1.0,65.0,0.0,7,0,12,0
S240880,2024,18,6.9,0,1,0,0,0,0,0,Tourism,female,28,11.0,-2.0,0.67,2.0,57.25,0.0,5,0,12,0
S240882,2024,39,6.7,0,1,0,0,0,0,1,Business Administration,male,29,14.0,-0.33,0.67,1.0,60.5,0.0,3,0,12,0
S240883,2024,18,7.0,1,1,0,1,0,0,0,Communication & Digital Media,male,14,7.0,0.0,0.67,1.0,56.0,0.0,1,1,9,1
S240884,2024,24,8.1,1,0,0,0,0,0,0,Learning & Innovation,female,16,8.0,0.0,1.0,0.0,66.17,0.0,16,0,12,0
S240885,2024,18,5.7,0,1,0,0,1,0,0,Health Science,male,35,19.0,1.0,0.67,1.0,60.0,0.0,5,0,12,0
S240886,2024,23,8.8,1,0,0,1,1,0,0,Health Science,female,20,10.0,0.0,1.0,0.0,69.0,0.0,7,0,12,0
S240887,2024,18,8.2,1,1,0,1,0,0,0,Communication & Digital Media,male,28,8.0,-4.0,0.5,2.0,64.0,0.0,4,0,12,0
S240888,2024,19,8.7,1,0,1,0,1,0,0,Health Science,female,38,21.0,1.33,1.0,0.0,76.67,0.0,5,0,12,0
S240889,2024,24,8.9,0,1,0,0,0,0,0,Software,male,20,11.0,0.67,0.5,2.0,73.33,0.0,3,0,12,0
S240890,2024,18,9.8,0,1,0,0,1,0,0,Business Administration,female,27,14.0,0.33,0.5,0.0,65.67,0.0,5,0,12,0
S240892,2024,20,5.3,0,1,1,0,1,0,0,Health Science,female,41,20.0,-0.33,1.0,0.0,64.17,0.0,7,0,12,0
S240893,2024,18,9.9,0,0,0,1,0,0,0,Communication & Digital Media,male,37,14.0,-3.0,0.5,0.0,67.33,0.0,10,0,12,0
S240894,2024,22,5.8,1,1,1,0,1,0,0,Communication & Digital Media,female,40,22.0,1.33,0.67,2.0,65.75,0.0,5,0,12,1
S240895,2024,22,9.1,0,1,1,0,0,0,0,Social Work,female,52,25.0,-0.67,1.0,0.0,77.33,0.0,6,0,12,0
S240896,2024,19,7.6,0,1,0,0,0,0,0,Health Science,male,52,27.0,0.67,1.0,0.0,66.67,0.0,7,0,12,0
S240897,2024,35,9.5,0,0,0,0,0,0,0,Sustainable Biotechnology,male,19,9.0,-0.33,0.67,1.0,67.75,0.0,2,0,10,1
S240898,2024,18,9.1,1,0,0,0,1,0,0,Software,male,20,6.0,-2.67,0.67,1.0,67.5,0.0,5,0,12,0
S240899,2024,20,10.6,1,1,0,0,1,0,0,Communication & Digital Media,male,8,6.0,1.33,0.67,1.0,72.25,0.0,0,1,12,1
S240900,2024,21,7.8,0,1,1,0,0,0,0,Communication & Digital Media,female,66,28.0,-3.33,0.83,1.0,67.6,0.0,6,0,12,0
S240901,2024,19,8.7,0,1,1,0,1,0,0,Communication & Digital Media,female,48,22.0,-1.33,1.0,0.0,69.83,0.0,5,0,12,0
S240902,2024,37,4.2,0,1,0,0,1,1,0,Sustainable Biotechnology,male,11,6.0,0.33,0.17,2.0,71.0,0.0,0,1,7,1
S240903,2024,19,9.1,0,0,0,0,0,0,0,Business Administration,female,14,6.0,-0.67,0.33,2.0,63.0,0.0,9,0,12,0
S240904,2024,21,8.1,0,1,0,0,0,1,1,Business Administration,female,33,20.0,2.33,1.0,0.0,65.83,0.0,3,0,12,0
S240906,2024,18,7.0,0,1,1,0,1,0,0,Learning & Innovation,female,44,21.0,-0.67,0.83,1.0,61.0,0.0,6,0,12,0
S240908,2024,21,9.5,1,1,0,0,0,0,0,Social Work,male,16,6.0,-1.33,0.67,1.0,63.0,0.0,6,0,12,0
S240909,2024,24,7.7,1,1,0,1,0,0,0,Communication & Digital Media,female,7,0.0,-2.33,0.67,1.0,50.25,3.0,3,0,12,0
S240910,2024,19,7.5,0,1,1,0,1,0,0,Social Work,female,32,13.0,-2.0,0.83,1.0,62.8,0.0,4,0,12,0
S240911,2024,20,7.5,0,1,0,0,0,0,0,Health Science,female,43,24.0,1.67,0.83,1.0,62.8,0.0,8,0,12,0
S240912,2024,18,7.7,0,1,1,0,1,0,0,Learning & Innovation,female,32,14.0,-1.33,0.5,1.0,69.0,0.0,7,0,12,0
S240913,2024,18,7.8,0,0,0,0,1,0,0,Health Science,male,32,14.0,-1.33,0.67,1.0,63.0,0.0,7,0,12,0
S240914,2024,48,11.9,0,1,1,1,0,1,0,Communication & Digital Media,male,57,27.0,-1.0,0.83,0.0,82.4,0.0,6,0,12,0
S240915,2024,18,5.6,0,1,1,0,1,0,0,Social Work,female,58,26.0,-2.0,1.0,0.0,63.5,0.0,6,0,12,0
S240916,2024,20,7.7,0,1,1,0,0,0,0,Health Science,female,61,28.0,-1.67,0.83,1.0,75.8,0.0,7,0,12,0
S240917,2024,18,7.0,0,1,1,0,0,0,0,Social Work,female,67,28.0,-3.67,0.83,1.0,59.8,0.0,6,0,12,0
S240918,2024,18,12.0,1,1,0,0,0,0,0,Health Science,female,28,7.0,-4.67,0.83,0.0,80.6,0.0,6,0,12,0
S240919,2024,18,8.4,0,0,0,0,1,0,0,Communication & Digital Media,female,20,8.0,-1.33,0.33,3.0,56.5,1.0,3,0,12,0
S240920,2024,18,4.8,0,1,1,0,1,0,0,Communication & Digital Media,female,37,22.0,2.33,0.83,0.0,55.6,0.0,4,0,12,0
S240921,2024,19,8.9,0,1,0,0,1,0,0,Health Science,female,44,19.0,-2.0,1.0,0.0,70.67,0.0,7,0,12,0
S240922,2024,19,8.4,1,1,0,0,1,0,0,Communication & Digital Media,female,42,23.0,1.33,1.0,0.0,72.67,0.0,6,0,12,0
S240923,2024,20,5.8,0,1,0,0,0,0,0,Health Science,female,31,12.0,-2.33,0.83,0.0,53.6,0.0,4,0,12,0
S240924,2024,32,8.1,1,1,0,0,0,1,0,Health Science,female,40,19.0,-0.67,0.83,0.0,72.4,0.0,7,0,12,0
S240925,2024,60,2.5,1,1,0,0,0,1,0,Communication & Digital Media,female,24,11.0,-0.67,1.0,0.0,56.17,0.0,1,1,8,1
S240926,2024,19,8.3,0,0,0,0,1,0,0,Communication & Digital Media,female,34,15.0,-1.33,0.83,1.0,74.4,0.0,6,0,12,0
S240928,2024,18,8.6,1,1,1,0,1,0,0,Health Science,female,16,4.0,-2.67,0.5,3.0,61.33,0.0,4,0,11,0
S240931,2024,19,11.9,1,1,0,0,1,0,0,Communication & Digital Media,female,13,6.0,-0.33,1.0,0.0,83.5,0.0,12,0,12,0
S240932,2024,20,8.5,1,1,0,0,0,0,0,Communication & Digital Media,male,27,15.0,1.0,1.0,0.0,69.33,0.0,12,0,12,0
S240933,2024,51,9.1,0,1,0,0,0,1,0,Health Science,male,34,14.0,-2.0,1.0,0.0,69.17,0.0,7,0,12,0
S240935,2024,21,8.9,0,1,1,0,1,0,0,Communication & Digital Media,female,29,16.0,1.0,0.83,1.0,72.6,0.0,6,0,12,0
S240936,2024,50,4.0,0,1,0,0,0,1,0,Business Administration,female,23,12.0,0.33,0.67,1.0,61.25,0.0,3,0,12,0
S240937,2024,20,7.3,0,1,0,0,1,0,0,Learning & Innovation,female,31,15.0,-0.33,0.83,1.0,61.4,0.0,5,0,12,0
S240938,2024,43,5.1,0,1,0,0,0,1,1,Social Work,female,74,39.0,1.33,0.83,1.0,68.2,0.0,8,0,12,0
S240939,2024,32,8.8,0,1,0,0,0,0,0,Software,male,25,10.0,-1.67,0.83,0.0,63.2,0.0,3,0,12,0
S240940,2024,19,7.4,0,1,0,0,1,0,0,Health Science,female,64,30.0,-1.33,1.0,0.0,73.33,0.0,7,0,12,0
S240941,2024,20,5.9,0,1,1,0,1,0,0,Communication & Digital Media,female,28,13.0,-0.67,0.67,1.0,67.25,0.0,4,0,12,0
S240942,2024,19,6.2,0,0,0,0,0,0,1,Social Work,female,54,22.0,-3.33,1.0,0.0,65.67,0.0,13,0,12,0
S240943,2024,18,7.3,1,1,1,0,1,0,0,Communication & Digital Media,female,25,12.0,-0.33,0.83,1.0,61.8,0.0,6,0,12,0
S240944,2024,21,9.2,0,1,0,0,1,0,0,Communication & Digital Media,female,70,37.0,1.33,0.83,1.0,73.0,0.0,4,0,12,0
S240945,2024,19,9.9,0,0,0,1,0,0,0,Communication & Digital Media,male,37,18.0,-0.33,1.0,0.0,63.83,0.0,10,0,12,0
S240947,2024,19,7.7,1,1,0,0,1,0,0,Communication & Digital Media,female,23,9.0,-1.67,0.83,0.0,76.2,0.0,6,0,12,0
S240948,2024,18,9.1,0,1,0,0,0,0,0,Health Science,female,25,9.0,-2.33,0.83,1.0,70.8,0.0,5,0,12,0
S240949,2024,20,5.5,0,1,0,0,0,0,0,Health Science,female,24,12.0,0.0,0.67,0.0,43.25,0.0,0,1,9,1
S240950,2024,21,5.1,0,1,0,0,0,0,0,Health Science,female,36,14.0,-2.67,0.83,1.0,61.4,0.0,3,0,12,0
S240951,2024,21,6.5,0,1,1,0,1,0,0,Business Administration,female,27,11.0,-1.67,1.0,0.0,68.83,1.0,3,0,12,0
S240952,2024,21,7.0,0,0,0,0,1,0,0,Communication & Digital Media,male,15,11.0,2.33,1.0,0.0,59.17,0.0,3,0,12,0
S240953,2024,55,6.7,0,1,0,0,0,0,0,Tourism,male,40,16.0,-2.67,0.67,1.0,75.25,0.0,6,0,12,0
S240954,2024,19,12.0,1,0,0,0,1,0,0,Health Science,female,15,7.0,-0.33,1.0,0.0,90.83,0.0,4,0,11,0
S240955,2024,18,7.3,0,1,1,0,1,0,0,Software,male,53,27.0,0.33,1.0,0.0,61.33,0.0,5,0,12,0
S240956,2024,19,8.2,0,1,1,0,1,0,0,Communication & Digital Media,male,15,6.0,-1.0,0.5,2.0,59.67,0.0,0,1,9,1
S240957,2024,18,6.4,0,1,1,0,1,0,0,Health Science,female,44,22.0,0.0,0.83,1.0,63.8,0.0,6,0,12,0
S240958,2024,23,8.8,0,1,0,0,1,0,0,Communication & Digital Media,male,20,11.0,0.67,0.5,2.0,60.33,0.0,3,0,12,0
S240959,2024,20,7.6,1,1,1,0,1,0,0,Tourism,female,30,20.0,3.33,1.0,0.0,73.5,0.0,6,0,12,0
S240960,2024,22,9.7,0,1,0,1,1,0,0,Communication & Digital Media,female,64,26.0,-4.0,1.0,0.0,75.33,0.0,5,0,12,0
S240961,2024,20,8.5,0,1,0,0,0,0,0,Communication & Digital Media,female,19,9.0,-0.33,0.83,0.0,69.6,0.0,6,0,12,0
S240963,2024,19,10.0,0,0,0,0,1,0,0,Communication & Digital Media,female,14,6.0,-0.67,0.67,0.0,67.5,0.0,3,0,11,0
S240964,2024,22,6.6,1,0,0,1,0,0,0,Sustainable Biotechnology,female,44,19.0,-2.0,1.0,0.0,64.33,0.0,5,0,12,0
S240965,2024,19,5.8,0,1,0,0,0,0,0,Communication & Digital Media,female,19,10.0,0.33,0.5,2.0,51.33,0.0,3,0,11,0
S240966,2024,31,8.2,0,1,0,0,1,1,0,Social Work,female,5,3.0,0.33,0.17,3.0,50.0,0.0,3,0,9,0
S240967,2024,19,7.7,0,0,0,0,1,0,0,Health Science,female,56,25.0,-2.0,0.67,1.0,67.5,0.0,7,0,12,0
S240968,2024,18,8.9,0,1,1,0,1,0,0,Health Science,female,60,28.0,-1.33,0.67,2.0,79.5,0.0,7,0,12,0
S240969,2024,25,9.9,0,1,0,0,0,0,1,Business Administration,male,28,10.0,-2.67,1.0,0.0,74.33,0.0,3,0,12,0
S240970,2024,19,5.5,0,0,0,0,1,0,0,Health Science,male,26,12.0,-0.67,0.5,1.0,55.0,0.0,6,0,12,0
S240971,2024,24,7.1,0,1,0,0,1,0,0,Learning & Innovation,female,32,16.0,0.0,0.67,1.0,66.5,0.0,5,0,12,0
S240972,2024,19,7.0,0,1,0,0,1,0,0,Learning & Innovation,female,45,20.0,-1.67,1.0,0.0,74.33,0.0,5,0,12,0
S240973,2024,22,5.6,0,1,0,0,1,0,0,Communication & Digital Media,female,33,18.0,1.0,0.33,1.0,45.5,0.0,3,0,12,0
S240974,2024,19,7.8,1,1,0,0,0,0,0,Business Administration,female,26,13.0,0.0,0.83,0.0,72.6,0.0,4,0,12,0
S240975,2024,19,8.7,0,1,0,0,0,0,0,Health Science,female,39,16.0,-2.33,1.0,0.0,66.0,0.0,6,0,12,0
S240976,2024,22,7.1,1,1,0,0,1,0,0,Tourism,female,39,17.0,-1.67,0.83,0.0,68.4,0.0,6,0,12,0
S240977,2024,20,5.5,0,1,0,0,1,0,0,Communication & Digital Media,female,52,28.0,1.33,1.0,0.0,58.17,0.0,6,0,12,0
S240978,2024,20,8.9,0,1,0,1,1,0,0,Social Work,female,32,14.0,-1.33,0.83,1.0,63.8,0.0,3,0,12,0
S240979,2024,33,4.9,0,1,0,0,0,1,0,Sustainable Biotechnology,male,25,8.0,-3.0,0.5,1.0,47.0,0.0,2,0,6,1
S240980,2024,21,5.2,0,0,0,0,0,0,0,Learning & Innovation,female,28,16.0,1.33,0.83,0.0,59.2,0.0,5,0,12,0
S240981,2024,22,9.5,0,1,0,0,0,0,0,Communication & Digital Media,male,21,13.0,1.67,0.67,2.0,69.5,0.0,3,0,12,0
S240982,2024,19,9.0,1,1,1,1,0,0,0,Communication & Digital Media,female,26,12.0,-0.67,0.67,1.0,72.5,0.0,6,0,12,0
S240984,2024,33,5.7,0,1,0,0,0,0,0,Health Science,female,41,20.0,-0.33,0.83,1.0,58.4,0.0,4,0,12,0
S240985,2024,38,7.6,1,1,0,0,0,0,0,Health Science,female,12,7.0,0.67,0.33,1.0,50.0,0.0,3,0,12,0
S240986,2024,18,6.1,0,1,1,0,0,0,0,Communication & Digital Media,female,44,21.0,-0.67,1.0,0.0,64.33,0.0,6,0,12,0
S240987,2024,33,4.2,0,1,1,0,1,0,0,Health Science,male,50,28.0,2.0,1.0,0.0,65.0,0.0,14,0,12,0
S240988,2024,18,12.0,1,0,0,0,0,0,0,Health Science,female,21,9.0,-1.0,1.0,0.0,95.67,1.0,6,0,12,0
S240989,2024,19,8.4,1,1,0,0,1,0,0,Health Science,female,30,16.0,0.67,0.83,1.0,80.0,0.0,6,0,12,0
S240991,2024,18,5.8,0,0,0,0,1,0,0,Business Administration,female,18,7.0,-1.33,1.0,0.0,57.0,1.0,4,0,12,0
S240992,2024,21,10.6,1,1,0,0,1,0,0,Communication & Digital Media,male,8,1.0,-2.0,0.33,1.0,73.5,0.0,0,1,8,1
S240993,2024,37,6.8,0,1,0,0,0,0,1,Social Work,female,21,8.0,-1.67,0.33,2.0,46.0,0.0,4,1,11,1
S240994,2024,18,10.7,0,1,1,0,1,0,0,Social Work,female,54,30.0,2.0,1.0,0.0,80.0,0.0,6,0,12,0
S240995,2024,19,6.1,0,1,0,1,0,0,0,Business Administration,male,44,20.0,-1.33,0.83,1.0,59.6,0.0,5,0,12,0
S240996,2024,20,9.2,0,0,1,0,1,0,0,Health Science,female,35,16.0,-1.0,0.83,1.0,81.2,0.0,11,0,12,0
S240997,2024,20,10.9,0,1,0,0,1,0,0,Communication & Digital Media,female,10,4.0,-0.67,0.5,2.0,63.67,0.0,0,1,6,1
S240998,2024,20,6.2,0,1,0,0,1,0,0,Social Work,female,22,15.0,2.67,0.67,0.0,57.5,0.0,3,0,12,0
S240999,2024,19,8.2,0,0,0,0,1,0,0,Communication & Digital Media,male,32,16.0,0.0,0.67,1.0,62.0,0.0,6,0,12,0
S250000,2025,24,9.6,0,1,0,0,1,1,1,Social Work,female,82,34.0,-4.67,0.83,0.0,77.8,0.0,5,0,12,0
S250002,2025,18,9.2,0,1,1,0,0,0,0,Health Science,female,60,27.0,-2.0,1.0,0.0,74.33,0.0,7,0,12,0
S250003,2025,18,4.9,1,1,0,1,1,0,0,Communication & Digital Media,female,20,13.0,2.0,0.83,1.0,49.4,0.0,6,0,12,0
S250004,2025,21,8.9,0,1,0,0,0,0,0,Health Science,male,24,12.0,0.0,1.0,0.0,65.33,0.0,4,0,12,0
S250005,2025,18,9.1,0,1,1,0,0,0,0,Communication & Digital Media,female,37,19.0,0.33,1.0,0.0,71.0,0.0,6,0,12,0
S250006,2025,25,6.4,0,1,1,0,0,0,0,Health Science,female,28,13.0,-0.67,0.67,1.0,59.5,0.0,7,0,12,0
S250007,2025,20,7.8,1,0,0,1,0,0,0,Communication & Digital Media,female,57,31.0,1.67,1.0,0.0,72.0,0.0,6,0,12,0
S250008,2025,20,8.9,1,0,0,0,1,0,0,Software,male,26,13.0,0.0,0.83,0.0,70.0,0.0,4,0,8,1
S250009,2025,30,4.2,0,1,0,0,0,1,1,Business Administration,female,37,14.0,-3.0,0.83,0.0,52.4,0.0,14,0,12,0
S250010,2025,22,8.9,1,0,0,1,1,0,0,Health Science,female,14,7.0,0.0,0.67,1.0,71.75,0.0,7,0,12,0
S250011,2025,18,7.7,0,1,1,0,1,0,0,Health Science,female,29,9.0,-3.67,0.83,1.0,58.6,0.0,5,0,12,0
S250012,2025,25,9.9,1,1,0,0,1,0,1,Social Work,female,24,12.0,0.0,0.67,1.0,72.75,0.0,15,0,12,0
S250014,2025,20,7.5,0,0,0,0,0,0,0,Social Work,female,30,12.0,-2.0,0.83,0.0,67.0,0.0,5,0,12,0
S250015,2025,18,5.9,0,0,0,0,1,0,0,Communication & Digital Media,male,28,12.0,-1.33,0.83,1.0,52.8,0.0,4,0,12,0
S250016,2025,18,12.0,0,1,1,0,0,0,0,Software,male,54,32.0,3.33,0.83,1.0,90.4,0.0,5,0,12,0
S250018,2025,38,6.7,0,1,0,1,0,1,1,Business Administration,female,18,10.0,0.67,0.5,1.0,64.33,0.0,3,0,12,0
S250019,2025,32,5.6,0,0,0,0,1,0,1,Social Work,female,43,23.0,1.0,0.67,1.0,62.75,0.0,3,0,12,0
S250020,2025,19,11.2,0,1,1,0,0,0,0,Health Science,female,51,31.0,3.67,1.0,0.0,92.5,0.0,7,0,12,0
S250021,2025,44,2.2,0,1,0,0,0,1,0,Sustainable Biotechnology,male,24,13.0,0.67,0.67,2.0,53.75,0.0,1,1,7,1
S250022,2025,18,8.7,0,0,0,0,1,0,0,Communication & Digital Media,male,24,11.0,-0.67,0.83,0.0,49.4,0.0,3,0,12,0
S250023,2025,32,2.5,0,1,0,0,0,0,1,Social Work,female,25,12.0,-0.33,0.83,0.0,60.2,0.0,4,0,12,0
S250024,2025,19,5.5,0,1,0,0,0,0,0,Social Work,female,37,14.0,-3.0,0.83,1.0,53.8,0.0,4,0,12,0
S250025,2025,28,3.6,1,1,0,0,0,0,0,Sustainable Biotechnology,female,11,7.0,1.0,0.83,0.0,55.2,0.0,3,0,12,0
S250026,2025,25,7.7,0,1,0,0,1,0,0,Communication & Digital Media,female,43,23.0,1.0,0.5,1.0,68.67,0.0,6,0,12,0
S250027,2025,22,7.8,0,1,1,1,0,0,0,Tourism,female,35,14.0,-2.33,0.67,1.0,64.75,0.0,0,1,7,1
S250028,2025,19,4.9,0,1,0,0,1,0,0,Communication & Digital Media,male,50,25.0,0.0,0.83,1.0,59.8,0.0,6,0,12,0
S250029,2025,22,6.9,1,1,0,0,1,0,0,Tourism,female,28,15.0,0.67,0.83,0.0,57.2,0.0,6,0,12,0
S250030,2025,32,7.9,0,1,0,0,1,0,0,Sustainable Biotechnology,male,7,4.0,0.33,0.33,3.0,55.5,1.0,3,0,12,0
S250031,2025,37,5.3,0,1,0,1,0,0,1,Business Administration,female,13,6.0,-0.33,0.67,1.0,56.0,0.0,3,0,12,0
S250032,2025,22,5.7,0,1,0,0,1,0,0,Business Administration,female,32,17.0,0.67,1.0,0.0,56.83,0.0,4,0,12,0
S250033,2025,21,10.6,1,1,1,0,1,0,0,Tourism,female,49,23.0,-1.0,1.0,0.0,86.83,0.0,6,0,12,0
S250035,2025,21,6.0,0,1,1,0,1,0,0,Communication & Digital Media,male,32,15.0,-0.67,0.5,1.0,57.0,0.0,4,0,12,0
S250036,2025,20,5.5,0,1,1,1,0,0,0,Social Work,female,25,17.0,3.0,0.83,0.0,58.6,0.0,5,0,12,0
S250038,2025,21,5.9,1,0,0,1,0,0,0,Sustainable Biotechnology,female,32,15.0,-0.67,0.83,0.0,60.2,0.0,5,0,12,0
S250039,2025,18,10.8,1,1,0,0,1,0,0,Communication & Digital Media,female,9,7.0,1.67,0.67,1.0,69.0,0.0,3,0,10,0
S250040,2025,35,4.9,0,1,0,0,0,0,0,Communication & Digital Media,male,11,3.0,-1.67,0.17,2.0,54.0,1.0,1,1,5,1
S250041,2025,31,7.3,0,1,0,0,0,1,0,Software,female,22,10.0,-0.67,0.67,0.0,56.0,0.0,3,0,12,0
S250042,2025,23,4.8,0,1,0,0,0,1,0,Business Administration,female,29,13.0,-1.0,0.83,0.0,53.6,0.0,13,0,12,0
S250043,2025,19,5.4,0,1,0,0,0,0,0,Business Administration,male,31,14.0,-1.0,0.67,1.0,59.0,0.0,3,0,12,0
S250045,2025,20,6.1,0,1,1,0,0,0,0,Communication & Digital Media,male,41,24.0,2.33,1.0,0.0,62.83,0.0,4,0,12,0
S250046,2025,20,11.8,0,0,0,0,1,0,0,Health Science,female,37,18.0,-0.33,1.0,0.0,75.33,0.0,5,0,12,0
S250047,2025,18,9.1,0,1,0,0,0,0,0,Social Work,female,49,21.0,-2.33,0.83,1.0,75.6,0.0,6,0,12,0
S250048,2025,41,5.4,0,1,1,0,0,1,1,Social Work,female,67,32.0,-1.0,1.0,0.0,61.67,0.0,5,0,12,0
S250049,2025,20,9.2,0,0,0,0,0,0,0,Health Science,male,37,17.0,-1.0,1.0,0.0,77.5,0.0,7,0,12,0
S250050,2025,30,6.9,0,1,0,0,0,0,1,Business Administration,female,50,24.0,-0.67,1.0,0.0,63.83,0.0,3,1,9,1
S250051,2025,20,9.5,1,1,0,1,0,0,0,Health Science,female,8,4.0,0.0,0.67,1.0,61.5,1.0,3,0,12,0
S250052,2025,20,5.4,0,1,0,0,1,0,0,Communication & Digital Media,female,48,20.0,-2.67,0.83,1.0,59.0,0.0,4,1,12,0
S250053,2025,19,4.0,0,1,1,0,1,0,0,Social Work,female,59,28.0,-1.0,0.83,1.0,63.2,0.0,6,0,12,0
S250054,2025,19,10.2,1,1,0,0,0,0,0,Communication & Digital Media,female,40,17.0,-2.0,1.0,0.0,87.0,0.0,5,0,12,0
S250056,2025,35,11.9,0,1,0,0,0,0,0,Health Science,male,11,5.0,-0.33,1.0,0.0,72.83,0.0,3,0,12,0
S250058,2025,19,5.9,0,1,0,0,1,0,0,Health Science,male,17,6.0,-1.67,0.67,0.0,49.5,0.0,5,0,12,0
S250060,2025,44,2.0,0,1,0,0,1,0,0,Sustainable Biotechnology,male,22,9.0,-1.33,0.33,2.0,51.0,0.0,3,0,12,0
S250061,2025,43,9.5,0,1,1,0,0,1,1,Social Work,female,21,11.0,0.33,0.67,1.0,62.75,0.0,3,0,12,0
S250062,2025,18,12.0,1,1,0,0,0,0,0,Health Science,female,19,8.0,-1.0,0.67,2.0,85.5,0.0,6,0,12,0
S250063,2025,20,5.5,0,1,0,0,0,0,0,Business Administration,male,46,25.0,1.33,1.0,0.0,59.0,0.0,5,0,12,0
S250064,2025,19,5.4,0,1,0,0,0,0,0,Social Work,female,71,35.0,-0.33,0.83,1.0,63.8,0.0,5,0,12,0
S250065,2025,26,2.1,1,0,0,1,0,0,0,Business Administration,male,29,5.0,-6.33,1.0,0.0,46.5,1.0,1,1,7,1
S250066,2025,18,5.8,0,1,0,1,1,0,0,Communication & Digital Media,female,25,16.0,2.33,0.5,1.0,52.67,0.0,6,0,12,0
S250067,2025,22,6.9,1,0,0,1,0,0,0,Sustainable Biotechnology,female,26,15.0,1.33,1.0,0.0,60.5,0.0,5,0,12,0
S250068,2025,18,6.6,0,1,1,0,1,0,0,Social Work,female,29,15.0,0.33,0.83,1.0,59.6,0.0,6,0,12,0
S250069,2025,27,10.8,1,1,0,1,1,0,0,Communication & Digital Media,male,18,5.0,-2.67,1.0,0.0,76.0,0.0,0,1,9,1
S250071,2025,46,11.9,0,1,0,1,0,1,0,Sustainable Biotechnology,female,22,11.0,0.0,0.5,2.0,82.67,0.0,0,0,12,1
S250072,2025,26,8.2,0,1,0,0,1,0,0,Health Science,male,32,12.0,-2.67,1.0,0.0,74.83,0.0,4,0,12,0
S250073,2025,19,7.4,0,1,0,0,1,0,0,Communication & Digital Media,female,56,22.0,-4.0,1.0,0.0,66.17,0.0,6,0,12,0
S250074,2025,34,9.1,0,0,0,0,0,0,0,Sustainable Biotechnology,male,42,17.0,-2.67,1.0,0.0,67.0,0.0,5,0,12,0
S250075,2025,28,5.3,0,0,0,0,0,1,0,Health Science,female,32,11.0,-3.33,0.67,1.0,69.5,0.0,7,0,12,0
S250076,2025,38,6.7,0,0,0,0,0,1,1,Business Administration,male,14,6.0,-0.67,0.83,1.0,55.6,0.0,3,0,12,0
S250077,2025,18,6.9,0,1,0,0,1,0,0,Health Science,female,31,17.0,1.0,0.67,0.0,68.75,0.0,8,0,12,0
S250078,2025,19,7.2,0,1,1,0,1,0,0,Health Science,male,32,11.0,-3.33,0.67,1.0,67.25,0.0,5,0,12,0
S250079,2025,19,6.5,0,1,1,0,1,0,0,Health Science,female,34,18.0,0.67,0.67,1.0,70.75,0.0,7,0,12,0
S250080,2025,18,8.6,0,1,1,0,1,0,0,Social Work,female,31,15.0,-0.33,1.0,0.0,68.33,0.0,6,0,12,0
S250081,2025,18,7.4,0,1,0,0,1,0,0,Health Science,female,41,14.0,-4.33,0.83,1.0,67.4,0.0,7,0,12,0
S250083,2025,20,8.8,0,1,0,0,0,0,0,Health Science,male,71,34.0,-1.0,1.0,0.0,81.33,0.0,6,0,12,0
S250084,2025,22,7.8,0,1,0,0,1,0,0,Communication & Digital Media,female,23,7.0,-3.0,0.5,1.0,65.33,0.0,6,0,11,0
S250085,2025,19,5.5,0,1,0,0,1,0,0,Communication & Digital Media,male,16,10.0,1.33,0.5,1.0,53.67,0.0,3,0,12,0
S250086,2025,19,6.9,0,1,1,0,1,0,0,Learning & Innovation,female,43,25.0,2.33,0.83,1.0,66.8,0.0,6,0,12,0
S250088,2025,18,8.6,0,1,0,0,1,0,0,Tourism,male,27,12.0,-1.0,0.67,1.0,69.25,0.0,4,0,12,0
S250089,2025,29,8.8,0,0,0,0,1,0,0,Learning & Innovation,female,97,53.0,3.0,0.83,1.0,84.0,0.0,6,0,12,0
S250090,2025,29,5.3,0,1,0,0,0,1,1,Business Administration,female,32,17.0,0.67,1.0,0.0,67.83,0.0,6,0,12,0
S250091,2025,20,5.7,0,1,0,0,1,0,0,Communication & Digital Media,female,19,11.0,1.0,0.17,2.0,69.0,0.0,3,0,12,0
S250092,2025,20,9.8,0,1,1,0,1,0,0,Communication & Digital Media,male,61,34.0,2.33,1.0,0.0,75.33,0.0,12,0,12,0
S250093,2025,26,8.4,0,1,0,0,1,0,0,Health Science,female,30,15.0,0.0,0.83,0.0,66.8,0.0,7,0,12,0
S250094,2025,19,8.2,0,0,0,0,1,0,0,Sustainable Biotechnology,female,31,12.0,-2.33,0.83,1.0,70.4,0.0,6,0,12,0
S250095,2025,23,5.6,0,1,1,0,0,0,0,Communication & Digital Media,female,41,29.0,5.67,0.67,1.0,51.25,0.0,5,0,12,0
S250096,2025,21,7.7,0,1,0,0,1,0,0,Health Science,male,24,12.0,0.0,1.0,0.0,69.83,0.0,7,1,12,0
S250097,2025,22,10.8,1,1,0,0,1,0,0,Communication & Digital Media,female,20,8.0,-1.33,0.83,1.0,75.8,0.0,6,0,12,0
S250098,2025,21,9.0,0,0,0,0,0,0,0,Sustainable Biotechnology,male,27,15.0,1.0,1.0,0.0,75.17,0.0,11,0,12,0
S250099,2025,19,7.2,0,1,1,0,1,0,0,Health Science,female,48,27.0,2.0,1.0,0.0,70.17,0.0,8,0,12,0
S250100,2025,20,6.1,1,0,0,0,1,0,0,Software,male,30,16.0,0.67,1.0,0.0,58.17,0.0,5,0,12,0
S250101,2025,18,7.8,1,1,1,0,1,0,0,Communication & Digital Media,male,23,11.0,-0.33,0.83,0.0,64.4,0.0,6,0,12,0
S250103,2025,21,4.3,0,1,0,0,1,0,0,Communication & Digital Media,female,12,8.0,1.33,0.17,3.0,51.0,0.0,0,0,8,1
S250104,2025,21,6.5,0,1,0,0,0,0,0,Health Science,female,19,14.0,3.0,0.67,1.0,54.0,0.0,3,0,12,0
S250105,2025,30,7.8,0,1,0,0,0,0,0,Software,male,9,5.0,0.33,0.5,1.0,49.33,1.0,0,1,9,1
S250106,2025,39,8.4,1,1,0,0,0,0,0,Health Science,female,8,5.0,0.67,0.5,2.0,65.33,0.0,3,0,12,0
S250107,2025,19,8.1,1,0,0,1,1,0,0,Tourism,female,17,5.0,-2.33,0.5,2.0,54.67,0.0,3,0,12,0
S250108,2025,21,5.1,0,1,0,0,0,0,0,Business Administration,male,47,22.0,-1.0,1.0,0.0,59.33,0.0,5,0,12,0
S250109,2025,18,5.0,0,1,1,0,1,0,0,Business Administration,female,33,17.0,0.33,1.0,0.0,56.33,0.0,4,0,12,0
S250110,2025,28,10.7,0,1,0,0,0,1,1,Business Administration,female,54,29.0,1.33,0.83,1.0,75.4,0.0,5,0,12,0
S250111,2025,21,7.0,1,1,1,0,1,0,0,Tourism,female,34,16.0,-0.67,0.67,2.0,67.25,0.0,6,0,12,0
S250112,2025,18,5.7,0,1,1,1,1,0,0,Business Administration,female,40,20.0,0.0,1.0,0.0,62.67,0.0,5,0,12,0
S250113,2025,18,6.2,0,1,1,0,0,0,0,Social Work,female,45,24.0,1.0,1.0,0.0,61.17,0.0,6,0,12,0
S250114,2025,18,8.4,0,1,1,0,1,0,0,Health Science,female,66,30.0,-2.0,0.83,1.0,78.2,0.0,8,0,12,0
S250115,2025,28,9.5,0,1,0,0,0,0,0,Social Work,male,9,3.0,-1.0,0.0,3.0,,0.0,0,1,10,1
S250116,2025,55,8.3,0,1,0,0,0,1,0,Communication & Digital Media,male,67,35.0,1.0,1.0,0.0,66.33,0.0,5,0,12,0
S250117,2025,19,7.0,0,1,1,0,1,0,0,Health Science,female,55,27.0,-0.33,1.0,0.0,70.17,0.0,7,0,12,0
S250118,2025,24,9.5,0,1,0,0,0,0,1,Business Administration,male,26,13.0,0.0,0.83,1.0,70.8,0.0,3,0,12,0
S250120,2025,35,8.2,0,1,0,0,0,1,1,Business Administration,female,56,27.0,-0.67,1.0,0.0,75.0,0.0,5,0,12,0
S250121,2025,18,8.9,0,1,0,0,1,0,0,Software,male,55,28.0,0.33,1.0,0.0,73.17,0.0,3,0,12,0
S250122,2025,26,7.7,1,0,0,1,0,0,0,Business Administration,male,8,5.0,0.67,0.33,2.0,57.5,1.0,0,1,8,1
S250123,2025,22,9.5,1,1,0,0,1,0,0,Tourism,female,33,15.0,-1.0,1.0,0.0,71.67,0.0,6,0,12,0
S250124,2025,18,12.0,0,1,0,0,1,0,0,Communication & Digital Media,female,40,22.0,1.33,1.0,0.0,91.83,0.0,6,0,12,0
S250125,2025,20,7.7,0,1,0,1,1,0,0,Communication & Digital Media,female,41,21.0,0.33,1.0,0.0,69.5,0.0,4,0,12,0
S250126,2025,21,7.4,0,1,0,0,1,0,0,Sustainable Biotechnology,female,30,14.0,-0.67,0.5,1.0,59.33,0.0,9,0,12,0
S250129,2025,23,5.3,0,1,1,0,1,0,0,Health Science,female,51,20.0,-3.67,1.0,0.0,57.33,0.0,6,0,12,0
S250130,2025,20,5.7,0,1,0,0,0,0,0,Health Science,male,36,18.0,0.0,1.0,0.0,58.83,0.0,5,0,12,0
S250131,2025,28,6.4,0,1,0,0,0,1,0,Learning & Innovation,female,28,11.0,-2.0,1.0,0.0,57.67,0.0,6,0,12,0
S250132,2025,18,6.2,0,1,0,0,1,0,0,Communication & Digital Media,female,37,17.0,-1.0,0.67,2.0,54.75,0.0,3,0,12,0
S250133,2025,18,6.9,0,1,1,1,1,0,0,Business Administration,female,29,14.0,-0.33,1.0,0.0,63.5,0.0,2,0,10,1
S250134,2025,20,9.1,0,0,0,1,0,0,1,Social Work,female,22,9.0,-1.33,0.67,1.0,71.5,0.0,6,0,12,0
S250135,2025,20,9.1,1,1,0,0,0,0,0,Social Work,male,24,8.0,-2.67,0.67,0.0,64.0,0.0,6,0,12,0
S250136,2025,18,8.6,0,1,1,0,1,0,0,Health Science,female,56,27.0,-0.67,1.0,0.0,70.67,0.0,6,0,12,0
S250137,2025,20,6.1,1,0,0,0,1,0,0,Health Science,female,43,17.0,-3.0,1.0,0.0,74.5,0.0,5,0,12,0
S250139,2025,20,5.6,0,0,0,0,0,0,0,Health Science,female,12,4.0,-1.33,0.17,2.0,32.0,1.0,3,0,12,0
S250140,2025,21,5.6,0,1,0,0,1,0,0,Tourism,male,29,11.0,-2.33,0.67,2.0,59.25,0.0,4,0,12,0
S250141,2025,18,12.0,1,1,0,0,0,0,0,Health Science,female,45,28.0,3.67,1.0,0.0,94.17,0.0,6,0,12,0
S250142,2025,19,8.4,1,1,0,0,0,0,0,Business Administration,female,13,6.0,-0.33,1.0,0.0,62.33,0.0,4,0,12,0
S250143,2025,21,9.0,1,1,1,1,0,0,0,Communication & Digital Media,female,38,14.0,-3.33,1.0,0.0,81.33,0.0,6,0,12,0
S250145,2025,29,10.1,0,1,0,0,0,1,0,Health Science,female,28,17.0,2.0,1.0,0.0,71.83,0.0,7,0,12,0
S250147,2025,33,4.9,0,1,0,0,1,0,0,Software,female,30,10.0,-3.33,0.67,0.0,51.25,0.0,0,0,12,1
S250148,2025,18,10.0,0,1,0,0,1,0,0,Social Work,female,38,16.0,-2.0,1.0,0.0,78.33,0.0,6,0,12,0
S250149,2025,18,9.7,1,1,1,0,0,0,0,Communication & Digital Media,female,15,8.0,0.33,1.0,0.0,69.0,0.0,6,0,12,0
S250150,2025,28,4.4,0,1,0,0,1,1,0,Health Science,female,29,19.0,3.0,0.5,1.0,57.33,0.0,8,0,12,0
S250151,2025,19,10.1,0,0,0,0,1,0,0,Health Science,female,25,12.0,-0.33,1.0,0.0,73.83,0.0,6,0,12,0
S250152,2025,22,10.6,1,1,0,0,1,0,0,Communication & Digital Media,female,28,14.0,0.0,0.83,1.0,74.4,0.0,6,0,12,0
S250153,2025,19,6.4,0,1,1,0,1,0,0,Communication & Digital Media,female,26,9.0,-2.67,0.83,1.0,58.2,0.0,6,0,12,0
S250154,2025,36,2.5,1,1,0,0,0,1,1,Business Administration,female,11,5.0,-0.33,0.83,1.0,48.4,1.0,7,0,12,0
S250155,2025,20,8.9,0,1,0,0,1,0,0,Health Science,female,30,15.0,0.0,0.67,2.0,76.25,0.0,6,0,12,0
S250156,2025,21,6.0,1,0,0,1,0,0,0,Sustainable Biotechnology,female,19,5.0,-3.0,0.83,1.0,64.6,0.0,5,0,12,0
S250157,2025,22,5.8,0,1,0,0,0,0,0,Business Administration,male,14,7.0,0.0,0.67,1.0,50.25,0.0,3,0,12,0
S250158,2025,18,6.8,0,1,1,0,0,0,0,Social Work,female,32,14.0,-1.33,1.0,0.0,65.0,0.0,4,0,12,0
S250159,2025,18,4.0,1,0,0,0,0,0,0,Health Science,female,31,20.0,3.0,1.0,0.0,51.5,0.0,6,0,12,0
S250160,2025,18,3.7,0,0,0,0,0,0,0,Health Science,male,51,19.0,-4.33,1.0,0.0,65.17,0.0,7,0,12,0
S250161,2025,18,7.4,0,1,0,0,1,0,0,Health Science,female,43,22.0,0.33,1.0,0.0,68.0,0.0,7,0,12,0
S250162,2025,21,4.2,1,1,0,0,1,0,0,Communication & Digital Media,female,20,12.0,1.33,1.0,0.0,57.17,0.0,6,0,12,0
S250164,2025,30,7.8,0,1,0,0,1,1,1,Business Administration,male,25,15.0,1.67,0.83,0.0,65.6,0.0,9,0,12,0
S250165,2025,18,7.4,0,1,1,0,1,0,0,Health Science,female,26,16.0,2.0,0.83,1.0,61.8,0.0,7,0,12,0
S250166,2025,34,4.2,0,1,1,0,1,0,0,Health Science,male,27,16.0,1.67,0.67,1.0,59.5,0.0,14,0,12,0
S250167,2025,19,10.5,0,1,1,0,1,0,0,Social Work,female,42,20.0,-0.67,1.0,0.0,73.83,0.0,6,0,12,0
S250168,2025,19,9.8,0,1,0,0,0,0,0,Communication & Digital Media,male,30,16.0,0.67,0.67,1.0,76.0,0.0,3,0,12,0
S250169,2025,20,8.5,0,1,1,0,1,0,0,Health Science,female,45,23.0,0.33,1.0,0.0,68.33,0.0,7,0,12,0
S250170,2025,20,6.4,1,1,1,1,1,0,0,Social Work,female,30,13.0,-1.33,1.0,0.0,65.67,0.0,6,0,12,0
S250171,2025,18,7.2,0,1,0,0,1,0,0,Health Science,female,23,12.0,0.33,0.67,1.0,56.75,0.0,4,0,12,0
S250172,2025,39,4.3,0,0,0,1,0,0,0,Learning & Innovation,female,55,29.0,1.0,1.0,0.0,60.0,0.0,7,0,12,0
S250173,2025,44,5.5,0,1,0,0,0,1,1,Social Work,female,44,23.0,0.67,0.67,2.0,69.75,0.0,8,0,12,0
S250174,2025,19,6.2,1,1,1,1,1,0,0,Social Work,female,40,17.0,-2.0,1.0,0.0,64.83,0.0,6,0,12,0
S250175,2025,21,9.7,0,0,0,0,0,0,0,Sustainable Biotechnology,male,29,14.0,-0.33,0.83,0.0,76.8,0.0,5,0,12,0
S250177,2025,19,4.8,0,1,1,1,1,0,0,Social Work,female,35,14.0,-2.33,0.67,0.0,58.75,0.0,5,0,12,0
S250178,2025,24,11.2,0,1,0,0,1,0,0,Health Science,male,31,17.0,1.0,1.0,0.0,79.0,0.0,5,0,12,0
S250179,2025,18,5.3,0,1,0,0,0,0,0,Health Science,female,22,11.0,0.0,0.67,1.0,52.5,0.0,3,0,12,0
S250180,2025,18,8.2,0,1,1,0,1,0,0,Health Science,female,53,31.0,3.0,1.0,0.0,73.17,0.0,7,0,12,0
S250181,2025,18,9.6,0,1,0,0,1,0,0,Health Science,female,58,26.0,-2.0,1.0,0.0,70.33,0.0,6,0,12,0
S250183,2025,19,5.1,0,1,0,0,1,0,0,Social Work,male,34,15.0,-1.33,1.0,0.0,55.5,0.0,4,0,12,0
S250184,2025,18,9.7,0,1,1,0,0,0,0,Business Administration,female,33,19.0,1.67,0.83,1.0,70.4,0.0,5,0,12,0
S250185,2025,18,6.7,0,1,0,0,1,0,0,Communication & Digital Media,female,10,3.0,-1.33,0.5,1.0,50.33,0.0,3,0,12,0
S250186,2025,20,5.8,1,1,0,0,1,0,0,Health Science,female,15,10.0,1.67,0.67,0.0,52.25,0.0,4,0,12,0
S250187,2025,19,6.4,0,1,0,0,0,0,0,Health Science,female,16,5.0,-2.0,0.5,1.0,57.67,0.0,3,0,12,0
S250188,2025,19,7.8,0,1,0,0,1,0,0,Communication & Digital Media,female,11,4.0,-1.0,0.67,1.0,55.75,0.0,3,0,12,0
S250189,2025,28,5.7,0,1,0,0,0,1,0,Business Administration,male,23,12.0,0.33,0.67,2.0,52.5,0.0,1,0,10,1
S250190,2025,20,8.2,1,0,0,1,0,0,0,Communication & Digital Media,female,22,11.0,0.0,0.83,1.0,65.2,0.0,6,0,12,0
S250192,2025,33,11.7,0,1,0,1,0,1,0,Communication & Digital Media,female,50,27.0,1.33,0.83,0.0,73.4,0.0,4,0,12,0
S250194,2025,19,4.2,1,0,0,1,0,0,0,Business Administration,female,11,5.0,-0.33,0.5,2.0,49.67,0.0,3,0,12,0
S250195,2025,18,6.5,0,1,0,0,1,0,0,Learning & Innovation,female,43,22.0,0.33,0.83,1.0,61.8,0.0,5,0,12,0
S250196,2025,20,7.7,0,1,0,0,1,0,0,Health Science,female,33,16.0,-0.33,0.83,0.0,73.4,0.0,5,0,12,0
S250197,2025,20,10.0,1,1,0,0,1,0,0,Communication & Digital Media,male,11,6.0,0.33,0.5,1.0,71.0,0.0,0,1,7,1
S250198,2025,19,7.2,0,1,1,0,1,0,0,Business Administration,female,16,9.0,0.67,0.5,1.0,66.67,0.0,3,0,11,0
S250199,2025,18,12.0,1,0,1,0,1,0,0,Communication & Digital Media,female,16,6.0,-1.33,0.83,0.0,78.6,0.0,3,0,12,0
S250200,2025,19,5.7,1,0,0,0,0,0,0,Health Science,female,10,4.0,-0.67,0.83,0.0,57.8,0.0,3,0,12,0
S250201,2025,19,5.1,1,0,0,0,0,0,0,Health Science,female,18,10.0,0.67,0.67,2.0,57.0,0.0,3,0,12,0
S250202,2025,19,6.0,0,1,0,0,1,0,0,Communication & Digital Media,male,18,8.0,-0.67,1.0,0.0,49.67,0.0,3,0,12,0
S250204,2025,18,6.7,0,1,0,0,1,0,0,Communication & Digital Media,female,24,7.0,-3.33,0.83,0.0,62.6,1.0,3,0,12,0
S250205,2025,19,4.1,0,1,0,0,1,0,0,Communication & Digital Media,female,44,20.0,-1.33,1.0,0.0,49.0,0.0,6,0,12,0
S250206,2025,19,7.2,0,1,1,0,1,0,0,Health Science,male,22,13.0,1.33,0.67,1.0,62.25,0.0,5,1,8,1
S250208,2025,37,3.6,0,1,0,1,0,1,1,Social Work,female,43,27.0,3.67,1.0,0.0,56.5,0.0,7,0,12,0
S250209,2025,20,8.6,0,1,0,0,0,0,0,Health Science,female,23,9.0,-1.67,0.67,1.0,60.25,1.0,3,0,12,0
S250210,2025,41,7.9,0,1,0,0,0,1,0,Business Administration,female,47,25.0,1.0,0.83,1.0,58.2,0.0,11,0,12,0
S250211,2025,26,9.1,0,1,1,0,1,0,0,Communication & Digital Media,female,35,15.0,-1.67,0.67,0.0,76.5,0.0,6,0,12,0
S250212,2025,18,12.0,1,0,0,0,1,0,0,Health Science,female,14,4.0,-2.0,0.83,0.0,86.4,0.0,4,0,10,0
S250213,2025,18,8.3,0,1,1,0,1,0,0,Health Science,female,38,16.0,-2.0,0.67,0.0,59.0,0.0,5,0,12,0
S250215,2025,20,6.8,0,0,0,0,1,0,0,Software,male,38,20.0,0.67,0.83,1.0,67.6,0.0,1,1,10,1
S250216,2025,19,8.5,0,1,0,0,1,0,0,Communication & Digital Media,female,40,22.0,1.33,0.83,1.0,64.8,0.0,2,0,11,1
S250217,2025,18,11.9,1,0,1,0,1,0,0,Communication & Digital Media,female,22,13.0,1.33,1.0,0.0,81.0,0.0,3,0,12,0
S250218,2025,18,5.2,0,1,0,0,1,0,0,Health Science,female,29,16.0,1.0,0.83,1.0,63.0,0.0,5,0,12,0
S250219,2025,18,8.8,0,1,0,0,0,0,0,Social Work,female,46,16.0,-4.67,0.83,1.0,78.6,0.0,6,0,12,0
S250220,2025,22,11.1,0,0,0,0,1,0,0,Health Science,female,39,14.0,-3.67,1.0,0.0,81.5,0.0,10,0,12,0
S250221,2025,18,11.6,0,0,0,0,0,0,0,Health Science,female,32,12.0,-2.67,0.83,1.0,79.6,0.0,4,0,12,0
S250222,2025,31,7.0,0,1,0,0,0,1,0,Health Science,female,19,4.0,-3.67,0.33,1.0,54.0,0.0,3,0,12,0
S250223,2025,20,2.3,0,1,0,1,1,0,0,Health Science,male,63,33.0,1.0,0.83,0.0,51.8,0.0,7,0,12,0
S250224,2025,20,7.6,0,0,0,0,0,0,0,Health Science,female,33,16.0,-0.33,1.0,0.0,71.17,0.0,7,0,12,0
S250225,2025,35,8.9,0,1,0,0,0,0,1,Social Work,female,61,29.0,-1.0,1.0,0.0,73.0,0.0,6,0,12,0
S250226,2025,18,7.8,0,0,0,0,1,0,0,Health Science,female,26,4.0,-6.0,1.0,0.0,64.83,0.0,5,0,12,0
S250227,2025,19,8.4,0,1,0,0,1,0,0,Social Work,female,58,35.0,4.0,1.0,0.0,64.83,0.0,6,0,12,0
S250229,2025,19,3.9,0,1,0,0,0,0,0,Software,male,56,29.0,0.67,0.83,0.0,57.8,0.0,5,0,12,0
S250230,2025,18,4.9,0,1,1,0,1,0,0,Social Work,female,56,27.0,-0.67,1.0,0.0,60.17,0.0,6,0,12,0
S250231,2025,28,5.5,1,1,0,0,1,0,0,Health Science,male,15,3.0,-3.0,0.83,1.0,56.2,0.0,18,0,12,0
S250232,2025,20,9.1,0,1,0,0,1,0,0,Health Science,female,40,18.0,-1.33,0.83,0.0,71.0,0.0,7,0,12,0
S250233,2025,18,7.1,0,1,0,0,1,0,0,Health Science,female,34,17.0,0.0,0.67,1.0,76.5,0.0,6,0,12,0
S250234,2025,24,8.3,1,1,0,0,0,0,0,Sustainable Biotechnology,male,17,5.0,-2.33,0.33,2.0,59.5,0.0,6,1,11,1
S250235,2025,20,6.8,0,1,0,0,1,0,0,Health Science,female,30,8.0,-4.67,0.67,1.0,55.25,0.0,4,0,12,0
S250236,2025,21,12.0,1,0,0,0,1,0,0,Communication & Digital Media,male,28,10.0,-2.67,1.0,0.0,80.0,0.0,5,0,12,0
S250237,2025,19,4.9,0,1,0,1,1,0,0,Communication & Digital Media,female,41,18.0,-1.67,0.83,1.0,52.4,0.0,5,0,12,0
S250238,2025,19,6.4,0,1,0,0,0,0,0,Health Science,female,58,29.0,0.0,0.67,1.0,77.25,0.0,6,0,12,0
S250239,2025,23,7.7,1,1,0,0,1,0,0,Health Science,female,32,12.0,-2.67,0.5,2.0,63.0,0.0,5,0,12,0
S250240,2025,18,9.1,1,0,1,0,1,0,0,Health Science,female,59,27.0,-1.67,1.0,0.0,85.33,0.0,5,0,12,0
S250241,2025,31,10.7,0,1,1,0,0,0,1,Social Work,female,26,9.0,-2.67,0.5,1.0,69.67,0.0,6,0,12,0
S250242,2025,20,8.9,1,1,0,1,0,0,0,Health Science,female,7,4.0,0.33,0.67,1.0,67.25,0.0,3,0,12,0
S250243,2025,24,6.6,0,1,0,0,1,0,0,Communication & Digital Media,male,19,10.0,0.33,0.5,2.0,52.0,0.0,1,1,6,1
S250244,2025,22,5.4,0,1,0,0,1,0,0,Business Administration,female,30,14.0,-0.67,0.67,1.0,59.0,0.0,3,0,12,0
S250245,2025,20,7.1,0,1,0,0,0,0,0,Communication & Digital Media,female,53,25.0,-1.0,0.83,1.0,63.6,0.0,6,0,12,0
S250246,2025,18,6.7,0,1,0,0,1,0,0,Communication & Digital Media,male,47,29.0,3.67,1.0,0.0,70.33,0.0,4,0,12,0
S250247,2025,20,6.8,1,1,1,0,1,0,0,Tourism,female,29,17.0,1.67,1.0,0.0,64.33,0.0,6,0,12,0
S250248,2025,19,6.0,0,1,1,0,1,0,0,Health Science,female,40,22.0,1.33,1.0,0.0,62.67,0.0,7,0,12,0
S250249,2025,34,4.2,0,1,0,1,0,1,0,Learning & Innovation,female,61,29.0,-1.0,0.83,1.0,65.4,0.0,5,0,12,0
S250250,2025,28,10.6,0,1,0,0,0,1,1,Business Administration,female,16,6.0,-1.33,1.0,0.0,74.67,0.0,1,1,10,1
S250251,2025,19,6.2,0,1,0,0,1,0,0,Health Science,female,40,21.0,0.67,0.83,0.0,61.4,0.0,5,0,12,0
S250252,2025,19,6.8,1,0,0,0,1,0,0,Health Science,female,33,17.0,0.33,1.0,0.0,67.83,0.0,5,0,12,0
S250253,2025,19,7.7,0,1,1,0,0,0,0,Health Science,female,49,22.0,-1.67,0.83,1.0,69.8,0.0,7,0,12,0
S250254,2025,43,9.2,0,1,0,0,0,1,1,Business Administration,male,45,20.0,-1.67,1.0,0.0,66.5,0.0,5,0,12,0
S250255,2025,22,4.2,0,1,0,0,1,0,0,Communication & Digital Media,female,49,24.0,-0.33,1.0,0.0,53.0,0.0,6,0,12,0
S250256,2025,38,9.8,0,0,0,1,0,0,0,Health Science,male,32,18.0,1.33,1.0,0.0,68.17,0.0,3,0,12,0
S250257,2025,22,10.5,0,1,1,0,1,0,0,Health Science,male,45,21.0,-1.0,0.83,0.0,72.4,0.0,6,0,12,0
S250258,2025,18,8.9,0,1,0,0,0,1,0,Health Science,female,37,14.0,-3.0,1.0,0.0,69.33,0.0,7,0,12,0
S250260,2025,21,7.7,0,0,0,0,1,0,0,Health Science,female,26,12.0,-0.67,0.5,1.0,62.0,0.0,6,0,12,0
S250261,2025,21,8.6,0,1,0,0,1,0,0,Business Administration,male,19,13.0,2.33,0.5,1.0,66.33,0.0,3,0,12,0
S250262,2025,28,10.6,1,0,0,0,1,1,0,Health Science,female,37,21.0,1.67,1.0,0.0,78.67,0.0,7,0,12,0
S250264,2025,22,5.6,0,0,0,0,0,0,0,Sustainable Biotechnology,male,15,8.0,0.33,0.33,2.0,49.0,0.0,0,1,9,1
S250265,2025,23,7.0,0,1,0,0,0,0,0,Health Science,female,34,14.0,-2.0,1.0,0.0,56.17,0.0,7,0,12,0
S250266,2025,20,7.7,0,1,1,0,1,0,0,Health Science,female,46,15.0,-5.33,1.0,0.0,66.67,0.0,6,0,12,0
S250267,2025,43,9.5,0,1,0,0,0,0,0,Sustainable Biotechnology,male,37,13.0,-3.67,0.83,0.0,67.6,0.0,6,0,12,0
S250268,2025,18,7.6,0,1,1,0,1,0,0,Health Science,female,39,16.0,-2.33,0.83,1.0,71.8,0.0,7,0,12,0
S250269,2025,20,5.4,0,1,1,0,1,0,0,Health Science,female,31,13.0,-1.67,0.67,1.0,47.5,0.0,7,0,12,0
S250270,2025,20,5.0,0,1,0,0,1,0,0,Social Work,female,32,19.0,2.0,0.67,1.0,56.5,0.0,9,0,12,0
S250271,2025,40,9.9,0,1,0,0,0,0,1,Social Work,female,39,21.0,1.0,1.0,0.0,68.33,0.0,11,0,12,0
S250272,2025,36,4.3,0,1,0,0,0,0,0,Social Work,female,48,25.0,0.67,0.67,1.0,57.75,0.0,13,0,12,0
S250273,2025,22,3.6,0,1,0,0,0,0,0,Health Science,female,12,4.0,-1.33,0.67,1.0,42.0,0.0,4,0,12,0
S250274,2025,20,7.2,1,1,1,0,1,0,0,Communication & Digital Media,female,32,16.0,0.0,1.0,0.0,62.5,0.0,6,0,12,0
S250275,2025,32,4.8,0,1,0,0,0,1,0,Communication & Digital Media,female,24,15.0,2.0,0.67,1.0,50.5,0.0,8,0,12,0
S250276,2025,18,4.9,0,1,0,0,1,0,0,Health Science,male,35,18.0,0.33,1.0,0.0,56.0,0.0,7,0,12,0
S250277,2025,24,8.7,0,1,1,0,0,0,0,Software,male,61,31.0,0.33,0.83,0.0,69.0,0.0,5,0,12,0
S250278,2025,19,5.8,0,1,0,0,0,0,0,Business Administration,male,37,22.0,2.33,0.83,0.0,63.8,0.0,3,0,12,0
S250279,2025,18,7.2,0,1,0,0,1,0,0,Social Work,female,39,10.0,-6.33,0.67,1.0,68.25,0.0,6,0,12,0
S250280,2025,19,12.0,0,1,0,0,0,0,0,Health Science,female,35,16.0,-1.0,0.83,0.0,92.4,0.0,11,0,12,0
S250281,2025,19,3.9,1,0,0,0,0,0,0,Sustainable Biotechnology,female,15,8.0,0.33,1.0,0.0,51.5,0.0,5,0,12,0
S250282,2025,42,6.6,0,1,0,0,1,1,1,Social Work,male,32,17.0,0.67,0.83,0.0,55.4,0.0,9,0,12,0
S250284,2025,54,4.0,0,1,0,0,0,1,1,Social Work,female,33,12.0,-3.0,1.0,0.0,53.67,0.0,4,0,12,0
S250285,2025,19,12.0,1,0,0,0,0,0,0,Health Science,female,34,14.0,-2.0,1.0,0.0,98.5,0.0,6,0,12,0
S250286,2025,21,8.9,0,1,0,0,0,0,0,Business Administration,male,12,8.0,1.33,0.5,1.0,64.0,0.0,3,0,12,0
S250287,2025,19,6.5,0,1,0,0,1,0,0,Health Science,female,36,17.0,-0.67,1.0,0.0,69.0,0.0,7,0,12,0
S250288,2025,18,7.2,1,1,0,0,1,0,0,Communication & Digital Media,female,32,15.0,-0.67,0.83,0.0,69.2,0.0,6,0,12,0
S250289,2025,18,6.7,0,1,1,0,1,0,0,Tourism,female,36,18.0,0.0,1.0,0.0,62.0,0.0,6,0,12,0
S250290,2025,34,2.4,0,1,0,0,0,1,0,Communication & Digital Media,male,23,11.0,-0.33,0.33,2.0,42.5,0.0,3,0,12,0
S250291,2025,21,12.0,1,0,0,0,1,0,0,Communication & Digital Media,male,15,9.0,1.0,0.83,1.0,80.6,0.0,5,0,12,0
S250292,2025,22,7.2,0,1,0,0,0,0,0,Communication & Digital Media,male,21,9.0,-1.0,0.83,1.0,65.2,0.0,4,0,12,0
S250293,2025,21,9.2,1,1,0,0,0,0,0,Business Administration,male,22,13.0,1.33,0.83,1.0,64.0,0.0,5,0,12,0
S250294,2025,19,8.4,0,1,1,0,1,0,0,Communication & Digital Media,female,53,27.0,0.33,0.83,0.0,66.8,0.0,5,0,12,0
S250295,2025,23,8.3,1,1,0,0,1,0,0,Communication & Digital Media,male,13,9.0,1.67,0.67,0.0,60.75,0.0,4,1,11,1
S250296,2025,18,12.0,1,0,0,0,0,0,0,Health Science,female,21,12.0,1.0,1.0,0.0,92.0,0.0,6,0,12,0
S250297,2025,42,4.0,0,1,0,0,1,1,1,Social Work,female,73,38.0,1.0,1.0,0.0,52.5,0.0,5,0,12,0
S250298,2025,19,9.9,0,1,0,0,0,0,0,Tourism,male,54,29.0,1.33,1.0,0.0,70.83,0.0,6,0,12,0
S250299,2025,19,7.4,1,1,0,0,1,0,0,Sustainable Biotechnology,female,41,24.0,2.33,0.67,0.0,69.5,0.0,5,0,12,0
S250300,2025,18,6.1,0,0,0,0,1,0,0,Software,male,48,28.0,2.67,0.83,1.0,67.4,0.0,5,0,12,0
S250301,2025,19,10.1,0,1,1,0,1,0,0,Communication & Digital Media,male,28,15.0,0.67,0.67,0.0,77.0,0.0,3,0,12,0
S250303,2025,34,2.5,1,1,0,1,0,0,0,Sustainable Biotechnology,male,25,10.0,-1.67,0.83,1.0,47.8,0.0,2,1,12,1
S250304,2025,18,10.1,1,1,0,0,1,0,0,Communication & Digital Media,female,7,2.0,-1.0,0.33,2.0,70.0,1.0,0,0,5,1
S250305,2025,25,9.0,0,1,0,0,0,0,0,Sustainable Biotechnology,female,13,6.0,-0.33,0.67,1.0,71.5,0.0,3,0,12,0
S250306,2025,20,3.9,0,1,1,0,1,0,0,Health Science,female,28,18.0,2.67,1.0,0.0,49.5,0.0,6,0,12,0
S250307,2025,20,9.5,1,1,1,1,0,0,0,Communication & Digital Media,female,43,28.0,4.33,1.0,0.0,84.67,0.0,6,0,12,0
S250310,2025,19,6.8,0,1,0,0,1,0,0,Health Science,female,49,21.0,-2.33,1.0,0.0,61.5,0.0,5,0,8,1
S250311,2025,18,12.0,1,0,0,0,1,0,0,Health Science,female,24,12.0,0.0,1.0,0.0,91.0,0.0,4,0,12,0
S250312,2025,34,4.3,0,1,0,0,1,0,0,Communication & Digital Media,male,36,11.0,-4.67,0.67,0.0,58.0,0.0,7,0,12,0
S250313,2025,50,10.7,0,1,0,0,0,1,0,Health Science,female,32,16.0,0.0,0.67,1.0,62.25,0.0,6,0,12,0
S250315,2025,18,7.0,0,1,1,0,1,0,0,Health Science,female,32,17.0,0.67,0.67,1.0,70.25,0.0,7,0,12,0
S250316,2025,18,7.3,0,1,0,0,1,0,0,Tourism,male,24,10.0,-1.33,0.5,2.0,37.67,0.0,0,1,10,1
S250317,2025,20,7.4,0,1,0,0,0,0,0,Tourism,male,28,12.0,-1.33,0.5,2.0,61.67,0.0,4,0,12,0
S250318,2025,21,5.7,0,1,0,0,0,0,0,Health Science,female,32,14.0,-1.33,0.67,2.0,62.75,0.0,3,0,12,0
S250319,2025,27,10.1,0,1,0,0,0,0,1,Social Work,female,33,16.0,-0.33,0.83,0.0,64.2,0.0,6,0,12,0
S250320,2025,18,8.2,0,1,0,0,0,0,0,Business Administration,female,36,15.0,-2.0,0.67,1.0,60.5,0.0,5,0,12,0
S250322,2025,24,7.9,1,1,0,1,0,0,0,Communication & Digital Media,female,11,4.0,-1.0,0.83,1.0,64.2,0.0,3,0,11,0
S250323,2025,18,9.9,0,1,0,1,1,0,0,Learning & Innovation,female,33,16.0,-0.33,1.0,0.0,79.83,0.0,5,0,11,0
S250324,2025,19,4.0,0,1,0,0,0,0,0,Communication & Digital Media,female,49,21.0,-2.33,0.83,0.0,56.4,0.0,5,0,12,0
S250325,2025,40,11.0,0,1,0,1,1,0,1,Business Administration,male,55,22.0,-3.67,1.0,0.0,77.83,0.0,5,0,12,0
S250326,2025,19,9.7,0,0,0,0,1,0,0,Communication & Digital Media,female,18,9.0,0.0,0.83,0.0,66.2,0.0,5,0,12,0
S250327,2025,28,3.9,0,1,0,0,0,1,1,Business Administration,female,61,30.0,-0.33,1.0,0.0,50.83,0.0,14,0,12,0
S250328,2025,22,6.8,1,1,0,0,1,0,0,Tourism,female,43,19.0,-1.67,0.83,0.0,65.4,0.0,6,0,12,0
S250329,2025,19,6.2,1,1,0,0,1,0,0,Software,male,39,21.0,1.0,0.83,1.0,53.0,0.0,3,1,12,1
S250330,2025,18,5.6,0,1,0,0,1,0,0,Communication & Digital Media,male,17,9.0,0.33,0.67,1.0,57.5,0.0,3,0,12,0
S250331,2025,19,7.0,0,1,1,0,1,0,0,Health Science,female,34,15.0,-1.33,0.67,1.0,58.25,0.0,7,0,12,0
S250332,2025,24,8.2,0,1,0,1,1,0,0,Health Science,female,38,19.0,0.0,0.83,0.0,63.8,0.0,8,0,12,0
S250333,2025,22,7.1,0,1,1,0,0,0,0,Health Science,male,27,16.0,1.67,0.83,0.0,59.6,0.0,5,0,12,0
S250334,2025,18,6.0,0,1,1,0,1,0,0,Communication & Digital Media,female,55,32.0,3.0,1.0,0.0,71.0,0.0,6,0,12,0
S250335,2025,18,8.9,0,0,0,0,1,0,0,Communication & Digital Media,female,49,17.0,-5.0,0.83,0.0,83.0,0.0,6,0,12,0
S250336,2025,18,7.4,0,1,1,0,0,1,0,Health Science,female,46,25.0,1.33,0.83,0.0,64.4,0.0,6,0,12,0
S250337,2025,20,5.7,0,1,0,0,1,0,0,Business Administration,female,35,13.0,-3.0,0.83,1.0,57.0,0.0,5,0,12,0
S250338,2025,19,7.6,0,1,0,0,1,0,0,Health Science,female,21,10.0,-0.33,0.83,0.0,61.2,0.0,7,0,12,0
S250339,2025,51,5.1,0,1,0,1,0,1,1,Business Administration,male,50,22.0,-2.0,0.83,1.0,62.4,0.0,4,1,10,1
S250340,2025,36,9.1,0,1,0,0,0,1,0,Sustainable Biotechnology,male,12,6.0,0.0,0.83,0.0,65.4,0.0,3,0,12,0
S250341,2025,18,5.6,0,0,0,0,1,0,0,Health Science,male,47,24.0,0.33,0.83,1.0,53.8,0.0,6,0,12,0
S250342,2025,18,6.7,0,1,0,0,1,0,0,Tourism,female,54,21.0,-4.0,0.83,0.0,58.8,0.0,6,0,12,0
S250343,2025,18,7.6,0,1,0,0,1,0,0,Health Science,female,30,15.0,0.0,0.83,0.0,67.2,0.0,7,0,12,0
S250344,2025,21,9.5,0,1,0,0,1,0,0,Sustainable Biotechnology,male,34,21.0,2.67,0.83,0.0,70.4,0.0,2,1,10,1
S250345,2025,18,8.7,0,1,1,0,1,0,0,Communication & Digital Media,female,61,30.0,-0.33,0.83,1.0,72.8,0.0,6,0,12,0
S250346,2025,35,4.9,0,1,1,0,0,1,1,Business Administration,female,20,12.0,1.33,0.83,1.0,57.2,0.0,3,0,12,0
S250347,2025,20,7.1,0,1,1,1,1,0,0,Health Science,female,42,21.0,0.0,0.67,0.0,69.0,0.0,7,0,12,0
S250348,2025,18,6.7,0,1,0,0,1,0,0,Social Work,female,32,17.0,0.67,0.83,0.0,65.4,0.0,5,0,12,0
S250349,2025,21,6.8,0,1,0,1,0,0,0,Sustainable Biotechnology,female,39,16.0,-2.33,0.83,1.0,66.4,0.0,11,0,12,0
S250350,2025,46,5.7,0,1,0,0,0,1,1,Social Work,female,40,21.0,0.67,0.83,0.0,62.0,0.0,3,0,12,0
S250351,2025,19,8.4,1,1,0,0,1,0,0,Health Science,female,20,7.0,-2.0,1.0,0.0,71.17,0.0,6,0,12,0
S250352,2025,19,5.8,0,1,0,0,1,0,0,Communication & Digital Media,male,22,9.0,-1.33,0.67,2.0,56.75,0.0,3,0,11,0
S250353,2025,18,12.0,1,0,0,0,1,0,0,Health Science,female,31,14.0,-1.0,1.0,0.0,90.67,0.0,4,0,12,0
S250354,2025,20,6.0,0,1,0,0,1,0,0,Communication & Digital Media,female,16,7.0,-0.67,0.5,1.0,42.33,0.0,3,0,12,0
S250355,2025,19,7.4,0,1,1,0,0,0,0,Social Work,female,36,18.0,0.0,0.83,1.0,58.2,0.0,6,0,12,0
S250356,2025,21,8.1,0,1,1,0,1,0,0,Health Science,female,67,27.0,-4.33,1.0,0.0,67.17,0.0,7,0,12,0
S250357,2025,58,12.0,0,1,0,0,0,1,1,Business Administration,male,13,4.0,-1.67,0.17,2.0,43.0,0.0,0,1,7,1
S250358,2025,21,5.7,0,1,0,0,1,0,0,Communication & Digital Media,female,16,6.0,-1.33,0.5,0.0,42.67,0.0,3,0,12,0
S250359,2025,32,2.3,0,1,0,0,0,1,1,Social Work,female,9,3.0,-1.0,0.17,2.0,52.0,0.0,0,1,9,1
S250360,2025,18,6.6,0,1,0,0,1,0,0,Social Work,female,34,18.0,0.67,0.83,1.0,63.6,0.0,6,0,12,0
S250361,2025,18,5.9,0,1,0,0,1,0,0,Communication & Digital Media,female,50,23.0,-1.33,0.83,0.0,65.0,0.0,6,0,12,0
S250362,2025,21,2.3,1,0,0,1,0,0,0,Software,male,8,3.0,-0.67,0.5,1.0,44.33,0.0,3,0,12,0
S250364,2025,19,4.9,0,1,0,0,1,0,0,Communication & Digital Media,female,31,16.0,0.33,0.83,0.0,58.0,0.0,0,1,11,1
S250365,2025,41,5.0,0,1,0,0,0,1,1,Business Administration,male,31,14.0,-1.0,0.83,0.0,65.4,0.0,3,0,12,0
S250366,2025,21,7.1,1,1,1,0,1,0,0,Health Science,female,42,22.0,0.67,1.0,0.0,69.5,0.0,8,0,12,0
S250367,2025,19,8.4,0,1,1,0,0,0,0,Social Work,female,42,22.0,0.67,1.0,0.0,69.17,0.0,6,0,12,0
S250368,2025,18,5.1,0,1,0,1,1,0,0,Learning & Innovation,female,38,14.0,-3.33,0.83,0.0,55.0,0.0,5,0,12,0
S250371,2025,23,6.2,1,0,0,0,1,0,0,Business Administration,female,19,14.0,3.0,0.67,1.0,64.0,0.0,3,0,12,0
S250372,2025,46,10.8,0,1,0,0,0,1,1,Business Administration,male,46,25.0,1.33,0.67,2.0,71.75,0.0,4,0,12,0
S250373,2025,18,12.0,0,0,0,0,1,0,0,Communication & Digital Media,female,17,9.0,0.33,0.67,2.0,88.25,0.0,3,0,11,0
S250374,2025,20,8.3,0,1,0,0,0,0,0,Health Science,female,37,18.0,-0.33,0.67,1.0,68.75,0.0,4,0,12,0
S250375,2025,18,10.6,0,1,0,0,0,0,0,Health Science,female,49,20.0,-3.0,1.0,0.0,77.67,0.0,6,0,12,0
S250376,2025,33,8.2,1,1,0,0,0,1,0,Health Science,female,38,15.0,-2.67,1.0,0.0,64.83,0.0,7,0,12,0
S250377,2025,24,7.2,0,1,0,0,0,0,0,Sustainable Biotechnology,male,30,16.0,0.67,0.67,1.0,60.75,0.0,3,0,12,0
S250378,2025,18,6.9,0,1,1,0,1,0,0,Communication & Digital Media,female,34,19.0,1.33,0.83,1.0,61.8,0.0,3,0,12,0
S250379,2025,18,5.2,0,1,0,1,1,0,0,Business Administration,male,27,17.0,2.33,0.0,3.0,,0.0,3,0,12,0
S250381,2025,20,5.5,1,1,0,0,1,0,0,Health Science,female,11,5.0,-0.33,0.33,2.0,51.5,0.0,4,0,12,0
S250383,2025,19,9.6,0,1,0,0,0,0,0,Health Science,male,29,14.0,-0.33,1.0,0.0,75.67,0.0,7,0,12,0
S250385,2025,21,6.1,0,1,0,0,1,0,0,Communication & Digital Media,female,51,23.0,-1.67,1.0,0.0,61.0,0.0,10,0,12,0
S250386,2025,31,11.2,1,1,1,0,0,0,1,Business Administration,female,34,21.0,2.67,1.0,0.0,84.17,0.0,4,0,12,0
S250387,2025,19,7.2,0,1,1,0,0,0,0,Social Work,female,55,25.0,-1.67,1.0,0.0,66.83,0.0,6,0,12,0
S250388,2025,19,6.1,0,1,0,1,1,0,0,Sustainable Biotechnology,female,43,20.0,-1.0,0.83,0.0,59.0,0.0,5,0,12,0
S250389,2025,18,10.6,0,1,1,0,1,0,0,Social Work,female,26,12.0,-0.67,1.0,0.0,75.33,0.0,6,0,12,0
S250390,2025,43,9.7,0,1,1,0,0,1,1,Social Work,female,20,10.0,0.0,0.67,0.0,68.75,0.0,3,0,12,0
S250392,2025,20,8.4,1,1,0,0,1,0,0,Health Science,female,19,12.0,1.67,0.83,1.0,60.8,0.0,6,0,12,0
S250393,2025,41,6.9,0,1,0,0,0,1,0,Tourism,female,40,21.0,0.67,0.67,1.0,67.5,0.0,6,0,12,0
S250395,2025,18,6.0,0,1,0,1,0,0,0,Social Work,female,46,22.0,-0.67,1.0,0.0,62.83,0.0,5,0,12,0
S250396,2025,18,7.8,0,1,1,0,1,0,0,Business Administration,female,21,9.0,-1.0,0.83,0.0,64.8,0.0,5,0,12,0
S250397,2025,18,7.5,0,1,1,0,1,0,0,Social Work,female,58,30.0,0.67,1.0,0.0,70.17,0.0,6,0,12,0
S250398,2025,19,9.7,0,1,0,0,0,0,0,Sustainable Biotechnology,female,27,14.0,0.33,0.83,1.0,68.2,0.0,6,0,12,0
S250399,2025,18,9.9,0,0,1,0,1,0,0,Communication & Digital Media,female,50,19.0,-4.0,1.0,0.0,73.83,0.0,6,0,12,0
S250400,2025,21,3.7,1,1,0,0,0,0,0,Communication & Digital Media,female,22,5.0,-4.0,0.83,0.0,54.0,0.0,7,0,12,0
S250401,2025,21,8.8,1,1,0,1,0,0,0,Business Administration,male,22,10.0,-0.67,1.0,0.0,61.17,0.0,3,1,8,1
S250402,2025,20,5.3,0,1,1,0,1,0,0,Business Administration,female,45,25.0,1.67,1.0,0.0,63.17,0.0,5,0,12,0
S250404,2025,20,6.2,0,1,1,0,0,0,0,Communication & Digital Media,female,27,9.0,-3.0,0.67,1.0,68.25,0.0,6,0,12,0
S250405,2025,20,6.0,0,1,0,1,1,0,0,Business Administration,female,13,7.0,0.33,0.67,1.0,55.75,0.0,3,0,12,0
S250406,2025,20,7.8,0,1,0,0,1,0,0,Business Administration,female,26,13.0,0.0,0.67,0.0,58.0,0.0,5,0,12,0
S250407,2025,19,6.0,0,1,0,0,0,0,0,Communication & Digital Media,male,19,9.0,-0.33,0.67,0.0,61.25,0.0,3,0,12,0
S250408,2025,20,9.0,0,0,0,0,0,0,0,Health Science,male,36,15.0,-2.0,1.0,0.0,76.83,0.0,7,0,12,0
S250410,2025,19,5.9,1,1,0,0,1,0,0,Software,male,30,16.0,0.67,1.0,0.0,63.0,0.0,4,0,12,0
S250411,2025,18,9.5,0,1,0,0,0,0,0,Health Science,female,27,14.0,0.33,0.83,1.0,69.8,0.0,7,0,12,0
S250412,2025,19,8.2,0,1,0,0,1,0,0,Communication & Digital Media,male,41,22.0,1.0,0.67,1.0,59.75,0.0,5,0,12,0
S250413,2025,22,9.9,0,1,1,0,1,0,0,Health Science,female,30,13.0,-1.33,1.0,0.0,67.33,0.0,8,0,12,0
S250414,2025,21,9.6,1,1,0,0,0,0,0,Social Work,male,22,9.0,-1.33,1.0,0.0,69.67,0.0,6,0,12,0
S250415,2025,18,5.2,0,1,0,0,1,0,0,Communication & Digital Media,female,36,18.0,0.0,0.83,0.0,57.0,0.0,4,0,12,0
S250416,2025,19,8.7,0,0,1,0,0,0,0,Communication & Digital Media,male,43,23.0,1.0,1.0,0.0,77.17,0.0,6,0,12,0
S250417,2025,18,5.3,1,0,0,0,1,0,0,Tourism,female,33,18.0,1.0,0.83,1.0,65.0,0.0,6,0,12,0
S250418,2025,18,7.2,0,1,0,0,0,0,0,Software,male,38,22.0,2.0,1.0,0.0,71.33,0.0,3,0,12,0
S250419,2025,20,7.2,1,1,1,0,1,0,0,Health Science,female,51,27.0,1.0,0.83,0.0,66.0,0.0,8,0,12,0
S250420,2025,18,7.6,0,1,1,0,1,0,0,Communication & Digital Media,female,48,21.0,-2.0,0.83,0.0,61.6,0.0,6,0,12,0
S250421,2025,18,7.8,0,1,1,0,0,0,0,Health Science,female,48,29.0,3.33,1.0,0.0,61.0,0.0,7,0,12,0
S250422,2025,20,8.3,0,1,0,0,1,0,0,Health Science,female,31,17.0,1.0,0.67,0.0,69.75,0.0,4,0,12,0
S250424,2025,59,3.7,0,1,0,0,0,0,0,Sustainable Biotechnology,female,36,17.0,-0.67,0.83,1.0,59.2,0.0,6,0,12,0
S250425,2025,19,11.9,1,1,0,0,1,0,0,Communication & Digital Media,female,33,13.0,-2.33,1.0,0.0,81.83,0.0,12,0,12,0
S250426,2025,23,6.6,1,1,0,1,1,0,0,Social Work,female,21,8.0,-1.67,0.83,1.0,55.8,0.0,9,0,12,0
S250427,2025,19,7.5,0,0,0,0,0,0,0,Communication & Digital Media,male,51,27.0,1.0,1.0,0.0,61.5,0.0,12,0,12,0
S250428,2025,20,6.6,0,1,0,0,1,0,0,Communication & Digital Media,female,52,28.0,1.33,0.83,1.0,65.8,0.0,6,0,12,0
S250429,2025,19,10.8,1,1,1,0,1,0,0,Tourism,female,18,7.0,-1.33,0.83,1.0,88.4,0.0,6,0,12,0
S250430,2025,20,7.5,0,1,1,0,1,0,0,Communication & Digital Media,female,54,21.0,-4.0,0.83,0.0,64.0,0.0,5,0,12,0
S250431,2025,21,9.8,0,1,0,0,0,0,0,Social Work,female,54,28.0,0.67,1.0,0.0,79.67,0.0,6,0,12,0
S250432,2025,26,4.5,0,0,0,0,1,0,0,Software,male,16,6.0,-1.33,0.83,0.0,53.6,0.0,3,1,12,1
S250433,2025,20,5.8,1,0,0,0,1,0,0,Tourism,female,48,26.0,1.33,1.0,0.0,65.67,0.0,6,0,12,0
S250434,2025,19,6.2,0,1,0,0,1,0,0,Tourism,female,54,23.0,-2.67,1.0,0.0,62.83,0.0,6,0,12,0
S250435,2025,19,9.9,0,0,0,0,1,0,0,Social Work,female,24,11.0,-0.67,1.0,0.0,72.33,0.0,6,1,10,1
S250436,2025,20,12.0,0,1,0,0,0,0,0,Health Science,female,29,12.0,-1.67,0.83,1.0,86.6,0.0,11,0,12,0
S250437,2025,19,12.0,1,0,0,0,0,0,0,Health Science,female,22,14.0,2.0,1.0,0.0,98.5,0.0,6,0,12,0
S250438,2025,18,5.6,0,0,0,0,1,0,0,Social Work,female,31,14.0,-1.0,0.67,2.0,60.0,0.0,6,0,12,0
S250439,2025,22,11.3,0,1,1,0,0,0,0,Sustainable Biotechnology,male,41,28.0,5.0,1.0,0.0,81.5,0.0,6,0,12,0
S250440,2025,18,8.9,0,0,0,1,1,0,0,Sustainable Biotechnology,male,78,40.0,0.67,1.0,0.0,81.83,0.0,5,0,12,0
S250442,2025,18,4.5,0,1,1,0,1,0,0,Tourism,female,22,9.0,-1.33,0.67,1.0,53.0,0.0,5,1,12,0
S250443,2025,19,9.7,0,1,1,0,1,0,0,Communication & Digital Media,female,31,22.0,4.33,0.67,1.0,67.0,0.0,6,0,12,0
S250444,2025,18,11.7,0,0,0,0,1,0,0,Health Science,female,63,34.0,1.67,1.0,0.0,84.67,0.0,5,0,12,0
S250445,2025,33,3.9,1,1,0,0,0,1,0,Learning & Innovation,female,39,18.0,-1.0,1.0,0.0,60.5,0.0,6,0,12,0
S250446,2025,20,8.7,1,1,0,0,1,0,0,Health Science,female,21,13.0,1.67,0.67,2.0,75.5,0.0,6,0,12,0
S250447,2025,21,9.1,0,1,0,0,1,0,0,Health Science,female,22,10.0,-0.67,0.67,1.0,67.5,0.0,5,0,12,0
S250449,2025,59,3.8,1,1,0,0,0,1,0,Communication & Digital Media,female,18,10.0,0.67,0.67,2.0,56.25,0.0,6,0,12,0
S250450,2025,29,8.5,0,0,0,0,0,0,0,Learning & Innovation,female,46,13.0,-6.67,0.67,1.0,60.5,0.0,14,0,12,0
S250451,2025,32,7.7,1,1,0,0,0,1,0,Health Science,female,26,11.0,-1.33,0.67,0.0,59.75,0.0,7,0,12,0
S250452,2025,18,5.1,0,0,1,0,1,0,1,Social Work,female,43,17.0,-3.0,0.83,1.0,56.8,0.0,6,0,12,0
S250453,2025,24,8.7,0,1,1,0,0,0,1,Business Administration,female,43,16.0,-3.67,1.0,0.0,74.5,0.0,5,0,12,0
S250454,2025,19,7.4,0,1,1,0,1,0,0,Social Work,female,53,29.0,1.67,1.0,0.0,69.17,0.0,6,0,12,0
S250455,2025,19,4.8,1,1,0,0,0,0,0,Health Science,female,18,12.0,2.0,0.67,1.0,54.75,0.0,4,0,12,0
S250456,2025,19,7.1,0,1,0,0,1,0,0,Tourism,female,32,14.0,-1.33,0.67,1.0,60.25,0.0,6,0,12,0
S250457,2025,22,7.9,1,1,1,0,0,0,0,Communication & Digital Media,female,20,7.0,-2.0,1.0,0.0,72.5,0.0,5,0,11,0
S250458,2025,19,11.0,0,1,1,1,0,0,0,Communication & Digital Media,female,32,17.0,0.67,0.83,1.0,79.4,0.0,6,0,12,0
S250459,2025,32,10.0,0,0,0,0,0,1,0,Sustainable Biotechnology,male,62,24.0,-4.67,1.0,0.0,64.17,0.0,6,0,12,0
S250460,2025,47,9.9,0,1,1,0,1,1,1,Social Work,female,49,23.0,-1.0,1.0,0.0,73.5,0.0,5,0,12,0
S250461,2025,26,9.0,0,1,0,0,0,0,0,Health Science,female,29,15.0,0.33,1.0,0.0,64.67,0.0,7,0,12,0
S250462,2025,20,6.6,0,1,1,0,0,0,0,Social Work,female,66,34.0,0.67,1.0,0.0,66.5,0.0,11,0,12,0
S250464,2025,37,2.0,0,1,1,1,1,1,0,Health Science,female,22,10.0,-0.67,1.0,0.0,51.67,0.0,3,0,12,0
S250465,2025,54,7.8,0,1,0,0,0,1,0,Communication & Digital Media,female,50,26.0,0.67,0.83,1.0,73.6,0.0,17,0,12,0
S250466,2025,18,5.2,0,0,0,0,0,0,0,Learning & Innovation,female,33,21.0,3.0,0.67,1.0,51.5,0.0,7,0,12,0
S250467,2025,30,4.9,0,1,0,0,0,1,0,Health Science,male,30,13.0,-1.33,0.5,2.0,68.0,0.0,12,0,12,0
S250468,2025,25,7.3,0,0,0,0,1,0,0,Health Science,male,43,19.0,-1.67,0.67,1.0,67.0,0.0,6,0,12,0
S250469,2025,25,4.4,0,1,0,0,1,0,0,Business Administration,male,29,15.0,0.33,0.83,1.0,61.2,0.0,13,0,12,0
S250470,2025,19,12.0,1,1,0,0,1,0,0,Communication & Digital Media,female,25,14.0,1.0,0.83,0.0,74.6,0.0,12,0,11,0
S250471,2025,20,4.8,0,1,1,0,0,0,0,Social Work,female,37,18.0,-0.33,1.0,0.0,50.83,0.0,3,0,12,0
S250472,2025,20,10.8,0,1,1,0,0,0,0,Social Work,male,52,23.0,-2.0,1.0,0.0,79.83,0.0,6,0,12,0
S250473,2025,20,8.4,0,1,0,0,1,0,0,Health Science,female,31,12.0,-2.33,0.83,0.0,63.0,0.0,3,0,12,0
S250474,2025,18,7.8,0,1,1,0,1,0,0,Health Science,female,37,19.0,0.33,0.83,1.0,63.6,0.0,7,0,12,0
S250475,2025,19,5.8,0,1,1,0,1,0,0,Health Science,female,41,17.0,-2.33,1.0,0.0,62.83,0.0,6,0,12,0
S250476,2025,22,3.6,0,0,0,0,1,0,0,Health Science,female,38,19.0,0.0,0.83,0.0,53.2,0.0,5,0,12,0
S250477,2025,18,7.6,0,1,1,0,0,0,0,Business Administration,female,29,21.0,4.33,0.83,0.0,60.4,0.0,5,0,12,0
S250478,2025,22,9.6,0,1,0,0,1,0,0,Health Science,female,55,25.0,-1.67,0.83,0.0,71.6,0.0,6,0,12,0
S250479,2025,18,10.6,0,1,1,0,0,0,0,Communication & Digital Media,female,65,31.0,-1.0,1.0,0.0,83.33,0.0,5,0,12,0
S250480,2025,23,9.9,0,1,0,0,1,0,0,Learning & Innovation,female,33,19.0,1.67,0.5,0.0,83.67,0.0,3,0,12,0
S250481,2025,19,11.9,0,0,0,0,0,0,0,Sustainable Biotechnology,female,37,19.0,0.33,1.0,0.0,84.67,0.0,4,0,12,0
S250483,2025,22,5.2,0,1,1,0,0,0,0,Communication & Digital Media,male,34,19.0,1.33,1.0,0.0,55.83,0.0,5,0,12,0
S250484,2025,19,8.1,0,1,0,0,1,0,0,Health Science,female,32,15.0,-0.67,0.5,2.0,70.0,0.0,7,0,12,0
S250485,2025,21,9.9,1,1,0,1,1,0,0,Social Work,male,11,4.0,-1.0,0.5,3.0,72.0,0.0,5,1,12,0
S250486,2025,24,8.5,1,1,0,0,0,0,0,Business Administration,female,18,12.0,2.0,0.83,1.0,63.0,0.0,3,0,12,0
S250487,2025,22,2.0,0,1,0,1,1,0,0,Learning & Innovation,female,48,29.0,3.33,0.83,1.0,56.8,0.0,1,1,10,1
S250488,2025,37,7.6,0,1,0,0,0,1,0,Health Science,male,55,30.0,1.67,1.0,0.0,68.33,0.0,5,0,12,0
S250489,2025,35,6.4,0,1,0,0,0,1,1,Social Work,female,24,12.0,0.0,1.0,0.0,55.5,0.0,3,0,12,0
S250490,2025,21,2.1,1,1,0,0,0,0,0,Communication & Digital Media,female,30,13.0,-1.33,0.83,0.0,59.6,0.0,7,0,12,0
S250491,2025,20,6.9,0,0,1,0,0,1,0,Health Science,female,28,14.0,0.0,0.67,1.0,67.0,0.0,7,0,12,0
S250492,2025,20,4.3,0,1,0,0,0,0,0,Communication & Digital Media,male,24,16.0,2.67,0.5,1.0,46.67,0.0,5,0,12,0
S250493,2025,18,7.6,0,0,1,0,1,0,0,Sustainable Biotechnology,female,34,12.0,-3.33,1.0,0.0,68.67,0.0,6,0,12,0
S250494,2025,25,6.6,0,1,1,0,0,0,0,Health Science,female,26,16.0,2.0,1.0,0.0,59.83,0.0,6,0,12,0
S250495,2025,20,5.2,0,1,1,0,1,0,0,Health Science,female,68,33.0,-0.67,0.83,1.0,65.6,0.0,5,0,12,0
S250496,2025,19,6.4,0,1,1,0,1,0,0,Social Work,female,44,22.0,0.0,0.83,1.0,68.2,0.0,5,0,12,0
S250497,2025,19,10.7,0,1,1,0,0,0,0,Communication & Digital Media,female,72,39.0,2.0,0.83,1.0,83.2,0.0,5,0,12,0
S250498,2025,20,6.6,1,1,0,0,1,0,0,Software,male,17,9.0,0.33,1.0,0.0,56.33,0.0,4,0,12,0
S250499,2025,18,10.8,1,1,0,0,1,0,0,Communication & Digital Media,female,12,8.0,1.33,0.83,1.0,61.4,0.0,3,0,12,0
S250500,2025,19,12.0,1,0,1,0,1,0,0,Communication & Digital Media,female,9,4.0,-0.33,0.83,0.0,69.6,0.0,3,0,12,0
S250501,2025,18,4.0,0,1,0,0,1,0,0,Tourism,female,35,22.0,3.0,0.67,1.0,56.25,0.0,4,0,12,0
S250502,2025,19,9.2,0,1,1,0,1,0,0,Communication & Digital Media,female,16,7.0,-0.67,0.83,0.0,68.6,0.0,3,0,12,0
S250503,2025,19,8.6,1,1,0,1,0,0,0,Health Science,female,20,9.0,-0.67,0.83,0.0,60.8,0.0,3,0,11,0
S250504,2025,35,8.6,0,1,1,0,0,0,1,Social Work,female,33,12.0,-3.0,1.0,0.0,70.83,0.0,8,0,12,0
S250505,2025,18,7.4,0,1,1,0,1,0,0,Health Science,female,36,18.0,0.0,1.0,0.0,71.33,0.0,7,0,12,0
S250506,2025,20,8.6,0,1,0,0,1,0,0,Health Science,female,52,22.0,-2.67,1.0,0.0,68.17,0.0,4,0,12,0
S250508,2025,19,7.6,0,1,1,0,1,0,0,Health Science,female,39,20.0,0.33,1.0,0.0,64.5,0.0,6,0,12,0
S250509,2025,20,6.0,1,1,1,1,1,0,0,Social Work,female,21,13.0,1.67,0.83,1.0,60.0,0.0,6,0,12,0
S250513,2025,19,7.2,0,1,0,0,1,0,0,Health Science,female,33,17.0,0.33,0.5,0.0,64.67,0.0,7,0,12,0
S250514,2025,21,7.9,0,0,0,0,1,0,0,Communication & Digital Media,female,29,14.0,-0.33,0.83,0.0,57.6,0.0,3,0,12,0
S250515,2025,26,9.9,0,0,0,0,0,0,1,Social Work,female,21,9.0,-1.0,0.67,2.0,67.75,0.0,3,0,12,0
S250516,2025,18,4.2,1,1,0,0,1,0,0,Tourism,female,22,10.0,-0.67,1.0,0.0,51.83,0.0,5,0,12,0
S250517,2025,28,6.1,0,1,0,0,0,0,0,Learning & Innovation,female,63,31.0,-0.33,1.0,0.0,57.17,0.0,11,0,12,0
S250519,2025,21,10.7,1,1,0,0,1,0,0,Communication & Digital Media,female,47,21.0,-1.67,1.0,0.0,85.0,0.0,6,0,12,0
S250520,2025,19,7.4,0,1,0,0,0,0,0,Social Work,male,33,15.0,-1.0,0.67,1.0,74.25,0.0,5,0,12,0
S250521,2025,19,6.7,0,1,0,0,1,0,0,Tourism,female,45,18.0,-3.0,1.0,0.0,60.5,0.0,6,0,12,0
S250522,2025,20,4.5,0,0,0,0,0,0,0,Learning & Innovation,female,73,33.0,-2.33,1.0,0.0,59.0,0.0,5,0,12,0
S250523,2025,19,5.2,0,1,0,0,1,0,0,Business Administration,female,25,9.0,-2.33,0.67,1.0,51.0,0.0,3,0,12,0
S250524,2025,22,7.7,0,1,1,0,1,0,0,Health Science,female,50,20.0,-3.33,0.83,0.0,83.2,0.0,20,0,12,0
S250525,2025,52,8.5,0,1,0,0,0,1,1,Social Work,female,10,2.0,-2.0,0.17,2.0,76.0,0.0,3,0,12,0
S250526,2025,19,6.8,0,1,0,0,1,0,0,Tourism,female,28,15.0,0.67,1.0,0.0,58.67,0.0,6,0,12,0
S250527,2025,19,7.0,0,1,0,0,0,0,0,Business Administration,female,35,16.0,-1.0,0.67,1.0,68.75,0.0,5,0,12,0
S250528,2025,53,12.0,0,0,0,1,0,1,0,Communication & Digital Media,male,16,5.0,-2.0,0.83,1.0,76.8,0.0,2,1,7,1
S250529,2025,34,11.2,0,1,0,1,0,1,0,Communication & Digital Media,female,32,13.0,-2.0,1.0,0.0,75.17,0.0,4,0,12,0
S250531,2025,26,9.5,0,1,0,0,0,0,1,Business Administration,female,38,16.0,-2.0,1.0,0.0,65.83,0.0,3,0,12,0
S250532,2025,19,5.0,0,1,0,0,1,0,0,Communication & Digital Media,female,25,15.0,1.67,1.0,0.0,52.33,0.0,6,0,12,0
S250533,2025,19,4.0,0,1,1,0,1,0,0,Communication & Digital Media,female,29,14.0,-0.33,0.33,2.0,61.5,0.0,4,0,12,0
S250535,2025,19,6.0,0,1,0,0,1,0,0,Business Administration,male,18,9.0,0.0,0.33,1.0,52.5,0.0,3,0,12,0
S250537,2025,20,6.6,0,1,0,0,1,0,0,Learning & Innovation,female,21,8.0,-1.67,0.67,1.0,60.75,0.0,6,0,12,0
S250538,2025,20,3.6,1,1,0,0,0,0,0,Communication & Digital Media,female,36,19.0,0.67,1.0,0.0,59.67,0.0,7,0,12,0
S250539,2025,40,7.6,0,1,0,0,0,1,1,Social Work,male,19,7.0,-1.67,0.83,1.0,69.0,0.0,3,0,12,0
S250540,2025,39,9.9,0,1,0,0,0,0,1,Social Work,female,50,28.0,2.0,0.83,1.0,74.0,0.0,11,0,12,0
S250541,2025,18,7.6,0,1,1,0,1,0,0,Health Science,female,30,15.0,0.0,1.0,0.0,65.33,0.0,6,0,12,0
S250542,2025,27,3.8,0,1,0,0,1,0,0,Communication & Digital Media,female,62,29.0,-1.33,0.67,0.0,56.75,0.0,3,0,12,0
S250543,2025,18,7.1,0,1,1,0,0,0,0,Business Administration,female,70,34.0,-0.67,1.0,0.0,72.5,0.0,5,0,12,0
S250544,2025,22,9.6,1,1,0,0,1,0,0,Tourism,female,30,14.0,-0.67,1.0,0.0,78.17,0.0,6,0,12,0
S250545,2025,21,9.0,0,1,1,0,0,0,0,Health Science,male,32,14.0,-1.33,1.0,0.0,72.83,0.0,5,0,12,0
S250546,2025,21,7.0,0,1,0,0,0,0,0,Social Work,male,16,8.0,0.0,0.67,1.0,61.75,0.0,3,0,12,0
S250547,2025,25,3.6,0,1,1,0,0,0,0,Health Science,male,24,10.0,-1.33,0.83,0.0,58.8,0.0,3,0,12,0
S250548,2025,20,7.7,1,1,0,0,1,0,0,Communication & Digital Media,female,36,16.0,-1.33,0.5,2.0,75.67,0.0,6,1,7,1
S250549,2025,20,7.4,0,1,1,0,0,0,0,Social Work,female,24,10.0,-1.33,1.0,0.0,67.0,0.0,6,0,12,0
S250550,2025,18,9.8,0,1,0,0,1,0,0,Health Science,female,42,19.0,-1.33,1.0,0.0,73.33,0.0,5,0,12,0
S250551,2025,23,10.1,0,1,0,0,0,0,0,Communication & Digital Media,female,25,9.0,-2.33,0.5,1.0,67.33,0.0,1,1,10,1
S250552,2025,20,9.8,1,0,0,1,0,0,0,Business Administration,male,18,11.0,1.33,1.0,0.0,64.17,0.0,3,0,12,0
S250554,2025,18,7.8,0,1,0,0,1,0,0,Communication & Digital Media,female,24,16.0,2.67,0.67,1.0,58.75,0.0,4,0,12,0
S250555,2025,19,8.2,0,1,1,0,1,0,0,Health Science,female,40,23.0,2.0,1.0,0.0,68.17,0.0,7,0,12,0
S250556,2025,38,7.4,1,1,0,0,0,0,0,Health Science,female,12,8.0,1.33,0.83,0.0,55.8,0.0,3,0,12,0
S250557,2025,20,7.7,1,1,1,0,0,0,0,Communication & Digital Media,female,17,9.0,0.33,0.83,1.0,66.0,0.0,5,0,12,0
S250558,2025,22,7.2,0,1,0,0,0,0,1,Business Administration,female,43,23.0,1.0,1.0,0.0,58.83,0.0,7,0,12,0
S250559,2025,19,9.8,0,1,1,0,1,0,0,Communication & Digital Media,male,57,23.0,-3.67,0.67,2.0,69.25,0.0,6,0,12,0
S250560,2025,18,8.3,0,0,1,0,1,0,0,Communication & Digital Media,female,36,20.0,1.33,0.83,1.0,67.2,0.0,6,0,12,0
S250561,2025,31,7.8,0,1,0,0,0,1,1,Social Work,female,41,18.0,-1.67,0.83,0.0,69.2,0.0,9,0,12,0
S250562,2025,21,6.5,1,1,0,0,1,0,0,Communication & Digital Media,female,31,15.0,-0.33,0.83,1.0,58.2,0.0,6,0,12,0
S250563,2025,19,8.6,0,1,0,0,1,0,0,Business Administration,female,39,16.0,-2.33,0.83,1.0,64.0,0.0,4,0,12,0
S250564,2025,19,7.1,1,0,0,0,1,0,0,Health Science,female,11,7.0,1.0,0.83,0.0,63.6,0.0,5,0,12,0
S250565,2025,20,7.9,0,1,1,0,1,0,0,Health Science,female,60,29.0,-0.67,1.0,0.0,76.17,0.0,7,0,12,0
S250566,2025,21,10.1,1,1,0,1,1,0,0,Social Work,male,16,10.0,1.33,0.67,1.0,72.0,0.0,5,0,12,0
S250567,2025,22,7.8,0,1,0,0,0,0,0,Business Administration,female,42,15.0,-4.0,1.0,0.0,61.33,0.0,9,0,12,0
S250568,2025,24,9.1,0,1,0,0,0,0,0,Sustainable Biotechnology,male,33,20.0,2.33,0.5,2.0,61.0,0.0,6,0,12,0
S250569,2025,24,8.2,1,1,0,0,0,0,0,Sustainable Biotechnology,male,32,12.0,-2.67,1.0,0.0,63.0,0.0,7,0,12,0
S250570,2025,19,10.6,0,1,0,0,0,0,0,Business Administration,male,42,22.0,0.67,0.83,0.0,77.2,0.0,5,0,12,0
S250571,2025,18,6.0,0,1,0,0,1,0,0,Tourism,male,26,17.0,2.67,0.5,3.0,51.67,0.0,3,0,12,0
S250572,2025,18,8.7,0,1,1,0,0,0,0,Health Science,female,69,36.0,1.0,1.0,0.0,71.33,0.0,7,0,12,0
S250573,2025,19,6.9,0,1,1,0,1,0,0,Health Science,female,38,17.0,-1.33,0.67,1.0,66.25,0.0,6,0,12,0
S250574,2025,20,7.8,0,1,1,0,1,0,0,Health Science,female,43,18.0,-2.33,0.67,1.0,76.25,0.0,6,0,12,0
S250575,2025,23,7.7,1,1,0,0,1,0,0,Communication & Digital Media,male,35,25.0,5.0,1.0,0.0,69.67,0.0,6,0,12,0
S250576,2025,19,4.2,0,1,0,0,1,0,0,Communication & Digital Media,male,31,13.0,-1.67,0.67,0.0,45.0,0.0,3,0,12,0
S250577,2025,18,7.1,0,1,0,1,0,0,0,Social Work,female,43,24.0,1.67,1.0,0.0,66.33,0.0,6,0,12,0
S250578,2025,24,3.8,0,1,1,1,1,0,0,Health Science,female,38,22.0,2.0,0.83,0.0,60.8,0.0,5,0,12,0
S250579,2025,26,3.9,0,1,0,0,0,0,0,Health Science,female,15,7.0,-0.33,0.67,1.0,47.0,0.0,3,0,12,0
S250581,2025,18,6.5,0,0,0,0,0,0,0,Communication & Digital Media,female,38,13.0,-4.0,1.0,0.0,61.83,0.0,6,0,12,0
S250582,2025,21,8.2,1,1,0,0,1,0,0,Health Science,female,29,11.0,-2.33,0.83,0.0,69.2,0.0,7,0,12,0
S250583,2025,21,5.5,1,0,0,0,0,0,0,Health Science,female,16,8.0,0.0,0.5,2.0,50.67,0.0,3,0,12,0
S250584,2025,22,8.5,1,1,0,0,1,0,0,Health Science,female,23,10.0,-1.0,0.83,0.0,61.8,0.0,5,0,12,0
S250585,2025,19,6.2,0,1,0,0,0,0,0,Communication & Digital Media,male,38,22.0,2.0,0.83,1.0,62.8,0.0,5,0,12,0
S250586,2025,28,5.7,0,1,0,0,1,0,1,Business Administration,male,20,11.0,0.67,0.67,1.0,47.75,0.0,1,1,8,1
S250587,2025,24,7.5,0,1,0,1,0,0,0,Health Science,female,28,14.0,0.0,0.5,2.0,65.0,0.0,6,0,12,0
S250588,2025,18,9.7,0,1,0,0,1,0,0,Social Work,female,37,17.0,-1.0,1.0,0.0,65.0,0.0,6,0,12,0
S250589,2025,20,3.8,0,1,0,1,1,0,0,Health Science,male,52,26.0,0.0,0.67,1.0,60.75,0.0,7,0,12,0
S250590,2025,20,5.1,0,1,1,0,1,0,0,Health Science,female,39,21.0,1.0,1.0,0.0,63.17,0.0,7,0,12,0
S250591,2025,18,8.9,0,1,0,0,1,0,0,Software,male,36,17.0,-0.67,0.83,0.0,67.6,0.0,4,0,12,0
S250592,2025,22,4.1,0,0,0,0,0,0,0,Health Science,male,11,7.0,1.0,0.17,3.0,33.0,0.0,3,0,12,0
S250593,2025,18,6.9,0,1,0,0,0,0,0,Social Work,female,13,4.0,-1.67,0.83,1.0,48.6,2.0,3,0,12,0
S250594,2025,19,5.7,0,1,0,0,1,0,0,Communication & Digital Media,female,25,8.0,-3.0,0.83,1.0,56.0,0.0,4,0,12,0
S250595,2025,22,6.8,0,1,0,0,1,0,0,Communication & Digital Media,male,24,7.0,-3.33,0.83,1.0,55.6,0.0,3,0,12,0
S250597,2025,20,10.8,0,0,1,0,1,0,0,Communication & Digital Media,female,48,24.0,0.0,1.0,0.0,80.0,0.0,6,0,12,0
S250598,2025,18,7.4,0,1,0,0,1,0,0,Communication & Digital Media,male,52,27.0,0.67,0.83,1.0,64.4,0.0,6,0,12,0
S250599,2025,18,11.1,0,1,0,0,1,0,0,Communication & Digital Media,female,14,6.0,-0.67,0.67,1.0,66.5,0.0,3,0,12,0
S250600,2025,21,8.8,0,1,0,0,0,0,0,Communication & Digital Media,male,9,5.0,0.33,0.5,1.0,55.0,0.0,3,0,12,0
S250601,2025,20,6.8,0,1,1,0,0,0,1,Social Work,female,48,21.0,-2.0,1.0,0.0,70.17,0.0,6,0,12,0
S250603,2025,18,6.4,0,1,1,0,1,0,0,Sustainable Biotechnology,female,40,23.0,2.0,0.67,1.0,64.0,0.0,4,0,12,0
S250604,2025,18,6.5,0,1,1,0,1,0,0,Health Science,female,46,23.0,0.0,1.0,0.0,55.5,0.0,7,0,12,0
S250605,2025,23,7.0,0,1,0,0,0,0,0,Health Science,female,50,24.0,-0.67,1.0,0.0,74.83,0.0,9,0,12,0
S250606,2025,18,7.8,0,1,1,0,1,0,0,Health Science,female,38,22.0,2.0,1.0,0.0,69.67,0.0,6,0,12,0
S250607,2025,33,8.4,0,1,0,0,0,1,0,Health Science,female,33,18.0,1.0,0.83,1.0,65.0,0.0,7,0,12,0
S250608,2025,20,2.0,1,0,0,0,0,0,0,Sustainable Biotechnology,female,18,8.0,-0.67,0.83,0.0,55.0,0.0,5,0,12,0
S250609,2025,36,5.4,0,1,0,0,0,0,0,Tourism,male,42,11.0,-6.67,1.0,0.0,63.83,0.0,6,0,12,0
S250610,2025,20,9.6,0,0,0,1,1,0,0,Communication & Digital Media,female,19,5.0,-3.0,0.67,2.0,61.25,0.0,3,0,12,0
S250611,2025,46,6.5,0,1,0,0,0,1,0,Health Science,female,80,32.0,-5.33,1.0,0.0,59.17,0.0,6,0,12,0
S250612,2025,23,7.5,1,1,0,0,1,0,0,Communication & Digital Media,male,15,11.0,2.33,0.83,1.0,62.8,0.0,6,0,12,0
S250613,2025,26,11.3,0,1,0,0,0,0,1,Business Administration,female,34,20.0,2.0,1.0,0.0,79.83,0.0,5,0,12,0
S250614,2025,44,4.8,0,1,0,0,0,1,1,Social Work,female,43,23.0,1.0,1.0,0.0,57.67,0.0,6,0,12,0
S250615,2025,18,5.0,0,1,0,0,1,0,0,Learning & Innovation,female,33,17.0,0.33,1.0,0.0,59.0,0.0,6,0,12,0
S250616,2025,26,8.5,1,1,0,0,1,0,1,Social Work,male,19,14.0,3.0,0.83,1.0,74.4,0.0,11,0,12,0
S250617,2025,18,7.8,0,0,1,0,1,0,0,Communication & Digital Media,female,35,17.0,-0.33,0.67,0.0,62.5,0.0,6,0,12,0
S250618,2025,18,8.2,0,0,0,0,0,0,0,Communication & Digital Media,male,33,16.0,-0.33,0.83,0.0,64.6,0.0,5,0,12,0
S250619,2025,19,5.1,0,1,0,1,0,0,0,Communication & Digital Media,male,51,22.0,-2.33,1.0,0.0,60.17,0.0,6,0,12,0
S250620,2025,19,8.2,0,0,0,0,1,0,0,Communication & Digital Media,female,17,10.0,1.0,0.5,1.0,62.33,0.0,3,0,12,0
S250621,2025,25,2.2,0,1,0,1,1,0,0,Communication & Digital Media,female,46,25.0,1.33,1.0,0.0,60.83,0.0,5,0,12,0
S250622,2025,26,6.7,0,1,0,0,1,0,1,Business Administration,male,44,25.0,2.0,0.83,0.0,59.8,0.0,6,0,12,0
S250623,2025,19,12.0,1,0,1,0,1,0,0,Communication & Digital Media,female,11,4.0,-1.0,0.33,1.0,71.0,0.0,3,0,12,0
S250624,2025,18,10.1,0,0,0,0,0,0,0,Learning & Innovation,female,25,13.0,0.33,0.83,1.0,70.6,0.0,7,0,12,0
S250626,2025,18,10.0,0,1,1,0,1,0,0,Communication & Digital Media,female,69,36.0,1.0,1.0,0.0,70.33,0.0,6,0,12,0
S250627,2025,24,4.4,0,1,0,0,0,0,0,Learning & Innovation,female,39,23.0,2.33,0.83,1.0,52.4,0.0,10,0,12,0
S250628,2025,18,5.5,0,0,0,0,0,0,0,Health Science,female,49,26.0,1.0,0.67,2.0,59.25,0.0,7,0,12,0
S250629,2025,18,7.7,0,0,1,0,0,0,0,Tourism,female,46,18.0,-3.33,1.0,0.0,66.5,0.0,6,0,12,0
S250630,2025,29,8.8,0,1,0,1,0,1,0,Health Science,female,33,10.0,-4.33,0.67,1.0,62.75,0.0,3,0,12,0
S250632,2025,27,6.1,0,1,0,1,1,0,0,Business Administration,male,10,7.0,1.33,0.67,1.0,56.0,0.0,0,1,8,1
S250633,2025,18,8.9,0,1,0,0,1,0,0,Learning & Innovation,female,50,26.0,0.67,0.67,1.0,65.0,0.0,6,0,12,0
S250634,2025,30,7.9,0,1,0,0,0,1,1,Business Administration,female,31,18.0,1.67,1.0,0.0,64.5,0.0,3,0,12,0
S250635,2025,32,6.5,0,1,0,0,0,1,0,Learning & Innovation,female,44,19.0,-2.0,1.0,0.0,65.83,0.0,6,0,12,0
S250636,2025,28,6.4,0,1,0,1,1,0,1,Social Work,male,31,16.0,0.33,1.0,0.0,55.67,0.0,4,0,12,0
S250637,2025,18,6.2,0,1,0,0,0,0,0,Health Science,female,57,29.0,0.33,1.0,0.0,64.83,0.0,6,0,12,0
S250638,2025,40,2.5,0,1,0,0,0,1,0,Health Science,female,37,17.0,-1.0,0.83,1.0,57.8,0.0,5,0,12,0
S250639,2025,21,10.1,0,1,1,0,1,0,0,Health Science,male,26,15.0,1.33,1.0,0.0,69.17,0.0,9,0,12,0
S250640,2025,19,2.0,0,1,0,0,0,0,0,Business Administration,female,65,32.0,-0.33,1.0,0.0,58.33,0.0,4,0,12,0
S250641,2025,20,7.4,0,1,0,0,0,0,0,Communication & Digital Media,female,50,30.0,3.33,1.0,0.0,56.0,0.0,6,0,12,0
S250642,2025,20,8.9,0,1,0,0,0,0,0,Sustainable Biotechnology,male,32,18.0,1.33,1.0,0.0,72.33,0.0,6,0,12,0
S250643,2025,20,7.0,1,0,0,0,1,0,0,Software,male,24,11.0,-0.67,0.83,1.0,59.8,0.0,5,0,12,0
S250644,2025,20,7.2,1,1,1,0,1,0,0,Communication & Digital Media,female,13,9.0,1.67,0.83,0.0,65.2,0.0,6,0,12,0
S250645,2025,18,8.5,0,1,1,0,1,0,0,Communication & Digital Media,female,32,14.0,-1.33,0.67,1.0,60.75,0.0,3,0,12,0
S250647,2025,18,9.9,0,1,1,0,0,0,0,Communication & Digital Media,female,63,34.0,1.67,1.0,0.0,79.67,0.0,6,0,12,0
S250648,2025,19,7.3,0,1,0,0,0,0,0,Communication & Digital Media,male,42,24.0,2.0,0.83,0.0,66.8,0.0,6,0,12,0
S250649,2025,27,3.8,0,1,0,0,0,0,1,Social Work,female,33,14.0,-1.67,0.5,0.0,51.67,0.0,4,0,12,0
S250651,2025,24,4.2,0,1,0,1,1,0,0,Tourism,female,35,25.0,5.0,0.83,0.0,56.8,0.0,6,0,12,0
S250652,2025,43,5.5,0,1,0,0,0,1,1,Social Work,female,36,19.0,0.67,0.67,0.0,64.0,0.0,8,0,12,0
S250653,2025,23,7.5,0,1,0,0,0,0,0,Health Science,male,35,22.0,3.0,1.0,0.0,63.33,0.0,3,0,12,0
S250654,2025,18,12.0,0,1,0,0,0,0,0,Business Administration,female,31,18.0,1.67,1.0,0.0,81.33,0.0,5,0,12,0
S250655,2025,36,2.5,0,1,0,0,1,1,1,Social Work,female,16,6.0,-1.33,0.5,1.0,55.33,0.0,3,0,12,0
S250656,2025,20,6.4,1,1,1,1,1,0,0,Social Work,female,38,21.0,1.33,1.0,0.0,60.83,0.0,6,0,12,0
S250657,2025,18,8.4,0,1,0,0,0,0,0,Communication & Digital Media,male,53,27.0,0.33,0.83,1.0,74.6,0.0,4,0,12,0
S250658,2025,20,6.9,0,1,0,0,1,0,0,Business Administration,male,16,5.0,-2.0,1.0,0.0,56.83,0.0,3,0,11,0
S250659,2025,18,5.8,0,1,0,0,1,0,0,Communication & Digital Media,female,41,24.0,2.33,0.67,1.0,68.25,0.0,6,0,12,0
S250660,2025,21,3.8,0,1,0,0,0,0,0,Health Science,female,40,22.0,1.33,1.0,0.0,42.33,0.0,5,0,12,0
S250662,2025,41,8.5,0,1,0,0,0,1,1,Business Administration,female,17,7.0,-1.0,0.83,0.0,65.0,0.0,4,0,12,0
S250663,2025,21,8.7,0,1,1,0,1,0,0,Health Science,female,71,41.0,3.67,0.83,1.0,79.2,0.0,7,0,12,0
S250664,2025,21,8.1,0,0,0,0,1,0,0,Health Science,female,21,12.0,1.0,0.67,1.0,58.25,0.0,3,1,6,1
S250665,2025,18,7.8,0,1,0,0,1,0,0,Health Science,female,56,32.0,2.67,1.0,0.0,65.83,0.0,7,0,12,0
S250666,2025,18,9.8,0,1,0,0,1,0,0,Learning & Innovation,female,39,19.0,-0.33,0.67,1.0,80.0,0.0,4,0,12,0
S250667,2025,18,9.0,0,0,0,0,1,0,0,Communication & Digital Media,female,29,19.0,3.0,1.0,0.0,76.67,0.0,6,0,12,0
S250668,2025,21,7.0,0,1,0,0,0,0,0,Communication & Digital Media,female,48,23.0,-0.67,0.67,1.0,69.5,0.0,5,0,12,0
S250670,2025,18,5.8,0,0,0,0,0,0,1,Social Work,female,35,17.0,-0.33,0.83,0.0,55.4,0.0,13,0,12,0
S250671,2025,34,2.5,0,1,0,0,0,1,1,Social Work,female,33,14.0,-1.67,1.0,0.0,54.67,0.0,9,0,12,0
S250672,2025,18,5.2,0,1,0,0,1,0,0,Learning & Innovation,female,25,14.0,1.0,1.0,0.0,54.5,0.0,7,0,12,0
S250673,2025,25,8.9,0,1,0,1,1,0,0,Health Science,male,19,8.0,-1.0,0.67,1.0,60.75,0.0,3,0,12,0
S250674,2025,23,9.1,1,0,0,1,1,0,0,Health Science,female,19,11.0,1.0,0.67,1.0,70.75,0.0,7,0,12,0
S250675,2025,20,7.2,0,1,0,0,1,0,0,Communication & Digital Media,female,39,20.0,0.33,0.67,0.0,67.75,0.0,4,0,12,0
S250676,2025,20,5.3,0,1,0,0,1,0,0,Communication & Digital Media,female,29,14.0,-0.33,0.5,1.0,55.67,0.0,4,0,12,0
S250677,2025,29,5.3,0,1,0,0,0,0,0,Sustainable Biotechnology,male,41,21.0,0.33,0.67,0.0,61.5,0.0,6,0,12,0
S250678,2025,21,5.8,1,0,0,0,1,0,0,Business Administration,female,16,9.0,0.67,0.83,0.0,58.6,0.0,3,0,12,0
S250679,2025,39,4.9,0,1,0,0,1,1,0,Health Science,female,27,11.0,-1.67,1.0,0.0,54.17,0.0,5,0,12,0
S250680,2025,18,10.0,1,1,1,0,1,0,0,Communication & Digital Media,female,6,3.0,0.0,0.67,1.0,62.25,2.0,3,0,12,0
S250681,2025,20,8.3,0,0,1,0,0,0,0,Sustainable Biotechnology,male,47,24.0,0.33,1.0,0.0,68.33,0.0,6,0,12,0
S250682,2025,19,8.1,0,1,0,0,0,0,0,Health Science,male,32,19.0,2.0,0.83,0.0,79.0,0.0,7,0,12,0
S250683,2025,20,6.0,0,1,0,0,1,0,0,Business Administration,female,23,8.0,-2.33,1.0,0.0,63.17,0.0,5,0,12,0
S250684,2025,24,4.8,0,1,1,0,0,0,1,Social Work,male,17,6.0,-1.67,0.67,1.0,48.5,0.0,4,0,12,0
S250686,2025,20,5.4,0,1,0,0,1,0,0,Communication & Digital Media,female,68,28.0,-4.0,1.0,0.0,64.5,0.0,6,0,12,0
S250687,2025,18,5.8,0,1,0,0,0,0,0,Communication & Digital Media,male,33,19.0,1.67,1.0,0.0,59.0,0.0,5,0,12,0
S250688,2025,38,6.0,0,1,1,1,0,1,0,Communication & Digital Media,female,27,14.0,0.33,0.67,2.0,54.75,0.0,5,0,12,0
S250689,2025,20,6.9,0,1,0,0,1,0,0,Communication & Digital Media,male,35,16.0,-1.0,0.83,1.0,63.8,0.0,5,0,12,0
S250690,2025,20,11.2,1,0,0,1,0,0,0,Software,female,15,10.0,1.67,1.0,0.0,88.83,0.0,3,0,12,0
S250691,2025,26,2.0,1,1,0,0,0,0,0,Sustainable Biotechnology,female,12,8.0,1.33,0.67,1.0,55.75,0.0,3,0,12,0
S250692,2025,20,7.4,0,1,1,0,1,0,0,Health Science,female,28,16.0,1.33,0.5,1.0,64.67,0.0,7,0,11,0
S250693,2025,18,8.2,0,1,0,0,1,0,0,Communication & Digital Media,male,60,29.0,-0.67,1.0,0.0,78.17,0.0,6,0,12,0
S250694,2025,21,7.5,0,1,1,0,0,0,0,Health Science,female,24,17.0,3.33,0.67,1.0,56.25,0.0,7,0,12,0
S250695,2025,24,3.8,0,1,0,1,0,0,0,Communication & Digital Media,female,35,13.0,-3.0,1.0,0.0,53.67,0.0,5,0,12,0
S250696,2025,18,8.4,0,1,0,0,1,0,0,Health Science,female,39,21.0,1.0,0.83,1.0,62.8,0.0,6,0,12,0
S250697,2025,23,10.8,1,1,0,0,1,0,0,Communication & Digital Media,female,22,9.0,-1.33,0.83,0.0,74.6,0.0,6,0,12,0
S250698,2025,34,8.3,0,1,0,0,0,1,1,Business Administration,female,19,12.0,1.67,0.33,3.0,53.5,0.0,3,0,12,0
S250699,2025,19,8.4,0,1,0,0,0,0,0,Tourism,female,44,17.0,-3.33,0.5,2.0,62.67,0.0,6,0,12,0
S250701,2025,20,7.0,0,0,0,0,1,0,0,Health Science,female,77,41.0,1.67,1.0,0.0,71.0,0.0,6,0,12,0
S250702,2025,20,10.0,0,1,0,1,0,0,0,Communication & Digital Media,female,35,17.0,-0.33,0.67,1.0,77.5,0.0,5,0,12,0
S250703,2025,29,9.5,0,1,0,1,0,1,0,Health Science,female,17,11.0,1.67,0.83,1.0,60.6,0.0,3,0,12,0
S250704,2025,19,7.1,1,1,0,0,1,0,0,Sustainable Biotechnology,female,15,6.0,-1.0,0.83,0.0,64.8,0.0,5,0,12,0
S250705,2025,18,11.0,0,1,1,1,1,0,0,Communication & Digital Media,male,16,4.0,-2.67,0.5,1.0,76.67,1.0,0,1,8,1
S250706,2025,22,4.9,0,1,1,0,0,0,0,Social Work,female,36,23.0,3.33,0.83,1.0,62.6,0.0,5,0,12,0
S250707,2025,20,8.9,1,0,0,0,1,0,0,Social Work,female,36,14.0,-2.67,0.83,0.0,74.8,0.0,5,0,12,0
S250708,2025,27,5.7,0,0,0,1,1,1,0,Sustainable Biotechnology,male,19,7.0,-1.67,0.83,0.0,54.4,0.0,3,0,12,0
S250710,2025,26,9.5,0,0,0,0,0,0,0,Health Science,female,13,2.0,-3.0,0.67,0.0,68.5,0.0,3,0,11,0
S250712,2025,18,10.6,0,1,0,0,0,0,0,Social Work,female,66,36.0,2.0,1.0,0.0,92.67,0.0,6,0,12,0
S250713,2025,18,8.8,0,1,1,0,1,0,0,Health Science,female,40,25.0,3.33,0.83,0.0,69.8,0.0,7,0,12,0
S250714,2025,20,8.9,0,1,1,0,1,0,0,Health Science,female,54,27.0,0.0,1.0,0.0,76.83,0.0,8,0,12,0
S250715,2025,21,9.9,0,1,0,0,0,0,0,Health Science,female,96,44.0,-2.67,1.0,0.0,76.5,0.0,5,0,12,0
S250716,2025,29,9.1,0,1,0,1,0,1,0,Health Science,female,57,27.0,-1.0,0.83,1.0,66.4,0.0,3,0,12,0
S250717,2025,26,10.0,1,1,0,0,1,0,1,Social Work,female,33,13.0,-2.33,1.0,0.0,80.83,0.0,15,0,12,0
S250718,2025,25,3.8,0,1,0,0,0,0,1,Business Administration,female,59,26.0,-2.33,1.0,0.0,57.5,0.0,9,0,12,0
S250719,2025,36,7.5,0,0,1,0,0,0,0,Tourism,female,30,15.0,0.0,0.67,1.0,55.5,0.0,6,0,7,1
S250720,2025,26,7.2,0,0,0,0,1,0,0,Health Science,male,47,24.0,0.33,0.67,2.0,69.5,0.0,6,0,12,0
S250721,2025,19,9.5,1,0,1,0,1,0,0,Health Science,female,30,21.0,4.0,1.0,0.0,76.0,0.0,5,0,12,0
S250722,2025,20,8.2,1,0,0,0,1,0,0,Social Work,female,22,12.0,0.67,0.83,1.0,71.4,0.0,5,0,12,0
S250723,2025,25,3.8,0,0,0,0,0,0,0,Health Science,female,35,12.0,-3.67,0.83,1.0,57.8,0.0,7,0,12,0
S250724,2025,18,6.5,0,0,0,0,0,0,0,Health Science,male,54,22.0,-3.33,1.0,0.0,62.0,0.0,4,0,12,0
S250725,2025,24,7.5,0,1,0,0,0,0,1,Social Work,male,19,8.0,-1.0,0.5,1.0,54.67,0.0,3,0,12,0
S250726,2025,19,6.0,1,0,0,0,1,0,0,Tourism,female,22,11.0,0.0,1.0,0.0,52.33,0.0,6,0,12,0
S250727,2025,19,5.4,0,1,0,0,0,0,0,Communication & Digital Media,male,19,10.0,0.33,0.83,1.0,41.6,0.0,3,0,12,0
S250728,2025,18,7.3,0,1,0,0,1,0,0,Social Work,female,43,20.0,-1.0,0.67,0.0,63.0,0.0,6,0,12,0
S250729,2025,18,8.5,0,1,0,0,0,0,0,Business Administration,male,11,3.0,-1.67,0.67,1.0,64.0,1.0,3,0,12,0
S250730,2025,18,7.1,0,1,0,0,1,0,0,Health Science,female,31,18.0,1.67,0.83,1.0,64.4,0.0,7,0,12,0
S250732,2025,29,12.0,0,1,0,0,0,1,1,Business Administration,male,50,24.0,-0.67,1.0,0.0,80.0,0.0,5,0,12,0
S250733,2025,20,4.0,0,1,0,0,1,0,0,Software,male,43,21.0,-0.33,1.0,0.0,61.0,0.0,5,0,12,0
S250734,2025,19,4.9,0,1,0,0,0,0,0,Social Work,male,30,15.0,0.0,0.83,0.0,56.0,0.0,6,0,12,0
S250735,2025,19,9.2,0,0,0,0,1,0,0,Communication & Digital Media,female,17,10.0,1.0,0.33,2.0,65.5,0.0,3,0,12,0
S250738,2025,18,8.8,0,1,0,0,1,0,0,Social Work,female,41,18.0,-1.67,1.0,0.0,72.5,0.0,5,0,12,0
S250739,2025,20,6.1,0,1,0,0,0,0,0,Social Work,female,12,8.0,1.33,0.5,1.0,53.67,1.0,3,0,12,0
S250740,2025,19,5.4,0,1,1,0,0,0,0,Communication & Digital Media,female,29,17.0,1.67,0.67,1.0,64.25,0.0,6,0,12,0
S250742,2025,19,9.9,0,0,0,0,0,0,0,Health Science,female,39,12.0,-5.0,1.0,0.0,76.67,0.0,5,0,12,0
S250743,2025,23,7.0,1,1,0,0,1,0,0,Communication & Digital Media,male,30,14.0,-0.67,0.83,1.0,63.4,0.0,6,0,12,0
S250744,2025,18,8.2,0,0,0,0,1,0,0,Health Science,female,19,8.0,-1.0,0.5,2.0,65.0,0.0,7,0,12,0
S250745,2025,18,7.1,1,1,1,0,1,0,0,Communication & Digital Media,female,23,11.0,-0.33,0.5,2.0,56.67,0.0,6,0,12,0
S250746,2025,19,12.0,1,1,0,0,1,0,0,Communication & Digital Media,female,24,14.0,1.33,0.83,1.0,84.2,0.0,12,0,12,0
S250747,2025,20,5.9,0,1,0,0,1,0,0,Communication & Digital Media,female,28,16.0,1.33,1.0,0.0,65.17,0.0,3,0,12,0
S250748,2025,24,4.5,0,1,0,1,0,0,0,Social Work,female,47,19.0,-3.0,0.67,1.0,58.5,0.0,6,0,12,0
S250749,2025,50,6.0,0,1,0,0,0,1,1,Social Work,female,33,17.0,0.33,0.83,1.0,55.2,0.0,3,1,12,1
S250750,2025,39,7.7,0,1,1,0,0,1,1,Social Work,female,26,10.0,-2.0,0.67,1.0,66.0,0.0,9,0,12,0
S250751,2025,19,7.1,0,1,0,0,0,0,0,Business Administration,female,23,12.0,0.33,0.5,2.0,62.0,0.0,3,0,12,0
S250752,2025,21,8.6,1,1,0,0,0,0,0,Communication & Digital Media,male,27,10.0,-2.33,1.0,0.0,69.83,0.0,12,0,12,0
S250754,2025,18,7.0,0,1,1,0,1,0,0,Health Science,female,43,14.0,-5.0,1.0,0.0,70.0,0.0,8,0,12,0
S250755,2025,26,5.2,0,1,0,0,1,0,1,Social Work,female,50,16.0,-6.0,1.0,0.0,65.0,0.0,7,0,12,0
S250756,2025,18,8.7,0,1,0,1,1,0,0,Communication & Digital Media,male,66,28.0,-3.33,1.0,0.0,60.33,0.0,6,0,12,0
S250757,2025,18,7.1,0,0,0,0,1,0,0,Health Science,male,47,22.0,-1.0,1.0,0.0,63.33,0.0,7,0,12,0
S250758,2025,20,2.2,0,1,0,0,1,0,0,Health Science,female,22,6.0,-3.33,0.67,1.0,43.25,0.0,7,0,12,0
S250759,2025,39,3.8,0,0,0,0,0,0,0,Communication & Digital Media,male,45,22.0,-0.33,0.83,1.0,62.6,0.0,5,0,12,0
S250760,2025,24,6.8,0,1,0,0,0,0,0,Communication & Digital Media,male,12,5.0,-0.67,0.17,2.0,56.0,0.0,3,0,12,0
S250761,2025,18,7.0,1,1,1,0,1,0,0,Communication & Digital Media,female,18,5.0,-2.67,1.0,0.0,62.33,0.0,6,0,12,0
S250762,2025,49,6.6,0,1,0,0,0,1,1,Business Administration,male,48,22.0,-1.33,0.67,1.0,67.25,0.0,4,0,12,0
S250763,2025,21,8.7,0,1,0,0,1,0,0,Health Science,male,70,31.0,-2.67,0.83,1.0,70.0,0.0,6,0,12,0
S250764,2025,18,8.5,0,1,0,0,0,0,0,Health Science,male,21,9.0,-1.0,0.83,0.0,64.4,0.0,3,0,12,0
S250765,2025,18,8.6,0,1,0,0,1,0,0,Health Science,female,41,27.0,4.33,0.83,0.0,70.0,0.0,6,0,12,0
S250766,2025,18,8.7,1,1,1,0,1,0,0,Communication & Digital Media,male,26,12.0,-0.67,1.0,0.0,68.67,0.0,6,0,12,0
S250767,2025,20,7.5,0,1,0,0,0,0,0,Communication & Digital Media,female,46,25.0,1.33,1.0,0.0,67.67,0.0,6,0,12,0
S250768,2025,25,5.8,0,1,0,0,0,0,0,Communication & Digital Media,male,4,2.0,0.0,0.5,2.0,49.0,1.0,0,1,5,1
S250769,2025,18,9.8,0,1,0,0,0,0,0,Business Administration,female,62,30.0,-0.67,1.0,0.0,81.33,0.0,5,0,12,0
S250770,2025,21,10.6,0,1,1,0,1,0,0,Communication & Digital Media,female,34,16.0,-0.67,0.83,1.0,75.4,0.0,6,0,12,0
S250772,2025,18,7.9,0,1,0,0,1,0,0,Sustainable Biotechnology,male,25,12.0,-0.33,0.67,1.0,58.0,0.0,3,0,12,0
S250773,2025,20,6.4,0,1,0,0,1,0,0,Communication & Digital Media,female,19,4.0,-3.67,0.83,0.0,59.8,0.0,3,0,12,0
S250774,2025,19,4.5,0,0,0,0,1,0,0,Health Science,female,35,19.0,1.0,0.83,0.0,48.0,0.0,6,0,12,0
S250775,2025,26,5.1,0,1,0,0,1,0,1,Social Work,female,46,24.0,0.67,1.0,0.0,56.33,0.0,7,0,12,0
S250776,2025,20,7.1,1,1,1,0,1,0,0,Communication & Digital Media,female,27,15.0,1.0,1.0,0.0,61.17,0.0,6,0,12,0
S250777,2025,18,5.5,0,1,0,0,1,0,0,Communication & Digital Media,female,20,7.0,-2.0,0.5,2.0,50.0,0.0,3,0,11,0
S250778,2025,19,7.2,0,0,0,0,1,0,0,Health Science,female,31,16.0,0.33,0.67,1.0,56.0,0.0,6,0,12,0
S250779,2025,18,9.7,0,1,0,0,1,0,0,Health Science,female,36,15.0,-2.0,0.83,1.0,78.4,0.0,6,0,12,0
S250780,2025,21,5.8,1,0,0,0,0,0,0,Health Science,female,11,3.0,-1.67,0.67,1.0,50.25,0.0,3,0,11,0
S250781,2025,34,4.5,0,1,0,0,1,0,0,Software,female,21,9.0,-1.0,0.67,1.0,42.5,0.0,3,0,12,0
S250782,2025,29,2.3,1,1,0,1,0,0,0,Sustainable Biotechnology,female,15,8.0,0.33,0.5,3.0,49.33,0.0,3,0,12,0
S250783,2025,26,8.1,1,0,0,1,0,0,0,Business Administration,male,8,2.0,-1.33,0.33,3.0,56.5,0.0,0,1,6,1
S250784,2025,21,5.3,0,0,0,0,1,0,0,Communication & Digital Media,female,53,28.0,1.0,1.0,0.0,60.0,0.0,5,0,12,0
S250787,2025,19,9.0,0,1,1,0,1,0,0,Communication & Digital Media,female,17,4.0,-3.0,0.83,1.0,75.6,1.0,6,0,12,0
S250788,2025,18,6.6,0,1,0,0,1,0,0,Communication & Digital Media,female,24,13.0,0.67,0.5,2.0,60.33,0.0,3,0,12,0
S250789,2025,22,7.5,0,0,0,0,0,0,0,Communication & Digital Media,female,60,36.0,4.0,1.0,0.0,58.5,0.0,17,0,12,0
S250791,2025,21,5.3,0,1,1,0,1,0,0,Health Science,male,19,11.0,1.0,0.67,1.0,55.75,0.0,1,1,9,1
S250792,2025,20,5.5,0,1,1,0,0,0,0,Health Science,female,45,23.0,0.33,0.83,0.0,56.0,0.0,7,0,12,0
S250793,2025,20,8.1,0,1,0,0,1,0,0,Sustainable Biotechnology,male,36,18.0,0.0,0.83,0.0,65.8,0.0,5,0,12,0
S250794,2025,20,7.2,1,1,0,0,1,0,0,Health Science,female,20,8.0,-1.33,1.0,0.0,63.33,0.0,7,0,12,0
S250795,2025,33,9.5,0,1,0,0,1,1,0,Software,male,17,6.0,-1.67,0.5,1.0,53.0,0.0,3,0,12,0
S250798,2025,31,8.3,0,1,0,0,0,1,0,Health Science,female,30,18.0,2.0,0.67,1.0,59.75,0.0,5,0,12,0
S250799,2025,27,2.4,1,1,0,0,0,0,0,Sustainable Biotechnology,female,23,13.0,1.0,0.67,1.0,39.0,0.0,3,0,12,0
S250800,2025,20,8.2,1,1,0,0,1,0,0,Communication & Digital Media,female,42,20.0,-0.67,1.0,0.0,79.17,0.0,6,0,12,0
S250801,2025,18,9.8,0,0,0,0,1,0,0,Communication & Digital Media,female,21,9.0,-1.0,0.33,1.0,73.0,0.0,3,0,12,0
S250802,2025,23,8.8,0,1,0,0,0,0,0,Health Science,female,38,20.0,0.67,1.0,0.0,64.83,0.0,6,0,12,0
S250803,2025,20,11.7,1,0,1,0,1,0,0,Communication & Digital Media,female,11,6.0,0.33,0.33,2.0,70.0,0.0,3,0,12,0
S250804,2025,24,5.3,0,1,0,0,1,0,1,Social Work,female,33,15.0,-1.0,0.83,0.0,59.4,0.0,3,0,12,0
S250805,2025,21,7.2,0,1,1,0,1,0,0,Communication & Digital Media,male,23,10.0,-1.0,0.67,2.0,70.25,0.0,3,0,12,0
S250806,2025,18,5.6,0,1,0,1,1,0,0,Sustainable Biotechnology,female,34,21.0,2.67,1.0,0.0,62.67,0.0,5,0,12,0
S250807,2025,21,7.4,0,1,0,0,0,0,0,Social Work,female,32,13.0,-2.0,0.67,1.0,60.25,0.0,3,0,12,0
S250809,2025,31,9.1,0,1,0,0,0,1,1,Business Administration,male,25,14.0,1.0,0.5,2.0,69.0,0.0,3,0,12,0
S250810,2025,26,6.5,1,1,0,1,0,0,1,Social Work,female,30,17.0,1.33,1.0,0.0,59.67,0.0,6,0,12,0
S250811,2025,24,8.6,0,1,0,0,1,0,0,Communication & Digital Media,male,36,18.0,0.0,1.0,0.0,62.67,0.0,17,0,12,0
S250812,2025,41,8.2,0,1,0,1,0,1,0,Social Work,female,12,6.0,0.0,0.33,2.0,62.0,0.0,3,0,12,0
S250813,2025,22,8.8,1,1,0,0,1,0,0,Health Science,female,34,16.0,-0.67,0.83,0.0,74.2,0.0,5,0,11,0
S250814,2025,20,8.4,0,1,0,0,1,0,0,Sustainable Biotechnology,male,47,18.0,-3.67,0.83,0.0,68.6,0.0,6,0,12,0
S250815,2025,22,8.6,0,1,0,1,1,0,0,Software,male,14,4.0,-2.0,0.33,3.0,56.5,0.0,0,1,9,1
S250816,2025,24,8.7,1,1,0,0,0,0,0,Business Administration,female,17,5.0,-2.33,0.67,1.0,69.5,0.0,3,0,12,0
S250817,2025,18,8.2,1,1,1,0,1,0,0,Health Science,female,25,11.0,-1.0,1.0,0.0,75.33,0.0,4,0,12,0
S250818,2025,18,9.0,0,1,1,0,0,0,0,Social Work,female,34,26.0,6.0,0.83,1.0,60.4,0.0,6,0,12,0
S250819,2025,20,7.2,0,1,0,0,0,0,0,Communication & Digital Media,female,55,22.0,-3.67,0.83,1.0,58.8,0.0,6,0,12,0
S250820,2025,25,6.1,0,1,1,0,1,0,0,Health Science,female,59,27.0,-1.67,1.0,0.0,67.67,0.0,7,0,12,0
S250821,2025,47,10.1,0,1,1,0,1,1,1,Social Work,female,42,23.0,1.33,0.83,0.0,74.4,0.0,5,0,12,0
S250822,2025,20,9.2,0,1,0,0,1,0,0,Health Science,female,26,12.0,-0.67,1.0,0.0,69.83,0.0,6,0,12,0
S250823,2025,21,8.2,0,0,0,0,0,0,0,Software,male,30,16.0,0.67,0.67,1.0,62.0,0.0,1,1,7,1
S250824,2025,26,6.5,0,1,0,0,0,0,0,Communication & Digital Media,male,31,13.0,-1.67,1.0,0.0,63.0,0.0,6,0,12,0
S250825,2025,19,5.0,0,0,0,0,0,0,0,Sustainable Biotechnology,male,39,19.0,-0.33,0.67,1.0,58.25,0.0,6,0,12,0
S250826,2025,21,6.8,0,1,1,0,1,0,0,Communication & Digital Media,female,24,13.0,0.67,1.0,0.0,53.83,0.0,4,1,7,1
S250827,2025,42,7.1,0,1,0,1,0,1,0,Communication & Digital Media,male,20,9.0,-0.67,0.67,2.0,56.75,0.0,0,1,7,1
S250828,2025,20,4.9,0,1,1,1,0,0,0,Business Administration,male,29,15.0,0.33,1.0,0.0,59.83,0.0,5,0,12,0
S250829,2025,19,5.8,0,0,0,0,1,0,0,Communication & Digital Media,female,39,17.0,-1.67,0.67,1.0,52.5,0.0,6,0,12,0
S250830,2025,19,7.1,0,1,0,0,1,0,0,Learning & Innovation,female,44,17.0,-3.33,0.83,1.0,56.6,0.0,5,0,12,0
S250831,2025,20,5.3,0,1,0,0,1,0,0,Communication & Digital Media,female,25,12.0,-0.33,0.33,3.0,62.5,0.0,4,0,12,0
S250832,2025,19,7.2,0,1,0,0,0,0,0,Health Science,female,49,21.0,-2.33,1.0,0.0,71.5,0.0,5,0,12,0
S250833,2025,18,8.4,0,1,0,0,1,0,0,Health Science,male,37,15.0,-2.33,0.83,1.0,69.2,0.0,4,0,12,0
S250834,2025,20,6.5,0,1,1,0,0,0,0,Social Work,female,55,21.0,-4.33,0.83,1.0,64.6,0.0,6,0,12,0
S250835,2025,19,9.0,0,1,0,0,0,0,0,Social Work,female,50,22.0,-2.0,1.0,0.0,77.0,0.0,6,0,12,0
S250836,2025,18,12.0,1,0,0,0,1,0,0,Health Science,female,20,11.0,0.67,0.83,0.0,96.0,0.0,4,0,12,0
S250837,2025,19,6.0,0,0,1,0,1,0,0,Health Science,female,48,19.0,-3.33,1.0,0.0,56.83,0.0,4,0,12,0
S250839,2025,32,8.9,0,1,0,0,0,0,0,Communication & Digital Media,female,13,10.0,2.33,0.67,1.0,60.75,0.0,3,0,12,0
S250840,2025,19,9.7,0,1,0,0,0,0,0,Sustainable Biotechnology,male,47,25.0,1.0,1.0,0.0,77.17,0.0,6,0,12,0
S250841,2025,18,8.4,0,1,0,0,1,0,0,Social Work,female,51,23.0,-1.67,1.0,0.0,67.5,0.0,5,0,12,0
S250842,2025,26,6.2,0,0,0,0,0,0,0,Sustainable Biotechnology,male,38,17.0,-1.33,0.83,1.0,60.4,0.0,5,0,12,0
S250843,2025,21,7.7,0,1,0,0,0,0,0,Tourism,male,45,22.0,-0.33,1.0,0.0,73.17,0.0,6,0,12,0
S250844,2025,18,7.9,0,0,0,0,1,0,0,Health Science,female,9,1.0,-2.33,0.83,0.0,55.6,2.0,3,0,12,0
S250845,2025,19,9.9,0,1,0,0,1,0,0,Health Science,female,29,18.0,2.33,0.5,1.0,73.67,0.0,8,0,12,0
S250846,2025,23,2.0,1,0,0,1,0,0,0,Software,male,13,7.0,0.33,0.67,2.0,55.5,0.0,6,1,7,1
S250847,2025,24,9.7,1,1,0,0,1,0,1,Social Work,female,29,17.0,1.67,0.83,0.0,78.0,0.0,15,0,11,0
S250848,2025,20,7.2,0,0,0,0,1,0,0,Communication & Digital Media,male,29,15.0,0.33,1.0,0.0,66.0,0.0,3,0,12,0
S250849,2025,20,9.8,0,1,0,0,0,0,0,Sustainable Biotechnology,male,33,21.0,3.0,1.0,0.0,63.17,0.0,5,0,12,0
S250850,2025,18,5.5,0,1,1,1,0,0,0,Social Work,female,31,16.0,0.33,1.0,0.0,59.17,0.0,5,0,12,0
S250851,2025,31,10.7,0,1,1,0,0,1,1,Business Administration,female,61,37.0,4.33,0.83,1.0,73.8,0.0,4,0,12,0
S250852,2025,19,12.0,0,1,0,0,0,0,0,Health Science,female,45,18.0,-3.0,1.0,0.0,89.0,0.0,11,0,12,0
S250853,2025,18,8.8,0,0,0,0,1,0,0,Health Science,male,57,27.0,-1.0,1.0,0.0,69.0,0.0,8,0,12,0
S250854,2025,26,6.2,1,1,0,1,0,0,1,Social Work,female,43,21.0,-0.33,0.83,0.0,56.8,0.0,6,0,12,0
S250855,2025,19,7.1,0,1,1,0,1,0,0,Social Work,female,42,21.0,0.0,1.0,0.0,63.0,0.0,6,0,12,0
S250856,2025,19,4.4,0,1,0,0,1,0,0,Learning & Innovation,female,48,29.0,3.33,1.0,0.0,65.17,0.0,5,0,12,0
S250857,2025,28,9.9,0,0,0,0,1,0,0,Health Science,female,9,4.0,-0.33,0.33,2.0,56.5,0.0,3,0,11,0
S250858,2025,18,3.6,1,0,0,0,0,0,0,Health Science,female,27,10.0,-2.33,0.83,0.0,53.8,0.0,6,0,12,0
S250859,2025,60,3.8,1,1,0,0,0,1,0,Communication & Digital Media,female,26,14.0,0.67,0.83,0.0,66.0,0.0,6,0,12,0
S250860,2025,43,4.3,0,1,0,0,0,1,0,Business Administration,male,13,5.0,-1.0,0.33,2.0,44.0,0.0,0,1,6,1
S250861,2025,21,6.2,0,1,0,0,1,0,0,Learning & Innovation,female,49,21.0,-2.33,1.0,0.0,58.5,0.0,6,0,12,0
S250862,2025,24,6.2,0,1,0,0,0,0,0,Sustainable Biotechnology,female,18,12.0,2.0,0.5,1.0,53.67,0.0,3,0,12,0
S250863,2025,26,4.5,0,1,1,0,0,1,0,Health Science,female,15,8.0,0.33,0.17,3.0,67.0,0.0,3,0,12,0
S250864,2025,18,6.6,0,1,0,0,1,0,0,Tourism,female,63,29.0,-1.67,1.0,0.0,68.17,0.0,6,0,12,0
S250865,2025,21,10.1,0,1,1,0,1,0,0,Communication & Digital Media,male,42,14.0,-4.67,1.0,0.0,79.17,0.0,12,0,12,0
S250868,2025,19,8.3,0,1,0,1,0,0,0,Learning & Innovation,female,24,9.0,-2.0,1.0,0.0,63.83,0.0,4,0,12,0
S250869,2025,19,6.8,0,1,1,0,1,0,0,Communication & Digital Media,female,25,11.0,-1.0,1.0,0.0,60.83,0.0,3,0,12,0
S250870,2025,26,9.8,0,1,0,0,0,0,0,Software,male,52,25.0,-0.67,1.0,0.0,65.67,0.0,5,0,12,0
S250871,2025,28,3.6,0,1,0,0,0,1,1,Business Administration,female,51,26.0,0.33,0.83,0.0,54.4,0.0,14,0,12,0
S250872,2025,20,5.1,0,1,0,0,1,0,0,Communication & Digital Media,female,23,12.0,0.33,0.5,3.0,58.33,0.0,3,0,12,0
S250873,2025,19,6.8,0,1,0,0,0,0,0,Health Science,female,30,14.0,-0.67,0.83,1.0,69.0,0.0,6,0,12,0
S250874,2025,19,2.3,1,0,0,0,0,0,0,Sustainable Biotechnology,female,39,14.0,-3.67,0.83,0.0,49.0,0.0,5,0,12,0
S250876,2025,23,8.6,1,1,0,0,0,0,0,Business Administration,female,20,10.0,0.0,1.0,0.0,57.33,0.0,3,0,12,0
S250877,2025,41,6.7,0,1,0,0,1,1,1,Social Work,male,35,17.0,-0.33,1.0,0.0,50.0,0.0,9,0,12,0
S250879,2025,22,3.7,0,0,0,0,1,0,0,Health Science,female,12,6.0,0.0,0.0,3.0,,0.0,5,0,12,0
S250881,2025,18,3.6,0,0,0,0,0,0,0,Health Science,female,16,8.0,0.0,0.17,2.0,64.0,0.0,3,0,12,0
S250882,2025,20,9.9,0,1,0,0,1,0,0,Communication & Digital Media,female,49,24.0,-0.33,0.83,1.0,72.8,0.0,6,0,12,0
S250883,2025,21,6.4,0,1,1,0,1,0,0,Business Administration,female,34,18.0,0.67,0.83,1.0,57.8,0.0,5,0,12,0
S250884,2025,22,4.8,0,1,0,0,1,0,0,Communication & Digital Media,female,17,10.0,1.0,0.33,3.0,55.5,0.0,3,0,12,0
S250885,2025,21,10.5,1,1,0,0,1,0,0,Communication & Digital Media,female,42,23.0,1.33,1.0,0.0,88.67,0.0,6,0,12,0
S250886,2025,20,6.6,0,1,0,0,1,0,0,Social Work,female,25,13.0,0.33,0.67,2.0,57.25,0.0,3,0,12,0
S250887,2025,18,9.2,0,1,1,0,0,0,0,Health Science,female,58,26.0,-2.0,1.0,0.0,80.5,0.0,7,0,12,0
S250888,2025,22,6.4,0,0,0,0,1,0,0,Communication & Digital Media,male,37,13.0,-3.67,0.67,2.0,57.0,0.0,5,0,12,0
S250891,2025,20,4.9,0,1,0,0,0,0,0,Social Work,male,26,15.0,1.33,0.67,2.0,61.0,0.0,6,0,12,0
S250892,2025,33,4.9,0,1,1,0,1,0,0,Health Science,male,42,23.0,1.33,1.0,0.0,63.0,0.0,14,0,12,0
S250893,2025,21,10.1,0,0,0,0,1,0,0,Communication & Digital Media,male,32,15.0,-0.67,0.83,1.0,69.0,0.0,11,0,12,0
S250894,2025,22,3.7,0,1,0,0,1,0,0,Business Administration,male,15,8.0,0.33,0.5,1.0,47.0,0.0,3,0,12,0
S250895,2025,25,8.4,1,1,0,1,0,0,0,Communication & Digital Media,female,23,12.0,0.33,0.83,0.0,60.8,0.0,3,0,12,0
S250896,2025,20,6.5,1,0,0,0,0,0,0,Health Science,female,6,3.0,0.0,0.67,2.0,45.5,0.0,3,0,12,0
S250897,2025,19,9.2,0,1,0,0,1,0,0,Business Administration,male,31,13.0,-1.67,0.83,1.0,77.8,0.0,4,0,12,0
S250899,2025,18,9.5,0,1,0,0,1,0,0,Health Science,female,45,24.0,1.0,0.67,0.0,64.0,0.0,8,0,12,0
S250900,2025,20,8.4,0,1,0,1,1,0,0,Sustainable Biotechnology,male,40,27.0,4.67,1.0,0.0,75.5,0.0,11,0,12,0
S250901,2025,20,3.8,0,1,0,0,0,0,0,Health Science,female,31,15.0,-0.33,0.5,2.0,44.0,0.0,4,0,12,0
S250903,2025,37,9.2,0,1,0,0,0,1,0,Sustainable Biotechnology,male,29,12.0,-1.67,0.5,1.0,62.0,0.0,3,0,12,0
S250904,2025,19,8.3,1,1,0,0,0,0,0,Business Administration,female,39,22.0,1.67,1.0,0.0,69.17,0.0,4,0,12,0
S250905,2025,23,3.7,0,1,0,0,1,0,0,Business Administration,female,37,22.0,2.33,1.0,0.0,48.5,0.0,5,0,12,0
S250906,2025,18,10.1,0,1,0,0,0,0,0,Sustainable Biotechnology,female,59,30.0,0.33,0.83,1.0,81.4,0.0,6,0,12,0
S250907,2025,18,10.1,1,1,1,0,1,0,0,Communication & Digital Media,female,11,3.0,-1.67,0.67,1.0,66.75,1.0,3,0,12,0
S250909,2025,18,8.4,0,1,0,0,1,0,0,Communication & Digital Media,male,19,15.0,3.67,1.0,0.0,64.67,0.0,0,1,10,1
S250910,2025,18,7.4,0,1,0,0,1,0,0,Tourism,female,31,10.0,-3.67,0.67,0.0,60.25,0.0,3,0,12,0
S250911,2025,18,5.9,0,0,0,0,0,0,0,Communication & Digital Media,female,56,22.0,-4.0,0.83,0.0,59.2,0.0,6,0,12,0
S250912,2025,19,7.6,0,1,0,0,1,0,0,Health Science,male,32,19.0,2.0,0.83,1.0,64.4,0.0,3,1,8,1
S250913,2025,18,2.5,0,1,1,0,0,0,0,Communication & Digital Media,female,17,8.0,-0.33,0.33,2.0,58.0,0.0,3,0,12,0
S250914,2025,20,6.6,0,1,0,1,1,0,0,Learning & Innovation,female,20,11.0,0.67,0.5,2.0,61.0,0.0,3,1,8,1
S250915,2025,18,8.6,0,1,1,0,1,0,0,Communication & Digital Media,female,65,31.0,-1.0,1.0,0.0,68.33,0.0,6,0,12,0
S250916,2025,18,6.5,0,1,0,0,0,0,0,Health Science,female,60,27.0,-2.0,0.83,1.0,69.0,0.0,7,0,12,0
S250917,2025,37,10.6,0,1,0,0,0,1,1,Social Work,male,51,23.0,-1.67,1.0,0.0,78.5,0.0,16,0,12,0
S250918,2025,20,6.5,0,1,0,0,0,0,0,Business Administration,male,32,19.0,2.0,1.0,0.0,58.5,0.0,3,0,12,0
S250919,2025,21,6.2,0,1,0,0,0,0,1,Social Work,female,55,25.0,-1.67,1.0,0.0,61.83,0.0,5,0,12,0
S250920,2025,20,8.2,0,0,1,0,0,0,0,Tourism,female,50,24.0,-0.67,0.83,0.0,63.2,0.0,6,0,12,0
S250922,2025,18,7.9,0,0,0,0,0,0,0,Health Science,female,76,36.0,-1.33,0.67,2.0,73.0,0.0,7,0,12,0
S250923,2025,18,12.0,1,0,0,0,0,0,0,Health Science,female,18,8.0,-0.67,1.0,0.0,96.0,0.0,6,0,12,0
S250924,2025,33,7.7,0,1,1,0,0,1,0,Health Science,male,19,11.0,1.0,0.33,2.0,45.0,0.0,3,0,12,0
S250926,2025,21,7.7,0,1,0,1,0,0,0,Social Work,female,41,20.0,-0.33,0.83,0.0,59.4,0.0,6,0,12,0
S250928,2025,18,9.0,0,1,0,0,1,0,0,Communication & Digital Media,female,29,14.0,-0.33,1.0,0.0,76.0,0.0,6,0,12,0
S250929,2025,18,6.0,0,1,0,0,1,0,0,Social Work,female,66,27.0,-4.0,1.0,0.0,65.83,0.0,6,0,12,0
S250930,2025,19,6.9,0,1,0,0,0,0,0,Communication & Digital Media,male,43,18.0,-2.33,0.67,1.0,68.0,0.0,5,0,12,0
S250931,2025,20,8.6,0,1,0,0,0,0,0,Social Work,male,48,23.0,-0.67,0.83,0.0,67.8,0.0,6,0,12,0
S250932,2025,21,6.7,0,1,1,0,0,0,0,Business Administration,female,22,11.0,0.0,0.5,2.0,62.0,0.0,5,0,12,0
S250933,2025,26,6.5,0,1,0,1,0,0,0,Sustainable Biotechnology,male,30,14.0,-0.67,1.0,0.0,55.5,0.0,3,0,12,0
S250934,2025,21,6.0,0,1,0,1,0,0,0,Communication & Digital Media,female,59,26.0,-2.33,0.83,0.0,62.4,0.0,4,0,12,0
S250935,2025,28,5.5,1,1,0,0,1,0,0,Health Science,male,24,14.0,1.33,0.83,1.0,49.6,0.0,18,0,12,0
S250936,2025,18,12.0,1,0,0,0,1,0,0,Health Science,female,13,7.0,0.33,1.0,0.0,90.83,0.0,4,1,12,0
S250937,2025,19,8.1,0,1,1,0,1,0,0,Health Science,female,51,27.0,1.0,1.0,0.0,57.33,0.0,5,0,12,0
S250938,2025,40,2.4,0,1,0,0,0,1,0,Health Science,female,52,28.0,1.33,0.67,1.0,68.0,0.0,3,1,8,1
S250939,2025,24,9.1,0,1,1,0,1,0,0,Health Science,female,41,21.0,0.33,0.83,1.0,68.6,0.0,6,0,12,0
S250940,2025,25,6.9,1,1,0,1,0,0,1,Social Work,female,26,13.0,0.0,1.0,0.0,67.67,0.0,6,0,12,0
S250941,2025,18,6.9,1,1,1,1,1,0,0,Social Work,female,24,13.0,0.67,0.67,1.0,60.0,0.0,6,0,12,0
S250942,2025,20,6.0,0,0,0,1,0,0,0,Social Work,female,36,15.0,-2.0,0.5,2.0,55.0,0.0,8,0,12,0
S250943,2025,19,9.9,0,0,0,0,0,0,0,Health Science,female,63,33.0,1.0,1.0,0.0,77.17,0.0,5,0,12,0
S250944,2025,34,8.7,0,1,0,0,0,1,0,Social Work,female,36,15.0,-2.0,0.83,0.0,62.2,0.0,14,0,12,0
S250945,2025,21,8.1,0,1,1,0,0,0,0,Health Science,male,30,19.0,2.67,0.83,0.0,68.4,0.0,7,0,12,0
S250946,2025,28,7.4,0,1,0,0,0,1,1,Business Administration,female,32,16.0,0.0,0.83,0.0,57.2,0.0,3,0,12,0
S250947,2025,18,4.4,0,1,0,1,0,0,0,Communication & Digital Media,female,41,22.0,1.0,0.83,1.0,61.2,0.0,6,0,12,0
S250948,2025,18,7.2,0,1,0,0,1,0,0,Communication & Digital Media,male,19,8.0,-1.0,0.83,1.0,63.0,0.0,4,0,12,0
S250950,2025,20,9.2,1,1,0,1,0,0,0,Business Administration,male,18,10.0,0.67,0.83,1.0,68.0,0.0,3,0,12,0
S250951,2025,18,8.2,0,1,0,0,1,0,0,Learning & Innovation,female,43,19.0,-1.67,0.83,0.0,66.0,0.0,5,0,12,0
S250952,2025,19,7.3,1,1,0,0,1,0,0,Tourism,male,41,17.0,-2.33,0.67,2.0,65.75,0.0,6,0,12,0
S250953,2025,18,7.7,1,1,0,1,0,0,0,Communication & Digital Media,male,21,9.0,-1.0,0.33,2.0,59.0,0.0,4,0,12,0
S250954,2025,19,4.0,1,0,0,1,0,0,0,Business Administration,female,13,8.0,1.0,0.67,1.0,46.0,0.0,3,0,12,0
S250955,2025,34,9.5,0,1,0,0,1,1,1,Business Administration,male,12,5.0,-0.67,0.5,2.0,68.0,0.0,3,0,12,0
S250956,2025,18,4.8,1,1,0,0,0,0,0,Health Science,female,33,17.0,0.33,0.67,2.0,60.25,0.0,4,0,12,0
S250957,2025,20,7.8,0,1,1,0,1,0,0,Communication & Digital Media,female,39,22.0,1.67,0.67,1.0,66.5,0.0,6,0,12,0
S250958,2025,18,6.9,0,1,0,0,1,0,0,Software,male,24,10.0,-1.33,0.67,1.0,55.75,0.0,3,0,12,0
S250960,2025,20,9.5,0,1,1,1,1,0,0,Sustainable Biotechnology,female,72,33.0,-2.0,1.0,0.0,82.83,0.0,18,0,12,0
S250962,2025,18,5.9,0,1,0,0,0,0,0,Communication & Digital Media,female,54,28.0,0.67,0.83,1.0,57.4,0.0,4,0,12,0
S250963,2025,18,9.9,0,1,1,0,1,0,0,Health Science,female,47,21.0,-1.67,1.0,0.0,79.83,0.0,4,0,12,0
S250965,2025,31,9.0,0,1,0,0,0,0,1,Social Work,male,44,19.0,-2.0,1.0,0.0,65.17,0.0,12,0,12,0
S250966,2025,21,8.3,0,1,1,0,1,0,0,Business Administration,female,28,14.0,0.0,0.67,1.0,61.0,0.0,3,0,12,0
S250969,2025,18,6.5,0,0,0,0,1,0,0,Sustainable Biotechnology,female,42,19.0,-1.33,0.67,0.0,66.75,0.0,6,0,12,0
S250970,2025,43,12.0,0,0,0,0,1,0,0,Health Science,male,49,23.0,-1.0,0.83,0.0,100.0,0.0,4,0,12,0
S250971,2025,18,6.9,0,0,0,0,1,0,0,Health Science,female,38,20.0,0.67,0.83,1.0,59.4,0.0,7,0,12,0
S250972,2025,20,7.0,0,1,1,0,1,0,0,Social Work,female,50,25.0,0.0,1.0,0.0,69.17,0.0,6,0,12,0
S250973,2025,18,8.4,0,1,0,0,0,0,0,Social Work,female,60,31.0,0.67,1.0,0.0,67.0,0.0,6,0,12,0
S250975,2025,44,5.0,0,1,0,0,0,1,1,Social Work,male,19,9.0,-0.33,0.67,0.0,50.5,0.0,4,0,12,0
S250976,2025,18,10.1,1,1,0,0,1,0,0,Communication & Digital Media,female,17,7.0,-1.0,0.5,2.0,71.0,0.0,3,0,12,0
S250977,2025,22,5.9,1,1,0,0,1,0,0,Communication & Digital Media,female,27,13.0,-0.33,0.83,0.0,57.2,0.0,6,0,12,0
S250978,2025,20,9.6,0,1,0,0,0,0,0,Social Work,female,52,23.0,-2.0,0.83,1.0,74.4,0.0,6,0,12,0
S250979,2025,21,7.2,0,1,1,0,1,0,0,Health Science,female,64,31.0,-0.67,0.67,1.0,69.0,0.0,7,0,12,0
S250981,2025,19,9.2,1,1,1,0,1,0,0,Communication & Digital Media,male,35,22.0,3.0,1.0,0.0,72.5,0.0,6,0,12,0
S250982,2025,18,10.5,1,1,0,0,1,0,0,Communication & Digital Media,female,13,6.0,-0.33,0.67,1.0,71.5,0.0,3,0,12,0
S250983,2025,38,8.3,1,1,0,0,0,0,0,Health Science,female,7,3.0,-0.33,1.0,0.0,55.67,0.0,3,0,12,0
S250984,2025,19,5.2,0,0,0,0,0,0,0,Communication & Digital Media,male,29,15.0,0.33,0.67,1.0,59.5,0.0,6,0,12,0
S250985,2025,27,9.2,0,0,0,1,0,0,0,Health Science,male,29,17.0,1.67,0.83,1.0,73.2,0.0,8,0,12,0
S250986,2025,18,8.5,0,1,0,0,1,0,0,Health Science,female,24,13.0,0.67,0.83,1.0,65.6,0.0,6,0,12,0
S250987,2025,32,8.2,0,1,0,0,0,1,1,Social Work,female,40,24.0,2.67,1.0,0.0,73.17,0.0,13,0,12,0
S250990,2025,18,7.1,0,0,0,0,1,0,0,Health Science,male,24,12.0,0.0,1.0,0.0,64.17,0.0,5,0,12,0
S250991,2025,22,7.7,1,1,0,0,1,0,0,Health Science,female,20,8.0,-1.33,0.67,2.0,60.25,0.0,5,0,12,0
S250992,2025,20,7.5,0,0,0,1,0,0,0,Communication & Digital Media,female,35,18.0,0.33,1.0,0.0,64.33,0.0,10,0,12,0
S250993,2025,19,2.3,0,1,0,1,0,0,0,Communication & Digital Media,female,30,16.0,0.67,0.83,1.0,62.0,0.0,5,0,12,0
S250994,2025,19,7.3,0,1,0,0,1,0,0,Health Science,female,25,9.0,-2.33,0.33,2.0,57.5,1.0,7,0,12,0
S250995,2025,18,7.9,0,0,0,0,1,0,0,Tourism,female,27,14.0,0.33,1.0,0.0,62.0,0.0,6,0,12,0
S250996,2025,19,8.8,0,1,0,0,1,0,0,Health Science,female,42,16.0,-3.33,0.83,0.0,62.8,0.0,8,0,12,0
S250997,2025,28,8.2,0,1,0,0,1,0,0,Health Science,female,34,23.0,4.0,0.17,2.0,61.0,0.0,4,0,12,0
S250998,2025,18,8.9,1,1,1,0,1,0,0,Communication & Digital Media,male,41,19.0,-1.0,1.0,0.0,75.5,0.0,6,0,12,0
S250999,2025,28,4.1,0,1,0,0,0,0,0,Software,male,22,7.0,-2.67,0.5,2.0,53.33,0.0,3,0,7,1
S251000,2025,18,7.2,0,1,1,0,1,0,0,Health Science,female,31,15.0,-0.33,1.0,0.0,72.67,0.0,8,0,12,0
S251001,2025,27,2.5,0,1,0,0,0,0,1,Social Work,female,27,13.0,-0.33,1.0,0.0,46.17,0.0,4,0,12,0
S251002,2025,19,8.3,0,1,0,0,1,0,0,Sustainable Biotechnology,female,45,26.0,2.33,1.0,0.0,67.83,0.0,6,0,12,0
S251003,2025,21,8.6,1,0,0,0,1,0,0,Social Work,female,25,14.0,1.0,1.0,0.0,72.33,0.0,5,0,12,0
S251004,2025,21,6.5,0,1,1,0,1,0,0,Communication & Digital Media,female,62,29.0,-1.33,1.0,0.0,62.5,0.0,12,0,12,0
S251005,2025,18,9.5,1,0,0,1,0,0,0,Business Administration,male,19,9.0,-0.33,1.0,0.0,74.83,0.0,3,0,12,0
S251006,2025,28,9.2,0,1,0,0,0,0,1,Business Administration,female,41,18.0,-1.67,1.0,0.0,75.17,0.0,1,1,9,1
S251009,2025,31,3.8,0,1,1,0,0,1,1,Social Work,female,33,14.0,-1.67,1.0,0.0,64.83,0.0,6,0,12,0
S251010,2025,19,7.6,0,1,0,0,0,0,0,Social Work,female,56,23.0,-3.33,1.0,0.0,64.33,0.0,8,0,12,0
S251011,2025,24,6.0,1,1,0,1,0,0,1,Social Work,female,22,16.0,3.33,0.83,1.0,60.2,0.0,6,0,12,0
S251012,2025,18,5.0,0,0,0,0,0,0,0,Health Science,male,29,11.0,-2.33,1.0,0.0,55.0,0.0,6,0,12,0
S251013,2025,20,10.5,0,0,0,0,1,0,0,Sustainable Biotechnology,female,9,7.0,1.67,0.33,1.0,72.5,0.0,3,0,12,0
S251014,2025,18,8.6,0,0,0,0,1,0,0,Tourism,female,55,31.0,2.33,1.0,0.0,70.33,0.0,6,0,12,0
S251015,2025,19,8.4,0,1,1,0,1,0,0,Business Administration,female,34,19.0,1.33,1.0,0.0,70.5,0.0,4,0,12,0
S251016,2025,19,5.9,0,1,1,0,1,0,0,Communication & Digital Media,female,54,28.0,0.67,1.0,0.0,69.67,0.0,6,0,12,0
S251017,2025,18,8.3,0,1,1,0,1,0,0,Business Administration,female,26,13.0,0.0,1.0,0.0,66.33,0.0,5,0,12,0
S251018,2025,20,5.6,0,1,1,0,0,0,1,Social Work,female,40,19.0,-0.67,0.5,3.0,51.67,0.0,6,0,12,0
S251019,2025,18,3.9,0,1,1,0,1,0,0,Learning & Innovation,female,39,16.0,-2.33,0.83,1.0,43.6,0.0,7,0,12,0
S251020,2025,40,3.9,0,1,0,0,0,1,0,Health Science,female,38,22.0,2.0,1.0,0.0,55.0,0.0,5,0,12,0
S251021,2025,18,9.5,0,1,1,0,0,0,0,Health Science,female,42,23.0,1.33,0.67,1.0,76.75,0.0,7,0,12,0
S251022,2025,18,8.4,0,1,0,0,1,0,0,Social Work,female,78,37.0,-1.33,1.0,0.0,65.67,0.0,6,0,12,0
S251023,2025,18,8.3,0,0,0,0,1,0,0,Health Science,female,48,20.0,-2.67,1.0,0.0,69.17,0.0,7,0,12,0
S251024,2025,35,4.9,1,1,0,0,0,0,1,Business Administration,female,25,12.0,-0.33,1.0,0.0,66.5,0.0,3,0,12,0
S251026,2025,20,7.3,0,1,0,0,0,0,0,Business Administration,female,43,23.0,1.0,1.0,0.0,60.0,0.0,5,0,12,0
S251027,2025,18,5.9,0,1,0,0,1,0,0,Tourism,male,36,20.0,1.33,0.5,1.0,52.0,0.0,5,1,11,1
S251028,2025,18,5.2,0,1,0,0,1,0,1,Social Work,female,28,13.0,-0.67,0.83,1.0,67.2,0.0,4,0,12,0
S251029,2025,19,7.2,0,1,1,0,0,0,0,Social Work,female,52,31.0,3.33,1.0,0.0,65.5,0.0,6,0,12,0
S251030,2025,20,5.6,1,0,0,1,0,0,0,Sustainable Biotechnology,female,37,16.0,-1.67,1.0,0.0,67.0,0.0,5,0,12,0
S251031,2025,28,2.2,0,1,0,1,0,0,0,Communication & Digital Media,female,35,18.0,0.33,0.67,2.0,55.0,0.0,5,0,12,0
S251032,2025,18,5.3,0,1,0,0,1,0,0,Communication & Digital Media,female,46,22.0,-0.67,0.83,1.0,59.8,0.0,6,0,12,0
S251033,2025,18,7.4,0,1,1,0,0,0,0,Communication & Digital Media,female,58,31.0,1.33,0.83,0.0,70.8,0.0,5,0,12,0
S251034,2025,19,10.7,0,1,0,0,1,0,0,Tourism,female,46,26.0,2.0,1.0,0.0,84.83,0.0,6,0,12,0
S251035,2025,18,7.5,0,1,0,0,1,0,0,Health Science,female,34,14.0,-2.0,0.83,0.0,68.0,0.0,6,0,12,0
S251036,2025,21,10.2,0,1,1,0,1,0,0,Health Science,female,22,10.0,-0.67,0.83,1.0,72.0,0.0,3,0,12,0
S251037,2025,24,3.6,1,0,0,1,0,0,0,Software,male,34,16.0,-0.67,1.0,0.0,58.33,0.0,7,0,12,0
S251038,2025,29,12.0,0,0,0,0,0,0,0,Health Science,female,51,23.0,-1.67,0.83,0.0,86.2,0.0,7,0,12,0
S251039,2025,21,6.9,0,1,0,0,1,0,0,Business Administration,male,15,7.0,-0.33,0.33,3.0,64.5,0.0,2,1,7,1
S251040,2025,22,6.1,1,1,0,0,1,0,0,Tourism,female,53,27.0,0.33,1.0,0.0,65.67,0.0,6,0,12,0
S251041,2025,41,11.8,0,1,0,1,0,1,0,Software,male,19,10.0,0.33,0.67,1.0,82.25,0.0,5,1,11,1
S251042,2025,18,7.2,0,0,1,0,1,0,0,Communication & Digital Media,female,48,24.0,0.0,0.83,0.0,64.6,0.0,6,0,12,0
S251043,2025,24,7.5,1,1,0,0,0,0,0,Sustainable Biotechnology,male,12,7.0,0.67,0.67,1.0,56.5,1.0,7,0,12,0
S251044,2025,20,7.1,0,1,0,0,0,0,0,Health Science,female,13,9.0,1.67,0.5,2.0,67.33,0.0,6,0,12,0
S251045,2025,18,12.0,1,0,0,0,0,0,0,Health Science,female,27,11.0,-1.67,1.0,0.0,96.33,0.0,6,0,12,0
S251047,2025,35,6.8,0,1,0,0,0,1,0,Business Administration,female,22,10.0,-0.67,0.67,1.0,69.5,0.0,3,0,12,0
S251048,2025,21,3.9,1,0,0,1,0,0,0,Software,male,18,11.0,1.33,0.67,1.0,58.25,0.0,3,0,12,0
S251049,2025,26,5.3,0,1,1,0,0,0,0,Health Science,female,36,15.0,-2.0,0.67,1.0,54.25,0.0,6,0,12,0
